seg_idx,t_start_s,t_end_s,t_start_device_ns,t_end_device_ns,transcript,gaze_yaw_mean_rad,gaze_pitch_mean_rad,gaze_depth_mean_m,gaze_yaw_std_rad,head_accel_mag_mean,head_gyro_mag_mean,gps_speed_mps,body_state,lat,lon,left_hand_visible_frac,right_hand_visible_frac,discourse_level,discourse_label,discourse_confidence,seg_dur_s,f0_mean_hz,f0_std_hz,f0_range_hz,voiced_frac,energy_mean,energy_std,pause_frac,ser_arousal,ser_dominance,ser_valence,lang,level,label,confidence,rationale
0,8.97,10.87,468473220854,470371220854,Espérate que no ha empezado a recordar.,-0.2511,-0.4529,0.264,0.0302,9.802,0.0593,1.714,walking,45.9526863,8.9289722,0.0,1.0,3,aside,0.95,1.9,98.7,9.2,49.5,1.0,0.01461,0.00762,0.0,0.0878,0.2461,0.4436,es,3,aside,0.95,Waiting for device to record.
1,14.54,19.02,474037220854,478522220854,"A ver si se conecta, espera, que no se me conecta ahora.",-0.1868,-0.3755,0.362,0.051,9.817,0.2539,1.403,walking,45.9527473,8.9290028,0.244,1.0,3,aside,0.95,4.48,92.6,21.1,58.4,0.66,0.01171,0.00977,0.298,0.2559,0.3436,0.3013,es,3,aside,0.95,Troubleshooting device connection.
2,20.96,24.95,480455220854,484446220854,si no se conecta vamos a la iglesia y volvemos en el momento en que se conecte,-0.0187,-0.3183,0.377,0.3497,9.817,0.0677,0.59,walking,45.9527626,8.92904,0.0,1.0,3,aside,0.95,3.99,292.8,40.2,120.9,0.352,0.00389,0.00113,0.0,0.3913,0.3793,0.3747,es,3,aside,0.95,Contingency plan due to tech issue.
3,29.08,29.8,488577220854,489304220854,"Espera, no se...",-0.1512,-0.5351,0.25,0.0537,9.934,0.4317,0.449,scanning,45.9527664,8.9290438,0.0,1.0,3,aside,0.95,0.72,112.0,8.3,38.2,0.913,0.02152,0.00901,0.087,0.3981,0.4562,0.3724,es,3,aside,0.95,Still addressing device connection issue.
4,30.03,30.84,489530220854,490340220854,la mia mi sta facendo il searching ora,-0.1115,-0.6855,0.378,0.0411,9.918,0.626,0.371,scanning,45.9527702,8.9290419,0.0,1.0,3,aside,0.95,0.81,106.3,6.1,32.0,1.0,0.01655,0.00555,0.0,0.3109,0.3785,0.4493,it,3,aside,0.95,Device searching/connecting status.
5,32.93,33.33,492432220854,492833220854,Ma puoi iniziare.,-0.0384,-0.5576,0.278,0.049,10.165,0.7221,0.449,scanning,45.9527702,8.9290352,0.0,1.0,3,aside,0.95,0.4,229.1,13.9,65.6,1.0,0.01219,0.00422,0.0,,,,it,3,aside,0.95,Giving permission to start.
6,33.37,33.62,492873220854,493114220854,Io inizio?,-0.0042,-0.3824,0.27,0.0126,9.692,0.1538,0.431,dwelling,45.952774,8.929039,0.0,1.0,3,aside,0.95,0.25,137.8,19.7,43.6,1.0,0.00334,0.00055,0.0,,,,it,3,aside,0.95,Asking for confirmation to start.
7,33.66,34.16,493154220854,493655220854,"Sì, tranquillamente.",0.0149,-0.389,0.259,0.0365,9.853,0.1665,0.431,dwelling,45.952774,8.929039,0.0,1.0,3,aside,0.95,0.5,,,,0.0,0.00275,0.00041,0.0,0.5916,0.5275,0.456,it,3,aside,0.95,Confirming permission to start.
8,34.2,35.2,493695220853,494697220854,Funziona e non lo pago fino a...,0.0098,-0.4114,0.275,0.1331,9.725,0.4146,0.431,scanning,45.9527779,8.9290438,0.0,1.0,3,aside,0.9,1.0,237.5,7.9,24.7,0.5,0.00466,0.00244,0.0,0.4698,0.5594,0.6852,it,3,aside,0.9,Off-topic comment about device/payment.
9,39.87,40.39,499368220854,499890220854,L'italiano mi sembra.,-0.0957,-0.6834,0.294,0.0413,9.753,0.0251,0.0,dwelling,45.9527855,8.9290447,1.0,1.0,3,aside,0.95,0.52,256.6,9.0,25.3,1.0,0.0048,0.00102,0.0,0.545,0.4837,0.4257,it,3,aside,0.95,Comment about language choice.
10,47.67,51.16,507171220854,510659220854,"Il linguaggio va bene, cosa volete che parli?",-0.0921,-0.6238,0.29,0.0158,9.75,0.0165,0.0,dwelling,45.9527855,8.9290419,1.0,1.0,3,aside,0.95,3.49,259.1,60.4,156.3,0.309,0.00367,0.00168,0.0,0.6373,0.5763,0.7381,it,3,aside,0.95,Asking about preferred language for tour.
11,51.22,53.71,510719220854,513205220854,"Il spagnolo mi viene bene, perché voi due siete, tu capisci, tu non puoi.",-0.0924,-0.545,0.258,0.0152,9.751,0.0174,0.0,dwelling,45.9527855,8.9290409,1.0,1.0,3,aside,0.95,2.49,178.4,43.5,166.0,0.731,0.00658,0.00306,0.0,0.4961,0.4505,0.521,it,3,aside,0.95,Explaining language choice for audience.
12,55.99,57.8,515490220854,517297220854,inglese se volete però italiano,-0.075,-0.5626,0.274,0.047,9.747,0.0285,0.0,dwelling,45.9527855,8.9290409,1.0,1.0,3,aside,0.95,1.81,261.6,18.6,64.0,0.351,0.00461,0.00103,0.0,0.6348,0.5648,0.5776,it,3,aside,0.95,Offering language choices.
13,60.37,61.78,519871220854,521276220854,Empezamos por la forma de la montaña.,-0.0787,-0.5308,0.26,0.0294,9.749,0.0308,0.0,dwelling,45.9527855,8.92904,1.0,1.0,1,concrete,1.0,1.41,73.9,10.7,35.8,0.4,0.00315,0.00059,0.0,0.6114,0.5652,0.7256,es,1,concrete,1.0,States the concrete starting point for the walk.
14,67.26,69.25,526759220854,528749220854,"Al principio, antes de la vida y la forma de la montaña, la geomorfología.",-0.0792,-0.6157,0.33,0.0222,9.75,0.036,0.448,dwelling,45.9527702,8.9290543,1.0,1.0,2,contextual,1.0,1.99,259.4,23.5,85.8,0.619,0.00411,0.00136,0.0,0.5954,0.5782,0.673,es,2,contextual,1.0,General contextual framing of the mountain's formation.
15,71.64,77.43,531140220854,536932220854,"Cualquier lugar, la identidad de un lugar, la fuerza de un lugar, viene de la forma de la montaña.",0.2184,-0.1223,0.949,0.1724,9.911,0.338,0.148,scanning,45.9527588,8.9290619,0.241,0.31,2,contextual,0.9,5.79,226.8,20.4,125.3,0.652,0.0041,0.00104,0.0,0.5849,0.5906,0.5128,es,2,contextual,0.9,Generalization about mountain shape's influence.
16,77.95,83.4,537452220854,542897220854,Y la forma de la montaña determina la manera en que el agua cae.,-0.0308,-0.3576,0.593,0.1958,9.871,0.832,0.443,scanning,45.9527626,8.9290485,0.0,0.727,2,contextual,0.9,5.45,199.7,76.6,220.2,0.696,0.00425,0.00118,0.0,0.422,0.4521,0.5198,es,2,contextual,0.9,Generalization about mountain shape determining water.
17,83.42,83.68,542917220854,543178220854,Ves acá.,-0.1726,-0.6977,0.297,0.0021,9.754,0.0308,0.448,dwelling,45.9527512,8.9290504,0.0,1.0,3,aside,0.9,0.26,,,,0.0,0.00349,0.00064,0.0,,,,es,3,aside,0.9,Procedural instruction to observe.
18,84.81,89.77,544308220854,549265220854,A veces es un movimiento que va bajando.,0.0629,-0.3827,0.61,0.2543,9.889,0.7027,0.074,scanning,45.9527473,8.9290543,0.245,0.551,1,concrete,0.9,4.96,222.2,30.3,104.9,0.333,0.00323,0.00118,0.0,0.4032,0.424,0.4732,es,1,concrete,0.9,Describes observed physical movement.
19,89.79,89.97,549285220854,549466220854,Esto...,-0.1012,-0.4964,0.233,0.0,9.816,0.1844,0.074,dwelling,45.9527512,8.9290533,1.0,1.0,3,aside,0.9,0.18,,,,0.0,0.00251,0.00027,0.0,,,,es,3,aside,0.9,"Filler, incomplete thought."
20,90.03,91.95,549530220854,551454220854,"es el producto de la forma de la montaña, que va moldeándose gracias a la caída del agua.",-0.1752,-0.3631,0.479,0.0924,9.826,0.4255,0.221,scanning,45.9527512,8.9290533,0.474,0.526,1,concrete,0.9,1.92,289.3,16.9,49.8,0.262,0.00481,0.00149,0.0,0.6492,0.623,0.6861,es,1,concrete,0.9,Explains feature formation process.
21,98.3,100.72,557799220854,560223220854,y la combinación entre la caída del agua y la forma de la montaña genera,-0.1193,-0.222,0.821,0.0921,10.091,0.3888,0.974,walking,45.952755,8.9291153,0.0,0.0,1,concrete,0.9,2.42,243.8,45.8,157.2,0.632,0.00385,0.00129,0.0,0.5729,0.5697,0.6306,es,1,concrete,0.9,Explains physical interaction mechanism.
22,105.05,106.87,564549220854,566373220854,la forma básica y el plano,-0.2221,-0.1976,0.616,0.27,9.942,0.6817,0.518,walking,45.9527893,8.9291573,0.0,0.0,1,concrete,0.9,1.82,255.5,34.8,201.5,0.667,0.00445,0.00204,0.0,0.4785,0.4698,0.3958,es,1,concrete,0.9,Describes tangible physical form.
23,109.96,113.7,569459220854,573204220854,del bosque desde el cual toda la vida se levanta y se activa.,0.1756,-0.1994,0.846,0.1777,9.964,0.2558,0.479,scanning,45.952774,8.9291801,0.0,0.0,1,concrete,0.9,3.74,231.4,46.8,226.7,0.761,0.00448,0.00126,0.0,0.5855,0.5924,0.6288,es,1,concrete,0.9,Describes physical foundation for life.
24,113.84,119.33,573344220854,578824220854,"O sea, si tú no miras esa, si tú no reconoces de dónde viene el agua,",0.0374,-0.1093,1.058,0.3581,9.944,0.5157,0.074,scanning,45.952774,8.9291811,0.0,0.0,2,contextual,0.9,5.49,267.5,35.8,170.5,0.727,0.00485,0.00156,0.0,0.598,0.5986,0.5878,es,2,contextual,0.9,Hypothetical framing of significance.
25,120.07,121.92,579570220854,581415220854,"Ni siquiera vas a poder construir una aldea, ni siquiera vas a tener agua ni nada.",0.2419,-0.0276,1.222,0.1967,10.05,0.4267,0.443,scanning,45.952774,8.9291649,0.0,0.0,2,contextual,0.9,1.85,253.7,39.5,140.2,0.983,0.0028,0.00122,0.0,0.5273,0.5162,0.462,es,2,contextual,0.9,Generalization about practical implications.
26,124.4,124.9,583901220854,584402220854,"Entonces, ahí ¿qué vemos?",-0.1941,-0.0018,1.212,0.0359,9.893,0.3432,0.516,walking,45.952774,8.9291639,0.0,0.0,3,aside,0.9,0.5,284.2,2.0,4.9,0.312,0.0024,0.00057,0.0,0.4609,0.4029,0.5984,es,3,aside,0.9,Procedural question to prompt observation.
27,124.92,129.21,584422220854,588710220854,"Vemos un hundimiento, vemos una caída.",-0.1262,-0.0486,1.562,0.0727,9.999,0.2128,0.516,walking,45.9527779,8.9291744,0.0,0.0,1,concrete,0.9,4.29,274.6,36.9,184.3,0.637,0.00342,0.00105,0.0,0.5697,0.5547,0.4986,es,1,concrete,0.9,Describes observable physical features.
28,129.21,136.07,588710220854,595573220854,"Y eso ha sido reconocido, entendido y codificado a través de una fuente.",0.1573,-0.3286,0.712,0.1037,9.961,0.1043,0.074,dwelling,45.952774,8.929183,0.0,0.0,2,contextual,0.9,6.86,227.9,28.7,156.3,0.54,0.004,0.00041,0.0,0.5047,0.5066,0.5121,es,2,contextual,0.9,Historical/cultural context of human understanding.
29,136.23,139.02,595733220854,598518220854,y en época antigua siempre hay seres y personajes que están asociados a eso.,0.0202,-0.1966,0.617,0.0868,9.98,0.2016,0.073,dwelling,45.952774,8.9291801,0.0,0.0,2,contextual,0.9,2.79,255.1,33.1,182.8,0.602,0.00387,0.00064,0.0,0.5504,0.56,0.4411,es,2,contextual,0.9,Historical/cultural association with phenomena.
30,139.32,143.93,598818220854,603426220854,Ven acá que la fuente,-0.1735,-0.2148,0.664,0.0377,9.985,0.2428,0.424,dwelling,45.9527817,8.9291849,0.0,0.0,3,aside,0.9,4.61,264.0,71.9,215.9,0.317,0.00278,0.00085,0.0,0.6635,0.6512,0.8226,es,3,aside,0.9,Invites to look at the object
31,144.07,147.24,603566220854,606737220854,"Tiene dos personajes, ¿cierto?",-0.1832,-0.2453,0.562,0.1991,9.988,0.6099,0.442,scanning,45.9527817,8.9292021,0.0,0.0,1,concrete,0.95,3.17,295.9,46.7,164.2,0.63,0.00301,0.00115,0.0,0.637,0.6133,0.7053,es,1,concrete,0.95,Describes a feature of the fountain
32,147.28,149.97,606777220854,609466220854,Que va que de ellos viene y sale el agua.,-0.1515,-0.1707,0.535,0.2141,9.877,0.6464,0.739,walking,45.9527817,8.9292269,0.0,0.0,1,concrete,0.95,2.69,237.8,15.1,59.0,0.718,0.00481,0.00151,0.0,0.726,0.7294,0.3213,es,1,concrete,0.95,Describes how the fountain works
33,151.7,152.3,611201220854,611803220854,"O sea, el bosque es algo vivo.",-0.3589,-0.0592,0.991,0.1453,10.114,1.3272,0.812,walking,45.9527702,8.9292479,0.0,0.0,2,contextual,0.9,0.6,,,,0.0,0.00619,0.00134,0.0,0.6208,0.5458,0.4837,es,2,contextual,0.9,"General statement, framing a concept"
34,152.32,152.62,611823220854,612123220854,No solamente...,-0.1613,-0.1538,0.6,0.0185,9.35,0.3966,0.517,walking,45.9527664,8.9292469,0.0,0.0,3,aside,0.85,0.3,256.8,18.0,47.0,1.0,0.00637,0.00182,0.0,,,,es,3,aside,0.85,"Incomplete thought, self-correction"
35,156.32,159.46,615824220854,618958220854,por la combinación entre agua y elementos minerales.,0.0444,-0.0357,0.802,0.1007,9.99,0.3572,0.669,walking,45.9527435,8.9292297,0.0,0.0,2,contextual,0.9,3.14,233.9,21.2,91.0,0.949,0.00425,0.00108,0.0,0.6141,0.5905,0.5395,es,2,contextual,0.9,Explains a general principle for life
36,160.87,167.9,620364220854,627394220854,"que producen toda la vida y todo el bosque, sino en las primeras representaciones de la vida.",0.0819,-0.2729,0.639,0.1557,9.947,0.3149,0.425,scanning,45.9527435,8.9291992,0.014,0.0,2,contextual,0.85,7.03,232.6,40.6,233.6,0.859,0.00359,0.00133,0.0,0.546,0.5561,0.5067,es,2,contextual,0.85,Explains broader significance and representations
37,168.06,171.24,627554220854,630741220854,Ese es un punto súper importante.,0.0017,-0.2603,0.557,0.2154,9.96,0.5814,0.424,scanning,45.9527435,8.9292154,0.0,0.0,3,aside,0.9,3.18,235.7,29.8,115.9,1.0,0.00336,0.00075,0.0,0.6394,0.5881,0.5313,es,3,aside,0.9,Meta-comment about importance of point
38,171.26,173.93,630761220854,633426220854,Y esas representaciones se mantienen a lo largo de los siglos.,0.0828,-0.1409,0.638,0.2469,9.955,0.5478,0.424,scanning,45.9527512,8.9292126,0.0,0.0,2,contextual,0.9,2.67,220.6,28.1,86.8,0.81,0.00302,0.00068,0.0,0.6049,0.6398,0.512,es,2,contextual,0.9,Provides historical context of representations
39,174.19,179.97,633687220854,639466220854,"Esta fuente no es tan antigua, pero mantiene una forma ancestral",0.1241,-0.0853,0.698,0.0861,9.947,0.0568,0.0,dwelling,45.952755,8.9292097,0.0,0.0,2,contextual,0.85,5.78,240.8,45.8,215.6,0.68,0.00347,0.00089,0.0,0.5684,0.5734,0.3963,es,2,contextual,0.85,Connects object to ancestral/historical context
40,180.03,180.51,639530220854,640011220854,cómo nació todo eso.,-0.1645,-0.307,0.616,0.1233,9.92,0.0582,0.0,dwelling,45.952755,8.9292097,0.0,0.0,2,contextual,0.8,0.48,226.5,23.2,66.5,1.0,0.00449,0.00179,0.0,0.6757,0.6084,0.5501,es,2,contextual,0.8,Frames discussion about origins/history
41,180.53,182.33,640031220854,641832220854,"Entonces, quien pasaba por aquí veía eso y después miraba atrás y decía, ah, claro.",0.145,-0.3104,0.526,0.035,9.953,0.0915,0.0,dwelling,45.952755,8.9292097,0.0,0.0,2,contextual,0.85,1.8,222.2,24.6,88.5,0.386,0.00272,0.00048,0.0,0.5764,0.5864,0.5464,es,2,contextual,0.85,Illustrates historical perception/connection
42,187.85,189.21,647349220854,648712220854,O sea que quien sigue esta línea de la montaña,0.029,-0.6633,0.503,0.1006,9.883,0.8809,0.0,scanning,45.952755,8.9292097,0.0,0.0,2,contextual,0.85,1.36,174.5,9.2,36.2,0.395,0.00179,0.00063,0.0,0.619,0.596,0.7407,es,2,contextual,0.85,Continues hypothetical scenario/principle
43,192.34,197.66,651838220854,657155220854,arriba en el medio camino o abajo va a poder construir una aldea.,0.1621,-0.3483,0.604,0.2177,9.888,0.5856,0.0,scanning,45.952755,8.9292088,0.0,0.038,2,contextual,0.85,5.32,233.0,36.0,195.2,0.832,0.005,0.00162,0.0,0.5719,0.5786,0.5926,es,2,contextual,0.85,Explains outcome based on landscape
44,198.6,202.53,658104220854,662033220854,no vas a poder vivir si no estás cerca del agua.,0.1656,-0.2739,0.613,0.263,9.947,0.5738,0.0,scanning,45.952755,8.9292078,0.0,0.0,2,contextual,0.9,3.93,224.1,29.5,116.6,0.919,0.00435,0.00119,0.0,0.6615,0.6201,0.7385,es,2,contextual,0.9,General principle about human survival
45,202.57,206.18,662073220854,665681220854,"Entonces, el primer mapeo cuando tú caminas en un bosque es dónde está el agua, ¿no?",0.0979,-0.3588,0.599,0.3229,9.926,0.3893,0.0,scanning,45.952755,8.9292078,0.0,0.0,2,contextual,0.9,3.61,217.6,26.4,100.3,0.903,0.00421,0.00135,0.0,0.4849,0.5019,0.4678,es,2,contextual,0.9,General observation principle for forest understanding.
46,206.5,209.14,666003220854,668640220854,"O sea, lo llamamos hidrografía,",-0.003,-0.2161,0.62,0.4142,9.946,0.4308,0.0,scanning,45.952755,8.9292078,0.0,0.0,1,concrete,0.9,2.64,232.7,21.6,108.2,0.783,0.00423,0.00219,0.0,0.4913,0.484,0.4789,es,1,concrete,0.9,Names the subject: study of water.
47,210.03,215.74,669530220854,675235220854,"le damos todos los nombres del mundo, pero realmente es el camino del agua que determina",0.0887,-0.4841,0.538,0.2618,9.849,0.5833,0.0,scanning,45.952755,8.9292078,0.0,0.0,1,concrete,0.9,5.71,235.8,32.6,165.5,0.81,0.00383,0.00183,0.073,0.587,0.5525,0.6433,es,1,concrete,0.9,Explains water's fundamental role in shaping.
48,215.84,219.43,675335220854,678927220854,la forma del bosque y el camino de la vida de los humanos también.,-0.2106,-0.2849,0.648,0.116,9.881,0.3699,0.0,scanning,45.952755,8.9292078,0.0,0.194,1,concrete,0.9,3.59,231.6,32.2,165.9,0.92,0.00304,0.00088,0.009,0.5292,0.528,0.618,es,1,concrete,0.9,Describes water's physical impact on landscape/life.
49,223.28,228.48,682777220854,687977220854,"Y además no es tampoco la tierra, porque esta tierra que vemos...",-0.0712,-0.438,0.556,0.2195,9.918,0.7128,0.434,scanning,45.9527817,8.9291945,0.0,0.0,2,contextual,0.9,5.2,272.6,44.8,177.8,0.699,0.00362,0.00151,0.0,0.6564,0.5673,0.5965,es,2,contextual,0.9,Frames a new contrasting point about soil.
50,229.38,232.41,688879220854,691904220854,Eso que se llama humus realmente es gente muerta.,-0.1858,-0.3868,0.485,0.1453,9.772,0.4073,0.479,scanning,45.952774,8.9292116,0.0,0.129,1,concrete,0.9,3.03,288.8,39.6,127.2,0.684,0.00462,0.00203,0.0,0.6986,0.6696,0.6306,es,1,concrete,0.9,Defines humus as concrete dead matter.
51,232.49,234.29,691984220854,693787220854,"O sea, esos son árboles que han muerto.",-0.144,-0.1043,0.787,0.0767,9.882,0.4016,0.147,scanning,45.952774,8.9292088,0.0,0.0,1,concrete,0.9,1.8,273.9,29.3,85.9,0.842,0.00685,0.00194,0.0,0.6195,0.6248,0.4635,es,1,concrete,0.9,Identifies components: dead trees specifically.
52,234.99,239.97,694488220854,699466220854,"Estamos caminando encima de los árboles muertos, de lo que queda del cementerio de los árboles.",0.0366,-0.3262,0.544,0.1945,9.85,0.3062,0.0,scanning,45.952774,8.929203,0.0,0.0,1,concrete,0.9,4.98,248.8,53.6,230.9,0.859,0.00582,0.00259,0.0,0.6787,0.6245,0.6611,es,1,concrete,0.9,Describes the physical surroundings (dead trees).
53,240.05,241.78,699550220854,701275220854,entonces la ley que hace funcionar todo eso no solamente es el sol,0.0767,-0.11,0.728,0.1902,9.882,0.4777,0.0,scanning,45.952774,8.929203,0.0,0.0,2,contextual,0.9,1.73,244.4,21.9,63.8,0.364,0.00435,0.00179,0.0,0.5226,0.5158,0.3052,es,2,contextual,0.9,General statement about ecosystem's driving laws.
54,246.76,249.36,706263220854,708855220854,"y la temperatura, que en este caso es estacional, en la presencia de agua.",-0.2348,-0.2042,0.643,0.1547,9.931,0.4231,0.0,scanning,45.9527702,8.9292021,0.0,0.192,2,contextual,0.9,2.6,185.2,14.3,60.5,0.988,0.00368,0.00118,0.0,0.5189,0.5293,0.4851,es,2,contextual,0.9,Lists general drivers and provides context.
55,252.03,258.0,711528220854,717501220854,"Sin ese camino, nunca habría un bosque de esta magnitud y de esta diversidad.",0.1013,-0.2527,0.769,0.2069,9.896,0.2496,0.0,dwelling,45.9527702,8.9292021,0.0,0.0,2,contextual,0.9,5.97,239.2,49.4,210.3,0.824,0.00391,0.00122,0.0,0.5019,0.5237,0.511,es,2,contextual,0.9,General principle of water's critical importance.
56,259.74,261.21,719240220854,720713220854,y además el agua,0.2649,-0.1721,0.962,0.0934,10.01,0.1098,0.0,dwelling,45.9527702,8.9292011,0.0,0.0,1,concrete,0.9,1.47,235.6,23.5,92.0,1.0,0.00486,0.00214,0.0,0.5312,0.5264,0.5934,es,1,concrete,0.9,Introduces agent for water's physical action.
57,262.24,269.97,721737220854,729466220853,"puede literalmente diseñar caminos en la roca, si lo quiere.",-0.0556,-0.3184,0.639,0.317,9.93,0.6953,0.0,scanning,45.9527702,8.9292011,0.0,0.0,1,concrete,0.9,7.73,203.4,21.5,153.8,0.504,0.00307,0.00146,0.004,0.442,0.4584,0.5798,es,1,concrete,0.9,Describes water's concrete action shaping rock.
58,270.03,271.47,729530220854,730972220854,"Fuente ha sido modificada, maltratada, alterada cinco mil veces.",0.0942,0.013,0.997,0.2461,9.929,0.594,0.0,scanning,45.9527702,8.9292021,0.0,0.0,2,contextual,0.9,1.44,211.7,19.2,73.4,0.804,0.00403,0.00102,0.0,0.6535,0.6303,0.5598,es,2,contextual,0.9,Historical context of specific feature (Fuente).
59,274.74,281.69,734238220853,741192220854,"pero ha mantenido un diseño, un camino, que fue el camino originario de esta agua.",-0.0748,-0.1644,0.71,0.2257,9.98,0.7043,0.0,scanning,45.9527702,8.9292021,0.0,0.0,2,contextual,0.9,6.95,233.7,32.5,157.5,0.734,0.00327,0.00161,0.0,0.6248,0.5872,0.6038,es,2,contextual,0.9,Explains feature's enduring original path despite changes.
60,281.79,283.2,741292220854,742696220854,que baja como por un microcañón.,0.0858,-0.2299,0.526,0.0533,9.985,0.2332,0.442,dwelling,45.9527702,8.9291935,0.0,0.0,1,concrete,0.95,1.41,216.6,16.1,45.0,0.911,0.00313,0.00077,0.0,0.7261,0.662,0.6941,es,1,concrete,0.95,Describes a physical feature/pathway.
61,287.83,293.02,747329220854,752517220854,"Ah, pero si quieres hablar en italiano también puedes hablar en italiano.",-0.0333,-0.2082,0.553,0.126,9.981,0.6965,0.479,scanning,45.9527664,8.9291754,0.0,0.0,3,aside,0.95,5.19,143.3,32.5,197.7,0.712,0.03067,0.02283,0.313,0.5045,0.518,0.5752,es,3,aside,0.95,Metalinguistic comment about language choice.
62,293.08,293.52,752577220854,753018220854,Puedes cambiar.,0.0609,-0.1474,0.454,0.1556,9.841,0.573,0.447,scanning,45.952774,8.929162,0.0,0.0,3,aside,0.95,0.44,133.3,15.4,65.4,1.0,0.04133,0.01542,0.0,0.405,0.4307,0.5964,es,3,aside,0.95,Procedural comment about language.
63,295.53,297.5,755028220854,756996220854,"sí, natural",-0.1694,-0.218,0.7,0.272,10.032,0.7837,0.448,scanning,45.9527779,8.9291573,0.0,0.35,3,aside,0.9,1.97,189.3,47.6,168.6,1.0,0.01266,0.01601,0.516,0.436,0.4231,0.4633,es,3,aside,0.9,"Filler or agreement, off-topic."
64,300.05,302.19,759550220854,761694220854,"Il bosco nasce come una rete biotica, è una rete della vita che si forma sulla rete dell'acqua.",-0.1019,-0.2503,0.565,0.2443,9.88,0.563,0.729,walking,45.9527855,8.9291306,0.0,0.0,2,contextual,0.95,2.14,259.0,27.4,154.1,0.791,0.00339,0.00077,0.0,0.635,0.5975,0.6758,it,2,contextual,0.95,Generalization about forest formation based on water.
65,308.75,310.74,768254220854,770239220854,e la diversità di forme di vita dipende dalla qualità dell'acqua e dalla qualità,-0.0714,-0.4035,0.42,0.066,9.991,0.4497,0.918,walking,45.9528198,8.9290628,0.0,0.0,2,contextual,0.95,1.99,247.2,28.7,107.5,0.952,0.00375,0.00076,0.0,0.6263,0.5686,0.7242,it,2,contextual,0.95,Generalization about biodiversity's dependence on quality.
66,316.75,323.56,776253220854,783062220854,qualità della temperatura e qui abbiamo una bellissima composizione litica di rocce i cui minerali,-0.0314,-0.2195,0.668,0.198,9.91,0.6261,0.481,scanning,45.9528618,8.929038,0.029,0.0,1,concrete,0.9,6.81,214.8,35.6,161.9,0.469,0.00297,0.00063,0.0,0.6463,0.628,0.7048,it,1,concrete,0.9,Describes specific rock composition and properties.
67,324.7,326.77,784204220854,786273220854,sostengono molto bene la vita.,-0.2032,-0.2577,0.568,0.1445,10.044,0.7029,0.668,walking,45.9528847,8.9290104,0.0,0.0,1,concrete,0.95,2.07,65.7,1.1,3.5,0.169,0.00579,0.00292,0.0,0.4583,0.4642,0.5297,it,1,concrete,0.95,Explains how specific rocks support life.
68,326.79,327.5,786293220854,786996220854,Queste che vediamo,-0.0391,-0.2512,0.51,0.1003,9.787,0.5089,0.59,walking,45.9528809,8.9290037,0.0,0.0,3,aside,0.85,0.71,347.0,27.6,78.9,0.435,0.00237,0.00051,0.0,0.3674,0.3565,0.3271,it,3,aside,0.85,Directs attention; leads into concrete description.
69,330.03,332.18,789530220854,791676220854,"che voi vedete queste radici che sono tutte così assorcigliate, abbracciate alle pietre, vedete?",0.006,-0.2679,0.504,0.1305,9.812,0.4576,1.122,walking,45.9528961,8.9289703,0.0,0.0,1,concrete,0.95,2.15,207.3,30.6,112.1,0.662,0.00373,0.00063,0.0,0.4467,0.4528,0.4527,it,1,concrete,0.95,Describes specific roots and their interaction.
70,337.05,337.51,796550220854,797010220854,Questi qui sono i fagi.,-0.2036,-0.2178,0.571,0.0726,10.01,0.6281,0.724,walking,45.9529305,8.9289036,0.0,0.0,1,concrete,0.95,0.46,256.9,13.5,45.6,0.867,0.00364,0.00051,0.0,0.6672,0.5742,0.4938,it,1,concrete,0.95,Names a specific type of tree (beech).
71,337.53,339.21,797030220854,798712220854,Le faggete sono le piante più antiche e ancestrali dell'Europa.,-0.0959,-0.2593,0.557,0.1424,9.935,0.405,0.372,scanning,45.9529305,8.9288988,0.0,0.0,2,contextual,0.95,1.68,190.5,36.1,84.6,0.283,0.00289,0.00088,0.0,0.609,0.6161,0.7899,it,2,contextual,0.95,General historical/evolutionary context of beeches.
72,343.84,344.92,803337220854,804420220854,I boschi di Talgete sono gli ultimi boschi primari.,0.2342,-0.2372,0.631,0.1164,9.7,0.7726,0.787,walking,45.952919,8.9288683,0.0,0.0,2,contextual,0.95,1.08,223.3,20.5,76.4,0.794,0.003,0.00051,0.0,0.7422,0.6828,0.3009,it,2,contextual,0.95,General historical context of beech forests.
73,345.0,347.09,804501220854,806587220854,Questo è molto mescolato.,0.1874,-0.2516,0.606,0.2274,9.981,0.6719,0.787,walking,45.952919,8.9288635,0.0,0.0,1,concrete,0.95,2.09,246.5,51.0,170.3,0.848,0.00307,0.00149,0.0,0.7401,0.7163,0.805,it,1,concrete,0.95,Describes composition of this specific forest.
74,351.0,357.13,810498220854,816632220854,ci sono anche castagni e altre piante però i faggi sono quelli che costituiscono la retta di boschi antichi,0.2499,-0.2245,0.598,0.0992,9.97,0.5432,0.873,walking,45.9529457,8.9288015,0.0,0.0,1,concrete,0.9,6.13,237.6,56.2,269.0,0.661,0.00515,0.00563,0.448,0.6075,0.5629,0.6839,it,1,concrete,0.9,Describes specific tree types and their role here.
75,358.98,359.87,818479220854,819365220854,E gente con il tronco liscio?,-0.1849,-0.2276,1.157,0.0263,9.759,0.275,0.516,walking,45.952961,8.9287634,0.0,0.0,1,concrete,0.9,0.89,269.1,20.3,81.4,0.786,0.00368,0.00092,0.0,0.5898,0.5658,0.413,it,1,concrete,0.9,Asks about physical tree feature.
76,360.03,361.63,819530220854,821133220854,"Le foglie qui in alto sono un po' aristocratici, stanno un po' da soli.",0.0806,-0.1342,1.185,0.2094,9.987,0.6157,0.517,walking,45.952961,8.9287567,0.0,0.0,1,concrete,0.9,1.6,249.0,22.7,104.6,0.549,0.0033,0.00098,0.0,0.6633,0.6173,0.5969,it,1,concrete,0.9,Describes leaf characteristics.
77,365.7,370.06,825200220854,829558220854,"Quando vediamo un gruppo ve li faccio vedere, che li riconoscete.",-0.0353,-0.2289,1.114,0.1216,9.964,0.4574,1.048,walking,45.9529572,8.9286776,0.0,0.0,3,aside,0.95,4.36,217.0,23.4,93.6,0.737,0.00375,0.00098,0.0,0.7479,0.7359,0.6532,it,3,aside,0.95,"Procedural, expert's action."
78,370.14,371.5,829638220854,831002220854,"I castagni sono gente più popolare, cresce nel foglio ovunque.",0.1854,-0.323,0.806,0.1902,10.002,0.5273,0.983,walking,45.9529686,8.9286413,0.0,0.0,1,concrete,0.9,1.36,329.5,22.9,92.2,0.814,0.00509,0.00207,0.0,0.7907,0.7509,0.2243,it,1,concrete,0.9,Describes tree type and growth.
79,376.2,378.14,835696220854,837641220854,"Si mescolano come gli pare, tipo quando tu vedi per esempio questo, questo tipo.",0.1828,-0.2193,0.724,0.2804,10.11,0.6363,0.824,walking,45.9529686,8.9285707,0.0,0.053,1,concrete,0.9,1.94,240.9,24.5,94.7,0.721,0.00524,0.00239,0.0,0.5551,0.5446,0.4736,it,1,concrete,0.9,Illustrates tree growth habit.
80,385.94,387.28,845442220854,846783220854,"crescere dal basso, vedi?",-0.0734,-0.401,0.564,0.0147,9.917,0.1252,0.519,walking,45.9529648,8.9285259,0.0,0.0,1,concrete,0.95,1.34,254.0,38.3,147.3,0.643,0.0032,0.00073,0.0,0.5582,0.5056,0.4801,it,1,concrete,0.95,Direct observation and description.
81,387.3,389.49,846803220854,848986220854,Può avere un poco così ma lui ti dà,-0.0854,-0.4037,0.59,0.0134,9.909,0.0563,0.221,dwelling,45.9529686,8.9285326,0.0,0.091,3,aside,0.85,2.19,242.6,24.6,102.2,0.565,0.0034,0.00085,0.0,0.5081,0.4875,0.5555,it,3,aside,0.85,"Incomplete thought, filler."
82,390.07,390.51,849570220854,850010220854,"E lui fa, ovviamente,",-0.0982,-0.36,0.594,0.0202,9.924,0.091,0.147,dwelling,45.9529686,8.9285326,0.0,0.0,3,aside,0.9,0.44,210.9,11.0,33.1,0.5,0.0033,0.00047,0.0,0.4787,0.4699,0.3363,it,3,aside,0.9,"Filler, conversational lead-in."
83,398.27,399.69,857765220854,859188220854,"Ok, questa è prima dell'avvento del mais che è americano.",-0.0346,-0.327,0.499,0.085,9.848,0.2439,0.074,dwelling,45.952961,8.9285402,0.0,0.0,2,contextual,0.9,1.42,198.7,83.2,267.2,0.667,0.00708,0.00303,0.0,0.4545,0.4827,0.5253,it,2,contextual,0.9,Historical framing for food source.
84,404.46,405.98,863958220854,865480220854,"Non si sa se è messicano o peruviano, però noi diciamo peruviano ovviamente.",0.0013,-0.6302,0.485,0.0186,9.859,0.0409,0.0,dwelling,45.952961,8.9285383,0.0,0.0,2,contextual,0.85,1.52,183.8,6.0,23.4,0.854,0.00425,0.00131,0.0,0.3599,0.4304,0.4444,it,2,contextual,0.85,Tangential domain context (maize origin).
85,410.79,413.73,870285220854,873228220854,Prima dell'arrivo di tante cose la castagna è stata veramente la farina di queste montagne.,-0.04,-0.2458,0.467,0.2122,9.876,0.1499,0.0,dwelling,45.952961,8.9285383,0.0,0.0,2,contextual,0.95,2.94,252.5,36.3,153.1,0.859,0.00716,0.0034,0.0,0.6088,0.5774,0.4581,it,2,contextual,0.95,Historical significance/generalization.
86,418.74,419.62,878238220854,879124220854,"i gnocchi, tutto si fa",-0.164,-0.1768,0.437,0.0251,9.989,0.1651,0.0,dwelling,45.952961,8.9285383,0.0,0.0,1,concrete,0.9,0.88,192.6,23.3,78.8,1.0,0.00436,0.00099,0.0,0.4166,0.4702,0.4953,it,1,concrete,0.9,Specific examples of food uses.
87,420.03,421.87,879530220854,881372220854,le castagne e l'albero è stato chiamato da molte comunità native come per esempio i,-0.2643,-0.2208,0.407,0.1486,9.923,0.4438,0.0,scanning,45.952961,8.9285383,0.0,0.0,2,contextual,0.9,1.84,246.0,53.4,160.0,0.914,0.00652,0.00315,0.0,0.6145,0.5908,0.7072,it,2,contextual,0.9,Historical/cultural significance.
88,426.9,430.86,886398220854,890360220854,addirittura viene chiamato l'albero un albero multicentenario perfetto per costruire,-0.1445,-0.1965,0.648,0.0519,9.953,0.1678,0.613,walking,45.9529839,8.9285555,0.0,0.0,2,contextual,0.85,3.96,199.5,58.6,216.2,0.839,0.0048,0.00316,0.073,0.4619,0.4805,0.5496,it,2,contextual,0.85,Cultural significance and general utility.
89,434.86,436.91,894363220854,896408220854,è perfetto per mangiare la corteccia si usa anche molto bene quindi è proprio è l'albero più,-0.0744,-0.1524,0.594,0.0441,9.939,0.0749,0.147,dwelling,45.9529877,8.9285641,0.0,0.0,1,concrete,0.9,2.05,217.7,27.7,125.0,0.846,0.0038,0.00168,0.0,0.4861,0.5292,0.5871,it,1,concrete,0.9,Specific uses of tree parts.
90,441.58,443.64,901079220854,903141220854,più utilizzabile di tutti gli alberi e definisce una topografia anche piuttosto sacra perché,0.2816,-0.2128,0.513,0.0375,9.947,0.2361,0.074,dwelling,45.9529915,8.9285536,0.0,0.0,2,contextual,0.9,2.06,270.0,46.6,192.5,0.754,0.00657,0.00437,0.031,0.6071,0.6202,0.5134,it,2,contextual,0.9,General characteristics and cultural significance of tree.
91,448.57,449.89,908069220854,909385220854,i celti lo trasformano in,0.258,-0.1916,0.527,0.0108,9.939,0.0572,0.0,dwelling,45.9529953,8.9285536,0.0,0.0,2,contextual,0.9,1.32,208.0,42.6,172.4,0.952,0.00483,0.00131,0.0,0.4842,0.523,0.5428,it,2,contextual,0.9,Part of cultural context for tree type.
92,450.03,450.21,909530220854,909711220854,divinità.,0.2279,-0.1777,0.483,0.0062,10.183,0.1574,0.0,dwelling,45.9529953,8.9285536,0.0,0.0,2,contextual,0.9,0.18,169.4,3.1,9.8,1.0,0.00396,0.00053,0.0,,,,it,2,contextual,0.9,Completes cultural context for the tree.
93,452.25,452.67,911744220854,912164220854,E lui è dappertutto.,-0.2571,-0.1869,0.497,0.1235,9.72,0.2844,0.0,scanning,45.9529953,8.9285536,0.0,0.0,2,contextual,0.9,0.42,73.8,7.9,20.3,0.5,0.01351,0.00501,0.0,0.5677,0.4803,0.3593,it,2,contextual,0.9,General observation on tree's prevalence/context.
94,452.69,454.39,912184220854,913885220854,In questo bosco particolare sostiene una competizione molto attiva con i pagli.,-0.0614,-0.1609,0.954,0.2579,10.025,0.7217,0.073,scanning,45.9529953,8.9285526,0.0,0.0,1,concrete,1.0,1.7,299.8,48.5,124.3,0.352,0.00474,0.0024,0.019,0.5694,0.5255,0.5742,it,1,concrete,1.0,Specific ecological interaction in this forest.
95,460.19,460.75,919689220854,920250220854,Grazie mille,0.171,-0.2317,0.669,0.0505,10.67,0.4289,1.056,walking,45.9529648,8.9284601,0.0,0.0,3,aside,1.0,0.56,228.9,18.4,56.7,1.0,0.00436,0.00109,0.0,0.5034,0.472,0.6273,it,3,aside,1.0,"Polite social interaction, thank you."
96,467.18,467.94,926678220854,927440220854,ogni tanto il cammino non è disegnato,-0.2357,-0.3405,0.487,0.1116,10.082,1.0883,0.293,scanning,45.9529343,8.928443,0.0,0.0,1,concrete,0.9,0.76,303.7,51.9,154.3,0.917,0.00599,0.00085,0.0,0.6727,0.5924,0.6625,it,1,concrete,0.9,Explaining formation of paths via natural processes.
97,470.97,474.28,930472220854,933779220854,Dall'essere umano ma dall'apertura di certi segmenti nella geomorfologia che aiutano a definire il cammino.,0.1816,-0.2142,0.961,0.19,9.882,0.7468,0.48,scanning,45.9529228,8.9284668,0.0,0.0,1,concrete,1.0,3.31,261.9,36.6,154.7,0.827,0.00565,0.00182,0.0,0.5796,0.5716,0.5042,it,1,concrete,1.0,Detailed explanation of path formation by geomorphology.
98,479.01,479.97,938507220854,939466220854,Passo il cammino anche.,-0.0349,-0.2091,0.629,0.1904,10.39,0.8589,0.847,walking,45.9529076,8.9284458,0.0,0.0,3,aside,0.8,0.96,247.3,38.8,113.2,0.774,0.00516,0.00135,0.0,0.4769,0.4665,0.3558,it,3,aside,0.8,Personal/procedural comment about walking.
99,480.03,480.63,939530220854,940131220854,Quello è il cammino moderno.,-0.2059,-0.1291,1.263,0.0259,9.752,0.3439,0.85,walking,45.9528999,8.9284458,0.0,0.0,1,concrete,1.0,0.6,,,,0.0,0.0058,0.00043,0.0,0.6553,0.5061,0.4174,it,1,concrete,1.0,Identifying specific path as modern.
100,488.47,488.63,947967220854,948131220854,Grazie.,-0.1731,-0.2087,0.923,0.0188,12.065,0.707,0.861,walking,45.9528503,8.928421,0.0,0.0,3,aside,1.0,0.16,,,,0.0,0.00423,0.00095,0.0,,,,it,3,aside,1.0,"Polite social interaction, thank you."
101,492.15,493.01,951646220854,952508220854,Sì.,-0.4262,-0.3053,0.682,0.0339,10.01,0.3182,0.449,scanning,45.9528275,8.928401,0.0,0.0,3,aside,1.0,0.86,112.8,38.1,93.2,0.481,0.0092,0.0109,0.481,0.0905,0.1546,0.2909,it,3,aside,1.0,"Filler word, affirmation."
102,493.03,494.73,952528220854,954231220854,Senza foglio in basso?,-0.4009,-0.2556,0.908,0.0364,9.922,0.2419,0.147,dwelling,45.9528275,8.9283991,0.0,0.0,1,concrete,0.8,1.7,288.9,24.9,140.9,0.889,0.00685,0.0022,0.0,0.4598,0.4832,0.4721,it,1,concrete,0.8,Question for concrete feature identification.
103,494.75,497.4,954251220854,956897220854,"Lui è un faggio, anche questi sono faggi.",-0.2952,-0.2431,0.811,0.0277,9.94,0.1006,0.073,dwelling,45.9528275,8.9283981,0.0,0.0,1,concrete,1.0,2.65,260.1,76.1,261.6,0.651,0.00739,0.00556,0.036,0.5643,0.5721,0.6652,it,1,concrete,1.0,Direct identification of specific tree type.
104,508.54,508.62,968038220854,968118220854,Sì.,-0.1664,0.2269,1.55,0.0,8.933,0.5995,0.959,walking,45.9527473,8.9283657,0.0,0.0,3,aside,1.0,0.08,,,,,,,,,,,it,3,aside,1.0,"Filler word, affirmation."
105,510.05,510.49,969550220854,969991220854,Es como un bandoneón.,-0.1994,-0.4488,0.706,0.0727,10.309,0.5762,0.865,walking,45.9527283,8.9283609,0.0,0.0,1,concrete,1.0,0.44,,,,0.0,0.00529,0.00073,0.0,0.6012,0.5431,0.6056,es,1,concrete,1.0,Describes physical attribute/shape of an object.
106,525.24,532.27,984734220854,991769220854,y no se dejan atacar por muchos animales por eso son tan calados en la parte baja,-0.3024,-0.1949,1.116,0.2191,10.08,0.5299,0.862,walking,45.9526482,8.9282894,0.0,0.0,1,concrete,1.0,7.03,238.7,97.4,317.9,0.418,0.00716,0.01103,0.809,0.4233,0.45,0.5742,es,1,concrete,1.0,Explains a physical feature and its function.
107,541.6,542.0,1001097220853,1001498220854,¿Te voy a llamar?,0.3573,-0.0793,0.901,0.1642,9.357,1.0497,0.449,scanning,45.9525948,8.928277,0.0,0.0,3,aside,1.0,0.4,,,,0.0,0.00187,0.00048,0.0,,,,es,3,aside,1.0,"Conversational/procedural question, not content-related."
108,550.04,555.99,1009543220854,1015489220854,"Estas hacen pequeñas vacas rojas, quizás las veamos más adelante.",0.1313,-0.3595,0.414,0.0448,9.901,0.1528,0.074,dwelling,45.9525833,8.928277,0.0,0.0,1,concrete,1.0,5.95,239.4,40.5,152.0,0.785,0.00464,0.00115,0.0,0.4621,0.4749,0.5907,es,1,concrete,1.0,Describes specific output/feature of organisms.
109,556.01,556.43,1015509220854,1015929220854,¿Cuándo están abajo?,0.1223,-0.3946,0.396,0.0029,9.883,0.0365,0.074,dwelling,45.9525795,8.9282751,0.0,0.0,1,concrete,0.8,0.42,,,,0.0,0.00374,0.00044,0.0,0.6489,0.5484,0.4632,es,1,concrete,0.8,Asks about specific condition/location of objects.
110,556.45,561.3,1015949220854,1020804220854,tienen mucha espina para defenderse de los animales a medida que crecen.,0.0906,-0.3415,0.441,0.0818,9.884,0.0522,0.0,dwelling,45.9525795,8.9282742,0.0,0.0,1,concrete,1.0,4.85,187.8,69.4,226.8,0.711,0.0032,0.00063,0.0,0.5002,0.5,0.6011,es,1,concrete,1.0,"Explains physical features, function, and development."
111,563.0,569.97,1022497220854,1029466220854,"pierden las puntas, ya viven, no necesitan luchar contra alguien y se van volviendo",0.0319,-0.2461,0.54,0.1775,9.956,0.3077,0.0,scanning,45.9525795,8.9282742,0.0,0.0,1,concrete,1.0,6.97,213.7,65.9,283.6,0.807,0.00529,0.00541,0.367,0.4162,0.4611,0.4334,es,1,concrete,1.0,Describes physical changes and reasons during growth.
112,570.03,577.65,1029530220854,1037151220854,viendo más redondeados y cada uno de ellos es como único en su crecimiento siempre lo vas a ver en la parte baja,0.163,-0.3534,0.504,0.1611,9.916,0.1554,0.429,dwelling,45.952549,8.928256,0.0,0.0,1,concrete,1.0,7.62,245.4,47.9,241.3,0.816,0.00432,0.00163,0.025,0.5677,0.5799,0.5557,es,1,concrete,1.0,"Describes physical changes, individuality, and location."
113,578.01,579.24,1037512220854,1038735220854,Ultra con espinas y a medida que tata tata tata sobrevive.,0.3164,-0.191,0.589,0.2173,9.883,0.2373,0.516,walking,45.9525642,8.9282856,0.0,0.0,1,concrete,0.9,1.23,253.3,12.3,42.7,0.769,0.00348,0.00161,0.0,0.5746,0.5825,0.1619,es,1,concrete,0.9,Describes physical features (spines) and survival.
114,579.26,580.84,1038755220854,1040339220854,"Si no sobrevive, si se muere.",0.2578,-0.2627,0.551,0.2006,9.937,0.1664,0.516,walking,45.9525719,8.9282913,0.0,0.0,1,concrete,1.0,1.58,209.1,8.4,47.3,0.98,0.00276,0.00045,0.0,0.467,0.4755,0.7348,es,1,concrete,1.0,Describes a concrete hypothetical outcome (death).
115,581.06,585.99,1040559220854,1045491220854,Ese está todavía en la fase de que está luchando.,0.0765,-0.4516,0.488,0.1656,9.922,0.0476,0.294,dwelling,45.9525871,8.9282951,0.0,0.0,1,concrete,1.0,4.93,271.2,43.0,170.2,0.826,0.00355,0.00126,0.0,0.5536,0.5654,0.4622,es,1,concrete,1.0,Describes specific object's current concrete state.
116,586.01,588.66,1045511220854,1048162220854,"y no tiene nada más alto, pero es muy probable que lo logre.",0.0107,-0.5287,0.447,0.0109,9.915,0.0257,0.148,dwelling,45.9525871,8.9282827,0.0,0.0,1,concrete,1.0,2.65,218.6,15.8,62.3,0.627,0.00471,0.00125,0.0,0.3613,0.4295,0.4497,es,1,concrete,1.0,Describes physical characteristic and survival projection.
117,594.23,594.72,1053732220854,1054216220854,"España, ¿verdad?",0.2357,-0.5326,0.51,0.0337,10.189,0.6833,0.22,scanning,45.9525604,8.9282646,0.0,0.0,2,contextual,0.8,0.49,,,,0.0,0.00375,0.00072,0.0,0.4335,0.3921,0.524,es,2,contextual,0.8,Asks for confirmation of contextual/geographical detail.
118,600.07,601.12,1059570220854,1060614220854,è il fatto che in questo bosco c'è molto aereo,-0.0538,-0.3857,0.532,0.1249,10.189,0.428,0.875,walking,45.9525452,8.9282598,0.0,0.455,2,contextual,0.9,1.05,267.5,38.2,127.8,0.97,0.00257,0.00083,0.0,0.5933,0.5873,0.5222,it,2,contextual,0.9,General observation about the environment/forest.
119,606.67,610.05,1066166220854,1069553220854,Arbol y arbol es determinado por la falla.,0.0195,-0.0822,1.057,0.1856,9.966,0.3872,0.615,walking,45.9524841,8.928236,0.0,0.0,2,contextual,1.0,3.38,220.0,36.1,191.9,0.67,0.00309,0.001,0.0,0.5811,0.5691,0.5125,it,2,contextual,1.0,Explains geological influence on flora (generalization).
120,611.39,613.15,1070890220854,1072653220854,Ossia dai fagi.,-0.1421,-0.2816,0.577,0.1479,9.721,0.4724,0.956,walking,45.9524574,8.9282207,0.0,0.0,1,concrete,0.95,1.76,,,,0.0,0.00405,0.00137,0.0,0.5571,0.5705,0.5589,it,1,concrete,0.95,Naming a specific tree type.
121,613.79,616.36,1073294220854,1075857220854,I fagi determinano.,-0.1499,-0.262,0.58,0.135,10.035,0.5508,0.859,walking,45.9524384,8.9282131,0.0,0.04,1,concrete,0.95,2.57,177.1,65.9,202.6,0.765,0.0029,0.00086,0.0,0.619,0.5713,0.5634,it,1,concrete,0.95,Describing direct influence of specific trees.
122,616.38,617.46,1075877220854,1076959220854,Per esempio questo è un faggio molto bello.,-0.0291,-0.2047,0.68,0.2103,9.755,0.7015,0.853,walking,45.9524269,8.9282084,0.0,0.0,1,concrete,0.95,1.08,202.1,12.9,47.5,0.971,0.0028,0.00052,0.0,0.483,0.4271,0.4832,it,1,concrete,0.95,"Direct observation of a specific, tangible tree."
123,621.01,622.54,1080511220854,1082038220854,Lo determinano la rete sottostante.,-0.1179,-0.2822,0.522,0.1313,10.001,0.4213,0.424,scanning,45.952404,8.9282093,0.0,0.0,1,concrete,0.95,1.53,241.7,35.8,99.3,0.479,0.00455,0.00091,0.0,0.4314,0.4165,0.4287,it,1,concrete,0.95,Explains specific feature determining tree behavior.
124,623.99,629.87,1083485220854,1089366220854,"e la competizione con i castagni che si trovano lì, che sono quelli più scuri e rugosi con quelle foglie",-0.0513,-0.3084,0.517,0.1729,9.904,0.5055,0.424,scanning,45.9523926,8.928195,0.207,0.224,1,concrete,0.9,5.88,208.7,41.6,174.3,0.707,0.0029,0.0007,0.0,0.5415,0.5588,0.528,it,1,concrete,0.9,"Describes tree competition, physical features, forest function."
125,630.03,631.84,1089530220854,1091334220854,"grandi, viene dal fatto che ciascuno dei due ha un'idea su come funziona il bosco.",-0.0864,-0.6302,0.252,0.0168,9.769,0.0352,0.148,dwelling,45.9523888,8.9281902,0.944,1.0,1,concrete,0.9,1.81,146.5,63.5,143.8,0.281,0.00303,0.00066,0.0,0.4132,0.4122,0.4784,it,1,concrete,0.9,"Describes tree competition, physical features, forest function."
126,636.95,638.25,1096449220854,1097754220854,Sotto ci sono le radici che sono collegate attraverso il micelio,-0.2542,-0.1462,0.615,0.0309,9.91,0.098,0.0,dwelling,45.9523888,8.9281864,0.0,0.0,1,concrete,0.95,1.3,325.9,46.9,115.7,0.317,0.00285,0.00108,0.0,0.3359,0.3401,0.4517,it,1,concrete,0.95,Explaining physical connections via roots and mycelium.
127,643.91,647.28,1103414220854,1106782220854,con tutte le radici di tutti gli altri.,0.0122,-0.1191,0.534,0.12,9.951,0.4447,0.0,scanning,45.9523926,8.9281836,0.0,0.0,1,concrete,0.95,3.37,254.8,67.4,231.8,0.632,0.00417,0.00159,0.0,0.4477,0.4872,0.4216,it,1,concrete,0.95,Explaining physical connections via roots and mycelium.
128,647.32,647.76,1106822220854,1107263220854,Gli alberi più anziani,0.1324,-0.1526,0.539,0.0068,10.005,0.1409,0.0,dwelling,45.9523926,8.9281826,0.0,0.0,1,concrete,0.95,0.44,308.9,24.6,80.2,0.643,0.00418,0.00169,0.0,0.492,0.4737,0.3763,it,1,concrete,0.95,Explains specific functional role of older trees.
129,648.57,653.8,1108065220854,1113301220854,determinano come funziona la distribuzione dei minerali e degli alimenti.,0.0728,-0.2019,0.536,0.1149,9.911,0.0866,0.0,dwelling,45.9523926,8.9281826,0.0,0.0,1,concrete,0.95,5.23,211.8,49.0,239.5,0.652,0.00318,0.00121,0.0,0.3963,0.4563,0.5642,it,1,concrete,0.95,Explains specific functional role of older trees.
130,654.64,657.08,1114143220854,1116574220854,e questo ha fatto sì che,-0.1232,-0.3446,0.491,0.1576,9.873,0.4588,0.0,scanning,45.9523926,8.9281826,0.0,0.083,2,contextual,0.9,2.44,211.1,32.2,100.5,0.351,0.00264,0.00089,0.0,0.3485,0.3724,0.4186,it,2,contextual,0.9,Explains cultural/historical significance derived from concrete facts.
131,660.03,661.03,1119530220854,1120534220854,della relazione tra esseri umani e boschi,0.008,-0.0257,0.749,0.0046,9.863,0.027,0.0,dwelling,45.9523926,8.9281826,0.2,0.0,2,contextual,0.9,1.0,197.9,23.1,71.2,0.719,0.00395,0.00064,0.0,0.3553,0.3777,0.4009,it,2,contextual,0.9,Explains cultural/historical significance derived from concrete facts.
132,664.89,667.04,1124390220854,1126535220854,queste piante venissero venerate perché se tu tagli una di queste viene a mancare la gestione,0.0122,-0.0515,0.697,0.0455,9.873,0.0224,0.0,dwelling,45.9523926,8.9281826,0.0,0.0,2,contextual,0.9,2.15,218.1,43.7,194.2,0.941,0.00435,0.00139,0.0,0.411,0.4726,0.4789,it,2,contextual,0.9,Explains cultural/historical significance derived from concrete facts.
133,672.97,679.38,1132469220854,1138874220854,e l'organizzazione e le regole sottostanti che distribuiscono tutti gli altri minerali.,0.2199,-0.0034,0.51,0.0299,9.876,0.0412,0.427,dwelling,45.9524231,8.9281759,0.0,0.141,2,contextual,0.9,6.41,213.5,39.3,236.9,0.736,0.00326,0.00084,0.0,0.4335,0.4898,0.5263,it,2,contextual,0.9,Explains cultural/historical significance derived from concrete facts.
134,679.63,682.88,1139134220854,1142378220854,e questo significa che viene a mancare come il sindaco.,0.0786,-0.0537,0.636,0.0975,9.875,0.0308,0.147,dwelling,45.9524269,8.9281635,0.0,0.312,2,contextual,0.9,3.25,198.2,51.3,208.9,0.833,0.00271,0.00053,0.0,0.4445,0.4871,0.5683,it,2,contextual,0.9,"Analogy to frame consequences, providing context."
135,683.74,688.07,1143239220854,1147564220854,Questa è la città e questo è il sindaco che dice e definisce come si muove qui sotto.,0.1417,-0.1201,0.5,0.1324,9.921,0.1924,0.073,dwelling,45.9524269,8.9281673,0.0,0.0,2,contextual,0.9,4.33,218.8,27.9,141.1,0.654,0.00398,0.00108,0.0,0.4311,0.4506,0.6412,it,2,contextual,0.9,Metaphorical framing of the ecosystem's governing forces.
136,690.03,691.89,1149530220854,1151393220854,Noi stiamo camminando su un pezzettino molto sottile di foresta ma la foresta è,0.1107,-0.1018,0.726,0.1727,9.92,0.1197,0.482,dwelling,45.9524307,8.9281712,0.0,0.0,1,concrete,0.95,1.86,252.5,35.0,137.8,0.525,0.00305,0.00117,0.0,0.4559,0.4862,0.341,it,1,concrete,0.95,Describes current physical location and forest's nature.
137,696.68,698.97,1156179220854,1158466220854,"Molto sopra di noi e anche molto sotto di noi, no?",0.1884,-0.1546,0.462,0.0542,9.917,0.2067,0.074,dwelling,45.9524498,8.9281616,0.0,0.0,1,concrete,0.95,2.29,223.6,27.7,145.8,0.958,0.00342,0.00155,0.0,0.3945,0.4655,0.2475,it,1,concrete,0.95,Continues describing the physical extent of the forest.
138,698.99,701.07,1158486220854,1160572220854,Siamo come un pezzettino di un sandwich.,0.2327,-0.1341,0.476,0.0343,9.869,0.3413,0.074,scanning,45.9524498,8.9281635,0.0,0.0,2,contextual,0.9,2.08,227.8,23.8,94.9,0.545,0.00324,0.00111,0.0,0.4048,0.4408,0.3816,it,2,contextual,0.9,Uses a metaphor to explain their position.
139,702.78,707.25,1162277220854,1166746220854,In una superficie sandwich in cui tanto è importante quello che succede in basso?,0.1709,-0.2256,0.496,0.1391,9.897,0.2112,0.0,dwelling,45.9524498,8.9281654,0.067,0.0,2,contextual,0.9,4.47,255.1,30.9,133.6,0.843,0.00553,0.00252,0.021,0.6507,0.6327,0.7997,it,2,contextual,0.9,Elaborates on the sandwich analogy and its implications.
140,708.45,712.25,1167948220854,1171754220854,come quello che succede in alto.,-0.015,-0.0508,0.986,0.2894,10.005,0.5454,0.0,scanning,45.9524536,8.9281654,0.0,0.0,2,contextual,0.9,3.8,219.4,24.2,118.8,0.975,0.00391,0.00138,0.0,0.595,0.5864,0.5519,it,2,contextual,0.9,Completes the analogy about what happens above/below.
141,712.29,714.18,1171794220854,1173677220854,"C'è la quantità di usuli, quanta gente ha vissuto qua, quanti alberi, quanti animali.",0.1831,-0.199,0.699,0.0985,9.986,0.8419,0.0,scanning,45.9524536,8.9281673,0.0,0.0,1,concrete,0.95,1.89,202.6,21.3,78.4,1.0,0.004,0.00111,0.0,0.4913,0.5022,0.5569,it,1,concrete,0.95,Lists components and historical elements of the ecosystem.
142,714.72,719.55,1174218220854,1179045220854,"quanti antenati vegetali o animali di queste creature sono sotto, come i",0.2098,-0.1921,0.515,0.1163,9.92,0.0696,0.074,dwelling,45.9524536,8.9281693,0.0,0.0,1,concrete,0.95,4.83,210.9,26.6,211.6,0.728,0.00393,0.00151,0.0,0.4102,0.4835,0.4916,it,1,concrete,0.95,"Lists more concrete components, 'ancestors', below ground."
143,720.05,722.34,1179550220854,1181835220854,il micelio cioè la rete di funghi usa tutto questo per muovere gli alimenti per spostare di qua e di là,0.1911,-0.172,0.488,0.0307,9.918,0.0403,0.479,dwelling,45.9524651,8.928153,0.0,0.0,1,concrete,0.95,2.29,204.5,23.9,90.9,0.917,0.00363,0.00062,0.0,0.5603,0.5959,0.5974,it,1,concrete,0.95,Explains the function of mycelium within the ecosystem.
144,726.59,730.9,1186084220854,1190403220854,"e come i viventi più antichi hanno più autorità, loro decidono.",0.0748,-0.1568,0.494,0.0941,9.927,0.0308,0.147,dwelling,45.9524803,8.9281492,0.0,0.0,2,contextual,0.85,4.31,241.0,41.5,230.9,0.822,0.00414,0.00148,0.0,0.5761,0.582,0.4983,it,2,contextual,0.85,Generalization about older organisms' ecological influence.
145,731.93,737.4,1191427220854,1196903220854,Stiamo camminando in una rete molto più complicata della metropolitana di Londra.,0.2424,-0.1475,0.533,0.0775,9.913,0.0398,0.0,dwelling,45.9524841,8.928154,0.0,0.0,2,contextual,0.9,5.47,213.7,38.9,166.7,0.971,0.00379,0.00107,0.0,0.5143,0.5442,0.4892,it,2,contextual,0.9,Uses an analogy to illustrate the ecosystem's complexity.
146,738.14,739.38,1197637220854,1198884220854,c'è molto di più ci sono tante forme di vita,0.1319,-0.1949,0.467,0.0167,9.955,0.1469,0.0,dwelling,45.9524841,8.928153,0.0,0.0,2,contextual,0.85,1.24,197.1,25.7,88.0,0.667,0.00312,0.00113,0.0,0.5581,0.5823,0.5241,it,2,contextual,0.85,General statement on the abundance of life forms.
147,742.36,747.5,1201858220854,1207004220854,poche quelle che riusciamo a vedere e quelle che determinano la salute di tutto quanto in più sono invisibili.,0.037,-0.1538,0.437,0.1001,9.917,0.1828,0.431,dwelling,45.9524765,8.9281368,0.0,0.0,2,contextual,0.9,5.14,218.0,31.9,132.1,0.932,0.00409,0.00179,0.0,0.5529,0.5584,0.5513,it,2,contextual,0.9,Generalization about invisible organisms and ecosystem health.
148,750.05,750.81,1209550220854,1210313220854,anche un fatto molto importante.,-0.4211,-0.1315,0.973,0.0818,10.029,1.2232,0.431,scanning,45.9524536,8.9281473,0.0,0.0,3,aside,0.9,0.76,190.7,11.0,37.4,1.0,0.00302,0.00036,0.0,0.3565,0.4015,0.3517,it,3,aside,0.9,"Filler phrase, meta-comment on importance."
149,750.85,751.86,1210353220854,1211356220854,"Noi siamo piccolini qui dentro, no?",-0.2618,0.0166,1.511,0.0292,9.993,0.4995,0.431,scanning,45.9524498,8.9281549,0.0,0.0,2,contextual,0.85,1.01,65.0,0.0,0.0,0.344,0.00302,0.00031,0.0,0.276,0.3249,0.5224,it,2,contextual,0.85,General observation/reflection on human scale within ecosystem.
150,755.27,760.89,1214774220854,1220393220854,e questo spazio che vedete è un classico delle faggete.,0.2166,-0.1458,0.777,0.1246,9.881,0.1651,0.426,dwelling,45.9524536,8.928153,0.193,0.246,1,concrete,1.0,5.62,238.0,39.8,148.4,0.494,0.00354,0.00067,0.0,0.5381,0.579,0.5877,it,1,concrete,1.0,Describes typical characteristic of beech forest.
151,762.6,766.96,1222102220854,1226459220854,"Sono come le persone che dicono non mi toccherai troppo, no?",0.2085,-0.1696,0.544,0.1627,9.898,0.1033,0.0,dwelling,45.952446,8.9281521,0.0,0.233,2,contextual,1.0,4.36,253.7,37.5,158.5,0.788,0.00395,0.00105,0.0,0.541,0.4985,0.4625,it,2,contextual,1.0,Metaphorical comparison of trees to people.
152,767.78,771.84,1227282220854,1231340220854,"Sono carine perché non stanno troppo vicino, loro non stanno mai troppo vicino.",-0.1166,-0.0683,1.194,0.0932,9.966,0.3996,0.074,scanning,45.952446,8.9281492,0.15,0.375,1,concrete,0.9,4.06,265.0,29.1,117.6,0.772,0.00397,0.00105,0.0,0.6395,0.604,0.5222,it,1,concrete,0.9,Describes observed spacing characteristic of trees.
153,772.42,773.91,1231923220854,1233408220854,"Vedi che lì c'è un'altra, poi c'è un'altra di là.",0.0724,-0.303,0.678,0.0849,9.955,0.0629,0.0,dwelling,45.952446,8.9281483,0.0,0.0,1,concrete,1.0,1.49,265.6,23.1,91.6,0.894,0.00355,0.00083,0.0,0.6354,0.6245,0.4115,it,1,concrete,1.0,Direct observation of trees' spatial arrangement.
154,773.93,777.82,1233428220854,1237319220854,Loro desiderano spazio e lo difendono chimicamente.,0.1984,-0.2491,0.631,0.1635,9.939,0.2319,0.0,dwelling,45.952446,8.9281483,0.0,0.0,1,concrete,1.0,3.89,235.6,49.1,242.5,0.738,0.0037,0.00125,0.0,0.5973,0.5997,0.6018,it,1,concrete,1.0,Explains chemical mechanism for tree spacing.
155,780.03,781.84,1239530220854,1241337220854,non permettono a un numero eccessivo di piante di crescere attaccate a loro.,0.0277,-0.3231,0.535,0.2022,9.95,0.119,0.0,dwelling,45.9524498,8.9281483,0.0,0.0,1,concrete,1.0,1.81,278.7,38.0,148.1,0.947,0.00574,0.00214,0.0,0.6296,0.6003,0.5351,it,1,concrete,1.0,Describes outcome of chemical defense mechanism.
156,785.99,786.7,1245493220854,1246196220854,invece il castagno è uno più,-0.0483,-0.2177,0.541,0.2119,9.982,0.2321,0.0,dwelling,45.9524498,8.9281492,0.0,0.0,1,concrete,1.0,0.71,271.8,30.4,92.9,0.739,0.00561,0.00213,0.0,0.6389,0.6444,0.6524,it,1,concrete,1.0,Introduces another tree species for comparison.
157,789.33,790.61,1248828220854,1250111220854,"popolare, va bene con tutti, è più amico.",-0.5318,-0.2745,0.758,0.0484,10.001,0.3413,0.0,scanning,45.9524498,8.9281492,0.0,0.0,1,concrete,1.0,1.28,219.1,18.9,50.3,0.683,0.00694,0.00329,0.0,0.6813,0.6608,0.6477,it,1,concrete,1.0,Describes ecological characteristic of chestnut tree.
158,795.2,795.66,1254701220854,1255162220854,Non ha questa gestione.,0.1201,-0.1889,0.754,0.0775,9.902,0.3171,0.0,scanning,45.9524498,8.9281483,0.0,0.0,1,concrete,1.0,0.46,253.0,25.1,64.0,0.867,0.00403,0.00167,0.0,0.5224,0.4677,0.532,it,1,concrete,1.0,Contrasts chestnut's behavior with beech trees.
159,795.68,796.4,1255182220854,1255904220854,"E ogni albero, ogni forma di vita?",0.1513,-0.1139,0.809,0.1295,9.869,0.4873,0.0,scanning,45.9524498,8.9281483,0.0,0.0,2,contextual,0.9,0.72,267.4,28.7,87.6,0.783,0.00619,0.00249,0.0,0.7725,0.7625,0.1589,it,2,contextual,0.9,"Rhetorical question, generalizing about life forms."
160,799.71,802.26,1259213220854,1261755220854,"Ha proprio questo suo carattere unico, no?",0.1179,-0.193,0.439,0.0789,9.941,0.193,0.0,dwelling,45.9524498,8.9281483,0.0,0.0,2,contextual,1.0,2.55,249.0,59.8,223.1,0.938,0.00437,0.0017,0.0,0.5258,0.5408,0.4599,it,2,contextual,1.0,Generalisation about unique character of life.
161,802.28,804.94,1261776220854,1264438220854,E della composizione di tutti questi viene fuori il carattere unico del bosco.,0.2034,-0.268,0.497,0.0501,9.937,0.081,0.0,dwelling,45.9524498,8.9281492,0.0,0.0,2,contextual,1.0,2.66,250.5,36.9,188.1,0.869,0.00429,0.00093,0.0,0.4749,0.5282,0.5794,it,2,contextual,1.0,Explains principle of forest character formation.
162,808.75,809.8,1268252220854,1269301220854,E noi di questo non sappiamo niente.,0.2269,-0.261,0.498,0.0221,9.915,0.1142,0.0,dwelling,45.9524498,8.9281492,0.0,0.0,3,aside,1.0,1.05,190.6,1.5,4.4,0.152,0.00266,0.00034,0.0,0.3702,0.4205,0.4325,it,3,aside,1.0,Expert's meta-commentary on human knowledge.
163,811.04,812.54,1270542220854,1272043220854,Noi viviamo in scatole di concreto e non sappiamo più niente.,-0.1136,-0.2152,0.644,0.3746,10.001,0.9207,0.0,scanning,45.9524498,8.9281492,0.0,0.0,3,aside,1.0,1.5,201.7,22.1,69.5,0.745,0.00271,0.00105,0.0,0.4418,0.4844,0.4184,it,3,aside,1.0,Social commentary about human disconnect from nature.
164,817.25,820.02,1276748220854,1279516220854,E questo è il motivo per cui è difficile per noi capire la conservazione dell'ambiente.,0.1216,-0.2111,0.42,0.1279,9.926,0.0678,0.0,dwelling,45.9524498,8.9281483,0.0,0.0,2,contextual,1.0,2.77,233.1,38.6,122.5,0.678,0.00342,0.00102,0.0,0.3888,0.4281,0.5207,it,2,contextual,1.0,Generalization about human understanding of conservation.
165,824.75,825.81,1284248220854,1285311220854,o entrare in contatto con il patrimonio naturale.,0.2459,-0.2292,0.447,0.0172,9.915,0.0602,0.0,dwelling,45.9524498,8.9281483,0.0,0.0,2,contextual,0.9,1.06,199.8,19.2,60.1,0.382,0.00391,0.00057,0.0,0.3791,0.3791,0.3014,it,2,contextual,0.9,General statement about natural interaction.
166,829.76,833.33,1289260220854,1292833220854,"bisogna sempre che mediamo con l'espressione umana di questo, no?",0.2817,-0.1875,0.629,0.187,9.92,0.1505,0.074,dwelling,45.952446,8.9281483,0.556,0.0,2,contextual,0.9,3.57,250.6,57.7,218.3,0.857,0.00472,0.00239,0.0,0.5684,0.5889,0.4906,it,2,contextual,0.9,General reflection on human-nature mediation.
167,834.36,839.63,1293856220854,1299125220854,"Invece non è così perché loro sono qui da un sacco di tempo, fanno l'acqua che noi beviamo,",0.0823,-0.2445,0.457,0.195,9.919,0.1379,0.914,walking,45.9524422,8.9281311,0.0,0.0,1,concrete,0.95,5.27,219.3,45.1,198.5,0.885,0.00451,0.00161,0.0,0.5637,0.5972,0.6848,it,1,concrete,0.95,"Explains natural function, water production."
168,840.03,841.88,1299530220854,1301379220854,"Noi abbiamo fatto una doccia a Lugano, tu a Zurigo, ma noi a Lugano?",0.2949,-0.2067,0.546,0.0433,9.918,0.0264,0.902,walking,45.9524269,8.9280844,0.0,0.0,2,contextual,0.8,1.85,235.9,38.3,180.7,0.862,0.00467,0.00187,0.0,0.5368,0.5325,0.5462,it,2,contextual,0.8,Personal anecdote illustrates water usage context.
169,844.13,846.28,1303631220854,1305776220854,Quell'acqua lì è grazie a questi che stanno lavorando tutto il giorno per noi gratis.,0.1673,-0.2004,0.46,0.0417,9.931,0.0362,0.657,walking,45.9524269,8.9280357,0.0,0.0,1,concrete,0.95,2.15,267.2,53.2,202.9,0.647,0.0052,0.00248,0.0,0.4793,0.5152,0.4745,it,1,concrete,0.95,Explains water source as natural service.
170,849.78,850.45,1309284220854,1309948220854,E noi non diciamo neanche grazie.,0.1289,-0.2178,0.481,0.005,9.914,0.2229,0.515,walking,45.9524231,8.9280148,0.0,0.0,2,contextual,0.9,0.67,,,,0.0,0.00349,0.00044,0.0,0.2844,0.3666,0.4201,it,2,contextual,0.9,General commentary on human gratitude.
171,853.9,854.34,1313401220854,1313842220854,i servizi ecologici si,-0.1194,-0.3944,0.546,0.1402,9.267,1.4941,0.368,scanning,45.9524193,8.9280014,0.0,0.0,3,aside,1.0,0.44,109.8,8.7,39.7,0.929,0.00825,0.00266,0.0,0.1289,0.2065,0.3967,it,3,aside,1.0,"Incomplete thought, procedural filler."
172,861.0,862.91,1320503220854,1322408220854,Ci siamo allontanati da cinque minuti dall'asfalto.,-0.114,-0.3644,0.626,0.2392,10.008,0.6916,0.0,scanning,45.9524155,8.9280205,0.0,0.105,1,concrete,0.95,1.91,290.6,28.3,97.9,0.617,0.0061,0.00151,0.0,0.5163,0.4888,0.4413,it,1,concrete,0.95,Concrete observation about immediate physical location.
173,862.93,863.47,1322428220854,1322969220854,È tutto diverso.,-0.1327,-0.3189,0.494,0.0975,9.431,0.3789,0.0,scanning,45.9524155,8.9280205,0.0,0.0,2,contextual,0.9,0.54,336.3,31.4,96.6,0.588,0.00465,0.00099,0.0,0.2751,0.3439,0.3078,it,2,contextual,0.9,Subjective generalization about environment change.
174,869.1,869.54,1328598220854,1329042220854,si o no?,-0.2444,-0.2104,0.729,0.0563,9.315,0.4607,1.29,walking,45.9523582,8.9280224,0.0,0.0,3,aside,1.0,0.44,,,,0.0,0.00349,0.00249,0.0,0.4585,0.4296,0.4378,it,3,aside,1.0,"Direct question, seeks listener engagement."
175,869.58,869.91,1329082220854,1329405220854,"si, bellissima",-0.0162,-0.161,0.964,0.0292,9.921,0.5576,1.29,walking,45.9523582,8.9280224,0.0,0.0,3,aside,1.0,0.33,243.0,11.9,36.0,1.0,0.00375,0.00112,0.0,,,,it,3,aside,1.0,Agreement or interjection.
176,870.03,871.45,1329530220854,1330951220854,Non ti viene da interromperla perché dobbiamo stare nella...,-0.0613,-0.0561,1.098,0.2103,9.809,0.511,1.29,walking,45.9523468,8.9280252,0.0,0.0,3,aside,0.95,1.42,234.0,58.2,194.4,0.733,0.00445,0.00045,0.0,0.6153,0.638,0.5298,it,3,aside,0.95,Procedural comment about conversation flow.
177,871.47,872.23,1330971220854,1331732220854,"Senti, sei in un'altra dimensione.",-0.0923,-0.2044,0.941,0.1525,10.019,0.7592,1.278,walking,45.952343,8.9280281,0.0,0.0,2,contextual,0.9,0.76,,,,0.0,0.00445,0.00063,0.0,0.6558,0.6143,0.6257,it,2,contextual,0.9,Subjective framing of the environment.
178,880.11,881.99,1339604220854,1341490220854,"Non vuol dire che non vogliamo parlare, ma che non dovremmo parlare tanto.",-0.4648,-0.2065,0.818,0.0894,9.898,0.6765,0.877,walking,45.9522705,8.9280319,0.0,0.053,3,aside,0.95,1.88,178.6,40.2,131.9,0.847,0.08496,0.08592,0.356,0.6341,0.5145,0.3611,it,3,aside,0.95,Metalinguistic comment about speaking.
179,885.74,886.5,1345241220854,1346004220854,Per informarvi che siamo appassionati.,-0.2836,0.0184,1.476,0.0576,10.118,0.6357,0.911,walking,45.9522552,8.9279861,0.125,0.125,2,contextual,0.85,0.76,250.4,2.4,5.8,0.167,0.00924,0.00263,0.0,0.6121,0.5807,0.6805,it,2,contextual,0.85,"Frames expert's motivation, context for walk."
180,893.17,893.77,1352666220854,1353271220854,"Sì sì va benissimo, sì sì sì.",0.1389,-0.4678,0.592,0.0704,9.661,0.6712,1.275,walking,45.9522057,8.9279451,0.0,0.0,3,aside,1.0,0.6,192.0,24.5,66.3,0.842,0.08923,0.03841,0.105,0.6121,0.5846,0.5074,it,3,aside,1.0,"Conversational filler, agreement"
181,900.03,900.57,1359530220854,1360071220854,Lo vedremo quando ritorno.,0.0656,-0.2309,1.197,0.1253,10.441,0.3585,0.426,scanning,45.9521713,8.9279413,0.0,0.0,3,aside,1.0,0.54,,,,0.0,0.00329,0.00183,0.0,0.433,0.4209,0.3536,it,3,aside,1.0,Procedural comment about future action
182,909.72,911.08,1369216220854,1370582220854,"di più degli edifici, questa frase qui va compresa.",-0.2835,-0.2496,0.49,0.2098,10.042,0.6828,1.126,walking,45.9521255,8.9278946,0.0,0.0,3,aside,0.9,1.36,,,,0.0,0.00413,0.00153,0.0,0.451,0.4506,0.4637,it,3,aside,0.9,"Introduces idea, meta-commentary"
183,914.8,915.62,1374299220854,1375120220854,I cammini durano di più degli edifici.,-0.1963,-0.3001,0.506,0.0415,10.112,0.4338,0.848,walking,45.952095,8.9278793,0.0,0.0,2,contextual,1.0,0.82,,,,0.0,0.00261,0.00049,0.0,0.5424,0.4953,0.4482,it,2,contextual,1.0,General principle about paths' endurance
184,919.69,922.88,1379187220854,1382380220854,"che è una frase che per un architetto è drammatica, siamo già due.",-0.0903,-0.2996,0.545,0.1757,9.809,0.7033,1.225,walking,45.952034,8.9278278,0.0,0.0,3,aside,1.0,3.19,,,,0.0,0.00738,0.00168,0.0,0.6708,0.6412,0.6833,it,3,aside,1.0,"Humorous, self-referential comment"
185,923.08,927.83,1382581220854,1387324220854,"Stesi per terra dal dispiacere, tutta la vita disegnando volumi, ma la strada dura di più.",-0.3598,-0.1557,0.759,0.3004,9.978,0.6762,0.614,walking,45.9520264,8.9277887,0.0,0.0,3,aside,1.0,4.75,238.7,56.3,256.4,0.819,0.00632,0.00369,0.013,0.664,0.6426,0.7429,it,3,aside,1.0,Elaborates on previous humorous comment
186,930.03,930.85,1389530220854,1390351220854,"Esistono cammini molto, molto antichi.",-0.2641,-0.2152,0.589,0.2661,9.955,0.7918,0.442,scanning,45.9520226,8.9277544,0.125,0.0,2,contextual,1.0,0.82,260.9,47.8,144.1,1.0,0.00474,0.00132,0.0,0.5954,0.562,0.3959,it,2,contextual,1.0,General statement about ancient paths
187,930.89,931.53,1390391220854,1391031220854,Esistono cammini neolitici.,-0.5748,-0.1255,0.648,0.0269,10.094,0.3396,0.421,scanning,45.9520226,8.9277525,0.0,0.0,2,contextual,1.0,0.64,252.1,53.7,144.2,1.0,0.0042,0.00132,0.0,0.5918,0.5782,0.5426,it,2,contextual,1.0,"Specific historical context, not concrete instance"
188,931.55,932.91,1391051220854,1392412220854,"Non so, pensa alla rete di cammini in Italia, la Via Appia.",-0.4374,-0.1607,0.863,0.2695,10.115,0.577,0.147,scanning,45.9520226,8.9277525,0.0,0.0,2,contextual,0.9,1.36,201.0,0.9,2.3,0.116,0.00491,0.00233,0.0,0.5573,0.5329,0.5038,it,2,contextual,0.9,Concrete example supporting contextual point
189,937.82,938.12,1397316220854,1397617220854,Esiste ancora?,-0.1893,-0.1367,0.715,0.3331,10.859,1.0515,0.45,scanning,45.9520111,8.9277458,0.0,0.0,3,aside,1.0,0.3,,,,0.0,0.00404,0.00066,0.0,,,,it,3,aside,1.0,"Rhetorical question, engaging audience"
190,938.14,939.22,1397637220854,1398722220854,"E tutti questi cammini, il cammino di Santiago?",-0.5864,-0.1453,0.669,0.0542,9.872,0.6293,1.032,walking,45.9519997,8.9277363,0.0,0.0,3,aside,1.0,1.08,,,,0.0,0.00423,0.00162,0.0,0.4474,0.453,0.5021,it,3,aside,1.0,"Rhetorical question, introduces example"
191,943.48,943.68,1402979220854,1403179220854,Ancora lì.,-0.2876,-0.1068,0.585,0.0696,8.483,1.5571,1.279,walking,45.9519539,8.9276905,0.0,0.0,2,contextual,1.0,0.2,,,,0.0,0.00355,0.00065,0.0,,,,it,2,contextual,1.0,"Confirms longevity, supports general point"
192,943.7,943.84,1403199220854,1403340220854,Perché?,-0.4004,-0.1471,0.451,0.0,9.3,1.0376,1.279,walking,45.9519539,8.9276905,0.0,0.0,3,aside,1.0,0.14,218.8,7.3,19.3,1.0,0.00429,0.00065,0.0,,,,it,3,aside,1.0,"Rhetorical question, setting up explanation"
193,943.86,946.57,1403360220854,1406065220854,Perché la capacità di orientare il movimento degli animali,-0.3977,-0.1659,0.514,0.2292,10.027,0.5455,0.863,walking,45.951931,8.9276867,0.0,0.0,1,concrete,1.0,2.71,275.2,52.1,167.2,0.376,0.00507,0.00192,0.0,0.7023,0.6514,0.7034,it,1,concrete,1.0,Explains fundamental mechanism of paths
194,951.07,952.5,1410573220854,1411997220854,e degli esseri umani nello spazio è una facoltà,-0.0509,-0.2179,0.691,0.3086,9.992,0.8853,0.221,scanning,45.9519157,8.9276581,0.0,0.0,1,concrete,1.0,1.43,239.8,18.5,62.2,0.756,0.00437,0.00085,0.0,0.5314,0.5727,0.6157,it,1,concrete,1.0,Continues explaining fundamental mechanism
195,955.39,957.26,1414887220854,1416755220854,necessaria e molto antica.,-0.3514,-0.1617,0.788,0.2121,10.011,0.5587,0.916,walking,45.9519043,8.9276285,0.0,0.0,2,contextual,0.9,1.87,309.6,52.6,154.8,0.661,0.00458,0.00209,0.0,0.5327,0.5291,0.5099,it,2,contextual,0.9,Generalization about a skill's importance and age.
196,957.3,957.92,1416795220854,1417417220854,Viene ancora prima di,0.024,-0.166,0.814,0.0878,10.194,0.4988,0.916,walking,45.9519005,8.9276237,0.0,0.0,2,contextual,0.9,0.62,222.9,42.2,126.0,0.9,0.00398,0.00072,0.0,0.4425,0.4996,0.4537,it,2,contextual,0.9,Continuation of generalization about a skill's fundamental nature.
197,960.03,960.39,1419530220854,1419892220854,costruire edifici.,-0.5725,-0.2746,0.46,0.0978,9.881,0.4573,0.812,walking,45.9518929,8.9275961,0.0,0.0,2,contextual,0.9,0.36,204.2,11.5,47.5,1.0,0.00352,0.00043,0.0,,,,it,2,contextual,0.9,Continuation of generalization about a skill's fundamental nature.
198,962.12,963.85,1421622220854,1423346220854,"Sapersi orientare significa capire che qui c'è una serie, una famiglia di faggi.",-0.0307,-0.1305,1.038,0.1367,10.018,0.4476,0.516,walking,45.9518852,8.9275913,0.0,0.0,1,concrete,1.0,1.73,259.9,63.6,237.2,0.945,0.00421,0.00159,0.0,0.6004,0.6129,0.6641,it,1,concrete,1.0,Defines core skill using a concrete example.
199,968.96,969.72,1428457220854,1429221220854,Mi mettono delle fritture che io odio.,-0.5013,-0.2772,0.478,0.0443,10.029,0.5592,0.959,walking,45.9518623,8.9275532,0.0,0.0,3,aside,1.0,0.76,316.2,36.9,118.1,0.875,0.00344,0.0008,0.0,0.6069,0.5413,0.4822,it,3,aside,1.0,Off-topic personal comment.
200,969.74,969.96,1429242220854,1429463220854,Potrebbero.,-0.3777,-0.1709,0.526,0.0184,10.558,0.5934,0.959,walking,45.9518623,8.9275532,0.0,0.0,3,aside,0.8,0.22,244.7,7.9,21.5,1.0,0.00279,0.00014,0.0,,,,it,3,aside,0.8,"Short, decontextualized interjection, likely off-topic."
201,973.04,973.88,1432541220854,1433383220854,C'è un tatuaggio involontario.,0.1651,-0.2674,0.587,0.0635,9.852,0.2799,0.073,scanning,45.95187,8.9275541,0.0,0.0,3,aside,1.0,0.84,,,,0.0,0.008,0.00455,0.074,0.7718,0.7032,0.6159,it,3,aside,1.0,Off-topic personal observation.
202,973.9,976.69,1433403220854,1436189220854,Secondo voi è necessario capire,-0.0152,-0.2795,0.634,0.0727,9.938,0.439,0.147,scanning,45.95187,8.9275541,0.0,0.0,3,aside,1.0,2.79,230.2,51.4,196.3,0.943,0.00521,0.00169,0.0,0.707,0.6797,0.7907,it,3,aside,1.0,"Rhetorical question, engaging audience."
203,981.56,982.04,1441062220854,1441544220854,no veramente secondo voi,0.165,-0.2186,0.957,0.3127,10.041,1.9657,0.516,walking,45.9518623,8.9275703,0.0,0.0,3,aside,1.0,0.48,122.0,2.9,12.2,1.0,0.02467,0.0058,0.0,0.16,0.1475,0.3801,it,3,aside,1.0,"Rhetorical question, emphasizing a point."
204,985.99,987.65,1445484220854,1447153220854,è così dubbioso dove sia la questione?,0.0586,-0.2208,0.959,0.3639,9.996,1.1159,0.295,scanning,45.9518394,8.9275646,0.0,0.0,3,aside,1.0,1.66,234.8,33.7,99.9,0.712,0.00779,0.0046,0.0,0.6671,0.6349,0.6482,it,3,aside,1.0,"Rhetorical question, engaging audience."
205,990.88,991.46,1450374220854,1450957220854,"Siamo idioti, non so...",-0.2011,-0.394,0.433,0.0242,10.006,0.3333,0.449,scanning,45.9518318,8.927556,0.0,0.0,3,aside,1.0,0.58,137.3,4.9,19.3,0.737,0.0295,0.02266,0.211,0.4639,0.4764,0.5045,it,3,aside,1.0,"Self-deprecating comment, an aside."
206,994.87,1001.95,1454373220854,1461445220854,che questo esista ancora una volta indica quello che provavo a dire dall'inizio noi abbiamo dimenticato,-0.1998,-0.2208,0.564,0.0883,9.895,0.1909,0.613,walking,45.9517975,8.9275827,0.0,0.507,2,contextual,1.0,7.08,243.0,48.0,206.2,0.815,0.0055,0.00242,0.0,0.592,0.579,0.5895,it,2,contextual,1.0,"Generalization about lost societal capacity, framing."
207,1002.09,1008.75,1461585220854,1468244220854,una capacità che abbiamo che è quella di riconoscere un cammino e seguirlo e fare questo,-0.2591,-0.1808,0.564,0.0852,9.903,0.1668,0.449,dwelling,45.9518166,8.9276438,0.0,0.015,2,contextual,1.0,6.66,235.6,51.5,230.5,0.608,0.00414,0.00333,0.23,0.4757,0.5125,0.5384,it,2,contextual,1.0,Generalization about lost societal capacity.
208,1008.78,1015.06,1468284220854,1474561220854,io manderei i bambini delle elementari una volta alla settimana a fare un percorso in qualche bosco ogni volta un pezzettino diverso,-0.1913,-0.2073,0.544,0.2892,9.953,0.4954,1.107,walking,45.9518204,8.9276333,0.0,0.032,2,contextual,1.0,6.28,261.2,41.1,182.8,0.736,0.00458,0.00173,0.0,0.6381,0.5842,0.5876,it,2,contextual,1.0,"Pedagogical recommendation, contextual solution."
209,1016.65,1019.87,1476146220854,1479365220854,Quando sono arrivati a 10 anni sanno già tutto il bosco.,-0.4246,-0.166,0.641,0.0587,9.941,0.4643,0.564,walking,45.9517899,8.9275837,0.0,0.031,2,contextual,1.0,3.22,183.8,101.8,290.2,0.812,0.0062,0.00304,0.0,0.5768,0.5534,0.7326,it,2,contextual,1.0,"Pedagogical recommendation, contextual solution."
210,1020.28,1022.07,1479783220854,1481567220854,...che si trova certamente sul Monte San Giorgio e probabilmente un po' anche qua...,0.286,-0.1756,1.086,0.2155,9.938,0.6244,0.668,walking,45.9517822,8.9275723,0.0,0.235,1,concrete,0.9,1.79,109.8,11.3,30.2,0.232,0.00679,0.00719,0.232,0.3959,0.3507,0.5804,it,1,concrete,0.9,Identifies location of key feature.
211,1028.28,1029.23,1487782220853,1488730220854,Ovviamente.,-0.1575,-0.1513,0.949,0.1159,9.886,0.4454,0.962,walking,45.9517288,8.9275007,0.0,0.0,3,aside,1.0,0.95,65.0,0.0,0.0,0.267,0.00287,0.00182,0.0,0.4787,0.4195,0.3601,it,3,aside,1.0,Filler word.
212,1031.84,1034.73,1491342220854,1494228220854,costruiva cammini seguendo gli animali.,-0.2093,-0.2292,0.692,0.3342,9.841,0.6642,1.277,walking,45.9516983,8.9274559,0.0,0.0,2,contextual,0.9,2.89,192.8,107.9,329.1,0.637,0.00677,0.00571,0.055,0.5048,0.4723,0.517,it,2,contextual,0.9,General principle of path formation.
213,1036.97,1043.31,1496472220854,1502807220854,Gli animali andavano a cercare per esempio la determinata maturazione di alcuni frutti,-0.1658,-0.2046,0.768,0.3312,9.984,0.6539,0.738,walking,45.9516602,8.9274054,0.0,0.0,2,contextual,0.9,6.34,256.3,41.3,185.6,0.588,0.00555,0.00285,0.0,0.5615,0.5315,0.5875,it,2,contextual,0.9,Context for animal path-making behavior.
214,1045.97,1047.56,1505474220853,1507059220854,in certi punti del bosco.,-0.3409,-0.2362,0.858,0.0433,9.841,0.6654,0.59,walking,45.9516525,8.9273443,0.0,0.062,2,contextual,0.9,1.59,315.7,28.2,68.4,0.18,0.00496,0.00154,0.0,0.5047,0.4999,0.5862,it,2,contextual,0.9,Specific detail for animal behavior context.
215,1047.58,1049.87,1507079220853,1509366220854,Quindi i percorsi non nascono solo grazie,-0.1644,-0.2176,0.834,0.1749,10.009,0.4777,0.517,walking,45.9516487,8.9273262,0.0,0.0,2,contextual,0.9,2.29,317.0,61.2,156.0,0.403,0.00503,0.00079,0.0,0.5582,0.5484,0.4297,it,2,contextual,0.9,Introduces nuanced explanation of path origins.
216,1050.03,1050.35,1509530220854,1509852220854,disegno umano.,-0.5167,-0.1942,0.578,0.0208,9.91,0.2684,0.37,scanning,45.9516487,8.9273186,0.0,0.0,2,contextual,0.9,0.32,68.4,2.9,8.0,1.0,0.01036,0.00204,0.0,,,,it,2,contextual,0.9,Completes contextual explanation of path origins.
217,1050.39,1050.82,1509892220854,1510315220854,"Nascono quelli là,",-0.453,-0.288,0.864,0.0122,9.714,0.3874,0.37,scanning,45.9516487,8.9273186,0.0,0.0,2,contextual,0.9,0.43,,,,0.0,0.00462,0.00207,0.0,0.5479,0.4915,0.5125,it,2,contextual,0.9,"Transition, continues explanation of path origins."
218,1053.84,1056.21,1513339220853,1515708220854,a causa della rete che l'idrografia ha generato,-0.1237,-0.3438,0.602,0.1222,9.967,0.4262,0.787,walking,45.9516373,8.927289,0.0,0.0,2,contextual,0.9,2.37,222.8,18.4,48.6,0.16,0.00465,0.00126,0.0,0.4974,0.4815,0.5374,it,2,contextual,0.9,Explains general geomorphological influence on paths.
219,1062.1,1066.8,1521596220854,1526297220854,si consolidano con il movimento degli animali.,-0.2115,-0.2377,0.569,0.2321,9.902,0.7634,0.728,walking,45.951561,8.9272404,0.0,0.149,2,contextual,0.9,4.7,219.1,100.9,313.5,0.408,0.00478,0.00223,0.0,0.5194,0.5382,0.5796,it,2,contextual,0.9,General explanation of path consolidation process.
220,1067.97,1072.57,1527468220854,1532065220854,che attrae gli animali e li dirige concentra le piante in certe zone.,-0.3018,-0.1565,0.697,0.2224,9.937,0.5411,1.057,walking,45.9515381,8.9271727,0.0,0.174,2,contextual,0.9,4.6,253.7,23.5,80.0,0.139,0.00536,0.00177,0.0,0.5098,0.5164,0.6479,it,2,contextual,0.9,Describes environmental influence on animals and plants.
221,1073.35,1077.36,1532847220854,1536859220853,e non solo grazie a questa città vegetale che cresce intorno a noi,-0.1015,-0.2343,1.113,0.2938,9.993,0.4785,0.591,walking,45.9515419,8.9271364,0.0,0.0,2,contextual,0.9,4.01,96.9,56.4,146.2,0.381,0.00516,0.00176,0.0,0.5176,0.5377,0.3843,it,2,contextual,0.9,General framing of surrounding vegetation.
222,1080.03,1081.03,1539530220854,1540531220853,ma anche grazie alla composizione del terreno.,-0.0844,-0.1787,0.61,0.157,9.84,0.4963,0.812,walking,45.9515266,8.9270935,0.0,0.0,2,contextual,0.9,1.0,209.5,3.9,13.3,0.312,0.00469,0.00092,0.0,0.6723,0.6408,0.1872,it,2,contextual,0.9,Introduces general geological influencing factor.
223,1081.05,1082.01,1540551220853,1541511220854,Sia nell'arbostora che sul Monte San Giorgio,-0.4565,-0.1422,1.223,0.1323,10.088,0.4417,0.562,walking,45.9515266,8.9270906,0.0,0.0,1,concrete,0.9,0.96,230.9,18.9,44.6,0.29,0.00375,0.00073,0.0,0.7276,0.6422,0.5594,it,1,concrete,0.9,Names specific physical spaces.
224,1086.92,1088.24,1546415220854,1547738220854,la composizione della materia litica è immensamente concentrata.,-0.2423,-0.2656,0.59,0.169,10.125,0.7522,0.561,walking,45.9515076,8.9270754,0.0,0.0,1,concrete,1.0,1.32,,,,0.0,0.0061,0.00261,0.024,0.6173,0.6026,0.6085,it,1,concrete,1.0,Concrete geological fact about lithic composition.
225,1094.29,1096.92,1553789220854,1556415220854,"Immensamente, perché si scontrano due placche, quindi si frammenta la composizione della stratigrafia sottostante",-0.1837,-0.3296,0.642,0.2081,9.874,0.573,0.785,walking,45.9514809,8.9270105,0.0,0.0,1,concrete,1.0,2.63,286.2,37.9,134.6,0.602,0.00497,0.00271,0.0,0.5849,0.5538,0.261,it,1,concrete,1.0,Explains geological process forming physical features.
226,1102.57,1104.29,1562069220854,1563793220854,come se esplodessero tutti i minerali.,-0.3651,-0.206,0.574,0.1233,10.057,0.4507,0.914,walking,45.951458,8.9269514,0.0,0.0,1,concrete,0.9,1.72,267.7,33.6,175.5,0.981,0.00529,0.00272,0.0,0.6131,0.5815,0.5604,it,1,concrete,0.9,Descriptive analogy for geological process mechanism.
227,1104.31,1107.72,1563813220854,1567221220854,Nell'esplosione di questi minerali si formano zone,-0.1731,-0.164,0.744,0.3082,9.925,0.6446,0.981,walking,45.9514427,8.9269171,0.0,0.0,1,concrete,1.0,3.41,226.3,95.1,302.7,0.738,0.00659,0.0027,0.0,0.5357,0.5318,0.5523,it,1,concrete,1.0,Explains consequence of geological process (zone formation).
228,1110.03,1110.95,1569530220854,1570452220854,traggono più certe piante piuttosto che altre.,-0.3868,-0.1784,0.912,0.1089,10.263,0.3057,0.978,walking,45.9514275,8.9268656,0.0,1.0,1,concrete,1.0,0.92,271.5,10.3,43.4,0.793,0.00532,0.00119,0.0,0.5553,0.4889,0.421,it,1,concrete,1.0,Describes how plant types are affected by zones.
229,1116.97,1117.79,1576466220854,1577289220854,per esempio qui le faggete hanno trovato,-0.4195,-0.1338,0.89,0.0806,9.789,0.5165,0.518,walking,45.9514198,8.9268055,0.0,0.0,1,concrete,1.0,0.82,214.2,20.3,66.9,0.846,0.00367,0.00092,0.0,0.5195,0.5307,0.3521,it,1,concrete,1.0,Specific example of plants in this area.
230,1124.71,1128.14,1584210220854,1587643220854,una condizione completamente favorevole alla loro crescita.,-0.3144,-0.1292,1.121,0.1195,9.993,0.7813,0.996,walking,45.9513817,8.9267721,0.0,0.0,1,concrete,1.0,3.43,213.9,23.8,83.0,0.583,0.00309,0.00134,0.0,0.5502,0.5381,0.5589,it,1,concrete,1.0,Explains specific plant growth conditions here.
231,1138.54,1139.5,1598038220854,1599003220854,buongiorno,0.0853,-0.1689,1.018,0.3541,10.114,2.2786,0.811,walking,45.9513779,8.9266853,0.0,0.0,3,aside,1.0,0.96,127.4,16.1,57.6,0.935,0.02808,0.01889,0.29,0.3119,0.3379,0.4063,it,3,aside,1.0,"Standard greeting, off-topic."
232,1157.25,1161.49,1616746220854,1620990220854,Perché vi sto facendo scendere?,-0.2912,-0.2653,0.485,0.2323,9.854,0.2989,0.481,scanning,45.9513054,8.9265537,0.0,0.0,3,aside,1.0,4.24,235.0,46.8,186.4,0.496,0.00389,0.00081,0.0,0.45,0.4775,0.5996,it,3,aside,1.0,"Procedural question, rhetorical, framing activity."
233,1161.53,1162.97,1621030220854,1622471220854,Per farvi capire la differenza tra percorrere un sentiero,-0.3818,-0.3036,0.511,0.1848,9.832,0.1098,0.43,dwelling,45.951313,8.9265594,0.0,0.0,2,contextual,1.0,1.44,66.4,5.1,20.3,0.326,0.00387,0.00029,0.0,0.2731,0.3103,0.5222,it,2,contextual,1.0,"Explains purpose of activity, framing learning."
234,1165.09,1166.15,1624592220854,1625645220854,e non percorrerla.,0.007,-0.2248,0.695,0.2546,9.962,0.1085,0.295,dwelling,45.9513168,8.9265671,0.0,0.0,2,contextual,1.0,1.06,177.0,3.5,13.5,0.412,0.00249,0.00035,0.0,0.278,0.3641,0.2877,it,2,contextual,1.0,Completes framing of learning experience.
235,1170.03,1171.13,1629530220854,1630631220854,"Francesca tu dai il braccio a me, tranquilla.",-0.3982,-0.2558,0.462,0.1006,9.366,1.0857,0.074,scanning,45.9513245,8.9265604,0.0,0.0,3,aside,1.0,1.1,236.0,19.0,60.9,0.571,0.00342,0.00071,0.0,0.4763,0.4937,0.6907,it,3,aside,1.0,"Direct instruction, procedural/organizational."
236,1171.19,1171.57,1630691220854,1631071220854,Io non cago qui.,-0.4706,-0.036,0.745,0.2328,10.515,2.3101,0.074,scanning,45.9513245,8.9265594,0.0,0.0,3,aside,1.0,0.38,191.9,2.6,6.6,0.833,0.00377,0.00122,0.0,,,,it,3,aside,1.0,"Informal, humorous, off-topic self-remark."
237,1171.59,1172.07,1631091220854,1631571220854,Sono strana ma stabile.,-0.5351,-0.117,0.557,0.0647,10.18,0.8625,0.074,scanning,45.9513245,8.9265594,0.0,0.0,3,aside,1.0,0.48,318.1,30.2,76.3,0.312,0.00253,0.00099,0.0,0.4759,0.4385,0.4464,it,3,aside,1.0,"Self-referential comment, off-topic."
238,1179.14,1179.28,1638642220854,1638782220854,Grazie.,-0.1767,-0.3836,0.427,0.006,10.018,0.2286,0.0,dwelling,45.9513245,8.9265585,0.0,0.0,3,aside,1.0,0.14,227.9,3.0,7.9,1.0,0.00249,0.00031,0.0,,,,it,3,aside,1.0,Simple expression of gratitude.
239,1183.62,1186.84,1643114220854,1646341220854,Cosa succede quando facciamo un cambiamento?,-0.2373,-0.1701,0.898,0.2615,9.9,0.745,0.788,walking,45.9513206,8.9265289,0.0,0.0,2,contextual,0.9,3.22,301.6,45.8,156.1,0.851,0.00403,0.0008,0.0,0.6618,0.6167,0.6756,it,2,contextual,0.9,"Rhetorical question, framing a new topic."
240,1186.86,1188.16,1646361220854,1647664220854,Vedi la differenza?,0.0422,-0.2788,0.768,0.1411,10.17,0.4343,0.59,walking,45.9513283,8.9265146,0.0,0.0,3,aside,0.9,1.3,321.5,58.7,149.8,0.659,0.00328,0.0005,0.0,0.6377,0.5527,0.7736,it,3,aside,0.9,Direct interactive question about observation.
241,1188.18,1188.89,1647684220854,1648385220854,Senti la differenza?,-0.1542,-0.1566,0.778,0.2217,9.744,0.6166,0.562,walking,45.9513283,8.926507,0.0,0.0,3,aside,0.9,0.71,331.2,52.7,135.6,1.0,0.00363,0.00043,0.0,0.4164,0.3753,0.3779,it,3,aside,0.9,Direct interactive question about perception.
242,1189.17,1191.94,1648666220854,1651435220854,nel scendere di un percorso non determinato.,-0.0828,-0.3564,0.591,0.24,9.993,0.5095,0.516,walking,45.9513321,8.9265003,0.0,0.0,1,concrete,0.95,2.77,267.0,40.9,160.2,0.552,0.00323,0.00055,0.0,0.3791,0.383,0.4888,it,1,concrete,0.95,Describes the immediate physical path being traversed.
243,1214.04,1215.3,1673536220854,1674800220854,C'è un letto di foglie che non aiuta a capire come è fuori.,0.0529,-0.456,0.566,0.1019,9.693,0.5177,1.737,walking,45.951458,8.9263544,0.0,0.0,1,concrete,0.95,1.26,,,,0.0,0.00285,0.0004,0.0,0.5962,0.5211,0.6429,it,1,concrete,0.95,Describes concrete physical feature and its effect.
244,1221.2,1222.61,1680700220854,1682105220854,E poi puoi andare ovunque.,-0.0194,-0.0572,1.055,0.1079,10.267,0.4099,1.252,walking,45.9514999,8.9262762,0.0,0.0,1,concrete,0.95,1.41,296.8,33.4,126.6,0.867,0.00311,0.00078,0.0,0.7657,0.693,0.5351,it,1,concrete,0.95,Describes movement possibility in the current space.
245,1222.63,1226.16,1682125220854,1685656220854,Adesso qui fortunatamente puoi andare ovunque senza pericolo.,-0.0844,-0.471,0.568,0.1243,9.785,0.4165,1.387,walking,45.9514923,8.9262114,0.0,0.0,1,concrete,0.95,3.53,257.4,39.0,152.9,0.703,0.00313,0.00105,0.0,0.5597,0.5138,0.5258,it,1,concrete,0.95,Elaborates on safety of movement in current space.
246,1227.62,1229.31,1687121220854,1688805220854,Grazie.,0.1184,-0.3426,0.515,0.1181,9.841,0.3732,0.295,scanning,45.9514961,8.9261942,0.0,0.0,3,aside,0.9,1.69,302.4,24.9,72.2,0.226,0.00237,0.00046,0.0,0.6348,0.5449,0.3272,it,3,aside,0.9,"Conversational interjection, a social remark."
247,1230.03,1231.66,1689530220854,1691155220854,Altre volte la presenza di un cammino è anche ciò che ti permette di non...,0.3429,-0.1009,0.966,0.0615,9.876,0.5041,0.369,scanning,45.9514999,8.9261904,0.0,0.0,2,contextual,0.9,1.63,279.9,51.3,141.1,0.431,0.00321,0.00059,0.0,0.5926,0.5387,0.5534,it,2,contextual,0.9,Generalisation about the function of a path.
248,1242.94,1246.89,1702439220854,1706389220854,non so se il mio corpo ha registrato questa difficoltà però volevo far capire la difficoltà,-0.0526,-0.1989,0.711,0.2592,9.97,0.7163,1.814,walking,45.9515724,8.9261007,0.0,0.0,3,aside,0.85,3.95,227.6,26.5,188.1,0.935,0.00252,0.00095,0.0,0.594,0.5865,0.5349,it,3,aside,0.85,Speaker's self-reflection and communication intent.
249,1248.81,1251.52,1708310220854,1711020220854,è il cammino che ti fa andare,0.1406,-0.2266,0.53,0.0569,9.891,0.2184,1.228,walking,45.9516335,8.9261665,0.0,0.0,2,contextual,0.9,2.71,237.7,78.9,284.9,0.694,0.00477,0.00624,0.659,0.4548,0.4634,0.35,it,2,contextual,0.9,General observation about path's influence on movement.
250,1253.13,1254.29,1712626220854,1713789220854,Non siamo noi veramente.,0.1776,-0.0578,1.543,0.1638,9.847,0.6231,0.514,walking,45.9516296,8.9261799,0.0,0.0,2,contextual,0.9,1.16,268.3,29.5,91.6,0.595,0.0044,0.00078,0.0,0.5425,0.544,0.4164,it,2,contextual,0.9,"General philosophical observation, continuing previous thought."
251,1254.35,1257.82,1713849220854,1717320220854,"Eccoci qua, siamo arrivati alla Madonna dell'Ombro.",-0.0869,-0.1184,1.322,0.132,9.952,0.8457,0.563,walking,45.951622,8.9261713,0.0,0.0,1,concrete,0.95,3.47,65.5,1.6,5.9,0.239,0.00587,0.00143,0.0,0.5593,0.5524,0.6687,it,1,concrete,0.95,Announces arrival at specific named location.
252,1263.2,1263.95,1722702220854,1723446220854,che è una Madonna di Loreto.,0.2401,-0.3075,0.818,0.1143,9.994,0.6163,0.722,walking,45.9516258,8.9260836,0.0,0.0,1,concrete,0.95,0.75,235.4,19.8,58.8,0.708,0.0029,0.00071,0.0,0.4667,0.4556,0.58,it,1,concrete,0.95,Identifies type of specific named object.
253,1271.16,1271.42,1730660220854,1730921220854,Buongiorno.,0.2963,-0.2886,0.854,0.1266,9.993,1.5019,0.563,walking,45.9516525,8.9260511,0.0,0.0,3,aside,0.9,0.26,126.4,1.6,4.4,1.0,0.03902,0.00601,0.0,,,,it,3,aside,0.9,"Conversational greeting, a social remark."
254,1276.28,1278.54,1735778220854,1738040220854,"Dunque, la Madonna di Loreto si trova a Loreto su una casa",-0.0678,-0.2401,0.578,0.3014,9.921,1.0651,0.894,walking,45.9516869,8.9260235,0.0,0.0,2,contextual,0.9,2.26,250.6,52.0,193.6,0.549,0.00342,0.00122,0.0,0.5091,0.5208,0.7841,it,2,contextual,0.9,Background historical/geographical information about object's origin.
255,1284.31,1286.98,1743807220854,1746476220854,che è stata trasportata dagli angeli viene,-0.4163,-0.2091,0.467,0.2532,9.944,0.6411,0.477,scanning,45.9517136,8.9259596,0.0,0.0,1,concrete,0.95,2.67,239.3,58.1,193.1,0.536,0.00439,0.0014,0.0,0.5481,0.5754,0.6304,it,1,concrete,0.95,Describes miraculous origin of object
256,1290.03,1291.53,1749530220854,1751031220854,lontano viene alata e viene depositata sul luogo senza fondamenta.,-0.0628,-0.1946,1.49,0.1827,10.118,0.5698,0.737,walking,45.9517326,8.9259338,0.0,0.0,1,concrete,0.95,1.5,220.7,21.8,84.0,0.532,0.00501,0.00115,0.0,0.5629,0.5621,0.5837,it,1,concrete,0.95,Continues object's miraculous origin story
257,1297.5,1301.23,1756998220854,1760725220854,È un edificio miracoloso e la Madonna che lo abita diventa miracolosa anche lei.,0.1398,-0.2102,0.865,0.1619,9.993,0.7739,0.666,walking,45.9517403,8.925869,0.0,0.0,1,concrete,0.95,3.73,247.0,28.6,119.0,0.573,0.00386,0.00156,0.0,0.4824,0.4659,0.5457,it,1,concrete,0.95,Describes miraculous nature of building and Madonna
258,1305.35,1306.41,1764852220854,1765914220854,C'è anche una storia divertente a questo proposito.,0.0996,-0.2637,0.793,0.2702,10.027,0.7307,0.448,scanning,45.9517365,8.9258308,0.0,0.0,2,contextual,0.9,1.06,212.1,4.9,18.7,0.471,0.0037,0.00087,0.0,0.3895,0.3439,0.3574,it,2,contextual,0.9,Introduces a related historical anecdote
259,1311.71,1312.7,1771214220854,1772197220854,La Madonna di Loreto venne visitata nella...,-0.118,-0.129,0.616,0.103,9.787,0.842,0.449,scanning,45.9517517,8.9258251,0.0,0.0,2,contextual,0.9,0.99,209.4,10.0,31.4,0.806,0.00298,0.00048,0.0,0.2787,0.2917,0.4531,it,2,contextual,0.9,Begins narrative of a historical visit
260,1318.56,1319.72,1778056220854,1779224220854,All'inizio del Cinquecento?,-0.3263,-0.0548,0.624,0.0335,9.819,0.508,0.371,scanning,45.9517784,8.9258223,0.0,0.0,3,aside,0.95,1.16,209.6,26.5,128.0,1.0,0.00356,0.00087,0.0,0.4961,0.5339,0.6639,it,3,aside,0.95,Expert self-correction on historical date
261,1320.03,1320.81,1779530220854,1780312220854,da un gruppo di polacchi.,-0.3001,-0.1593,0.73,0.0147,9.781,0.5785,0.371,scanning,45.9517784,8.9258299,0.0,0.0,2,contextual,0.9,0.78,225.5,19.0,76.3,0.64,0.00398,0.00181,0.0,0.3801,0.3961,0.3275,it,2,contextual,0.9,Detail of historical visit narrative
262,1320.85,1321.27,1780352220854,1780773220854,Nel 1500 la Polonia,-0.3043,-0.2719,0.434,0.0215,10.082,0.462,0.371,scanning,45.9517784,8.9258299,0.0,0.25,2,contextual,0.9,0.42,209.9,24.1,89.5,0.786,0.0031,0.00102,0.0,0.3957,0.4065,0.5005,it,2,contextual,0.9,Provides historical context for the visit
263,1325.46,1330.88,1784964220854,1790374220854,viveva un'epoca di rinascimento rinascenza era molto interessata a conoscere,-0.3276,-0.2121,0.497,0.0379,9.886,0.0873,0.222,dwelling,45.9517937,8.9258394,0.0,0.167,2,contextual,0.9,5.42,185.0,12.6,60.3,0.4,0.00367,0.00086,0.0,0.2895,0.3616,0.44,it,2,contextual,0.9,Describes Poland's Renaissance era interest
264,1332.2,1334.48,1791697220854,1793984220854,di patrimonio italiano.,-0.2771,-0.2286,0.507,0.0162,9.887,0.0269,0.221,dwelling,45.9518013,8.9258623,0.0,0.739,2,contextual,0.9,2.28,175.8,14.4,49.7,0.597,0.00271,0.00031,0.0,0.38,0.4373,0.5258,it,2,contextual,0.9,Explains interest in Italian heritage
265,1334.51,1337.49,1794004220854,1796992220854,Questo gruppo di principi polacchi arriva a Loreto,-0.282,-0.2401,0.486,0.0198,9.89,0.0219,0.074,dwelling,45.9518013,8.9258652,0.0,0.367,2,contextual,0.9,2.98,222.5,39.4,196.4,0.872,0.00353,0.00058,0.0,0.4443,0.4868,0.5755,it,2,contextual,0.9,Continues historical visit anecdote
266,1341.28,1343.24,1800777220854,1802739220854,visita la casa di Loreto e cerca l'architetto,-0.2679,-0.2407,0.472,0.0265,9.881,0.0299,0.0,dwelling,45.9518013,8.9258671,0.0,0.0,2,contextual,0.9,1.96,173.7,22.9,104.2,0.403,0.00408,0.00058,0.0,0.2593,0.2934,0.4342,it,2,contextual,0.9,Details events of historical visit
267,1345.98,1349.65,1805482220854,1809146220854,o qualcuno che guidi la visita e c'è solo il guardiano.,-0.2641,-0.1883,0.519,0.0414,9.907,0.2081,0.0,dwelling,45.9518013,8.9258671,0.0,0.0,2,contextual,0.9,3.67,136.0,63.5,189.1,0.722,0.00258,0.0008,0.0,0.4547,0.5039,0.6318,it,2,contextual,0.9,Introduces character in historical anecdote
268,1350.03,1352.2,1809530220854,1811696220854,"che ha lavorato un pochino come operaio alla casa, però lui per farsi bello dice che lui è l'architetto.",-0.2181,-0.209,0.495,0.0167,9.882,0.0479,0.0,dwelling,45.9518013,8.9258671,0.0,0.0,2,contextual,0.9,2.17,193.7,24.7,86.4,0.632,0.00314,0.0009,0.0,0.5072,0.5371,0.5864,it,2,contextual,0.9,Describes character's actions in anecdote
269,1356.51,1360.09,1816010220854,1819593220854,"spiega tutto benissimo, questi si entusiasmano, è una storia vera, si entusiasmano.",-0.274,-0.2017,0.811,0.1709,9.933,0.7069,0.0,scanning,45.9518013,8.925868,0.0,0.0,2,contextual,0.9,3.58,200.7,31.9,101.2,0.634,0.00394,0.00089,0.0,0.5518,0.5826,0.6855,it,2,contextual,0.9,"Continues anecdote, affirms truthfulness"
270,1362.86,1367.08,1822355220854,1826581220854,"Dicono, no, ma lei deve venire con noi.",-0.4254,-0.2383,0.468,0.0519,9.874,0.0336,0.0,dwelling,45.9518013,8.925868,0.0,0.233,2,contextual,0.9,4.22,181.7,21.7,72.3,0.864,0.00349,0.001,0.0,0.4712,0.4969,0.4458,it,2,contextual,0.9,Narrative detail providing historical/biographical context.
271,1367.12,1368.26,1826622220854,1827763220854,"Le diamo, venga con noi.",-0.3971,-0.2441,0.414,0.0178,9.86,0.0934,0.0,dwelling,45.9517975,8.925868,0.0,0.0,2,contextual,0.9,1.14,218.6,54.6,208.1,0.944,0.00358,0.00085,0.0,0.5935,0.5772,0.4858,it,2,contextual,0.9,"Continues the narrative, contextual background."
272,1368.28,1368.68,1827783220854,1828184220854,Lui non era sposato.,-0.4654,-0.2637,0.419,0.002,9.92,0.084,0.0,dwelling,45.9517975,8.925868,0.0,0.0,2,contextual,0.9,0.4,,,,0.0,0.00325,0.00046,0.0,0.3447,0.3197,0.4335,it,2,contextual,0.9,"Background information about character, supports narrative."
273,1368.74,1373.64,1828244220854,1833136220854,non aveva figli era un guardiano libero senza niente senza grandi legami e dice perché no,-0.2563,-0.2515,0.513,0.2499,9.88,0.3838,0.0,scanning,45.9517975,8.925868,0.0,0.163,2,contextual,0.9,4.9,177.9,52.5,193.5,0.701,0.00581,0.00454,0.104,0.4021,0.4225,0.5206,it,2,contextual,0.9,Provides character context and motivation in narrative.
274,1377.11,1377.43,1836606220854,1836928220854,È così.,-0.4723,-0.1192,0.396,0.0039,10.102,0.259,0.0,scanning,45.9517975,8.925868,0.0,0.0,2,contextual,0.8,0.32,378.5,27.4,97.1,0.909,0.00295,0.00033,0.0,,,,it,2,contextual,0.8,Emphatic statement reinforcing preceding narrative context.
275,1380.03,1381.68,1839530220854,1841175220854,insieme a loro fingendo di essere l'architetto questi lo trattano benissimo,-0.051,-0.1913,0.844,0.21,9.981,0.9219,0.073,scanning,45.9517975,8.9258709,0.0,0.0,2,contextual,0.9,1.65,243.3,51.4,201.3,0.673,0.00506,0.00217,0.0,0.6264,0.6177,0.714,it,2,contextual,0.9,"Develops the story plot, contextual background."
276,1386.19,1387.97,1845689220854,1847471220854,"Però invece che andare direttamente da Loreto in Polonia, loro fanno moltissime tappe.",-0.3431,-0.3359,0.462,0.0625,9.879,0.2064,0.443,dwelling,45.9517746,8.9258547,0.0,0.0,2,contextual,0.9,1.78,231.7,19.6,80.9,0.696,0.00524,0.00242,0.0,0.5864,0.5668,0.4459,it,2,contextual,0.9,"Details journey in the narrative, contextual information."
277,1393.2,1394.88,1852696220854,1854379220854,e nelle tappe che fanno lo presentano come il super architetto.,0.0029,-0.2391,0.5,0.0468,9.883,0.0436,0.073,dwelling,45.951767,8.9258451,0.0,0.0,2,contextual,0.9,1.68,230.3,24.7,101.0,0.962,0.00623,0.00168,0.0,0.5527,0.5381,0.6501,it,2,contextual,0.9,Further plot development within the historical narrative.
278,1394.9,1398.37,1854399220854,1857866220854,E lui ogni volta nel panico perché non lo è.,-0.0828,-0.2166,0.473,0.1427,9.921,0.3147,0.0,scanning,45.951767,8.9258471,0.0,0.0,2,contextual,0.9,3.47,236.7,53.6,182.1,0.587,0.007,0.00542,0.138,0.6431,0.6295,0.6329,it,2,contextual,0.9,"Describes character's state, advancing the story context."
279,1401.05,1405.1,1860552220854,1864602220854,e nel cammino incontra anche architetti famosi e veri e del Cinquecento entra in biblioteca e siccome lui sa leggere,-0.0884,-0.2885,0.762,0.3248,9.924,0.3195,0.0,scanning,45.951767,8.9258471,0.0,0.171,2,contextual,0.9,4.05,227.7,33.4,129.7,0.787,0.00594,0.00266,0.0,0.5912,0.5775,0.6016,it,2,contextual,0.9,Explains events contributing to character's development.
280,1406.75,1407.87,1866246220854,1867369220854,in questo lunghissimo viaggio che fa.,0.2718,-0.232,2.596,0.311,9.901,0.1159,0.0,dwelling,45.951767,8.925848,0.0,1.0,2,contextual,0.9,1.12,303.6,45.9,136.8,0.694,0.00594,0.00277,0.0,0.5769,0.5531,0.4538,it,2,contextual,0.9,Describes the journey as part of the narrative context.
281,1410.03,1411.27,1869530220854,1870772220854,"da Loreto a Cracovia, realmente diventa un architetto perché",0.1344,-0.2766,0.769,0.2841,9.96,0.5553,0.0,scanning,45.951767,8.925848,0.0,1.0,2,contextual,0.9,1.24,190.3,25.6,118.7,0.897,0.00739,0.00311,0.0,0.5325,0.4909,0.5962,it,2,contextual,0.9,"Key outcome of the narrative, providing historical context."
282,1417.96,1419.43,1877461220854,1878925220854,"guardando i monumenti, relazionandosi con tutte le persone con cui",-0.3921,-0.2649,0.384,0.0176,9.903,0.1505,0.0,dwelling,45.9517632,8.925848,0.0,0.733,2,contextual,0.9,1.47,252.2,31.8,129.8,0.913,0.00921,0.00445,0.0,0.5739,0.5293,0.4905,it,2,contextual,0.9,Explains process of character's transformation.
283,1424.24,1425.96,1883739220854,1885461220854,"entra in contatto senza volerlo, a furia di pensare di essere architetto lo diventa.",-0.3913,-0.1368,1.51,0.1359,9.879,0.2788,0.0,scanning,45.9517632,8.925849,0.0,0.471,2,contextual,0.9,1.72,257.7,30.6,120.1,0.907,0.00734,0.00371,0.0,0.571,0.4977,0.4155,it,2,contextual,0.9,Continues explanation of character's transformation.
284,1431.07,1437.07,1890568220854,1896566220854,e siccome è un uomo molto intelligente acquisisce tutte le informazioni che gli servono quindi quando lui è arrivato a Cracovia,-0.413,-0.1656,0.572,0.112,9.881,0.0539,0.0,dwelling,45.9517632,8.925848,0.0,0.467,2,contextual,0.9,6.0,230.3,49.6,227.8,0.824,0.00603,0.00265,0.0,0.6527,0.6412,0.6061,it,2,contextual,0.9,Adds character trait and sets up next part of story.
285,1437.53,1439.64,1897028220854,1899144220854,È l'architetto di Loreto.,-0.3966,-0.1485,0.471,0.1534,9.877,0.2043,0.0,dwelling,45.9517632,8.925849,0.0,0.095,1,concrete,0.9,2.11,172.5,19.1,68.6,0.636,0.00395,0.00117,0.0,0.3936,0.4637,0.3642,it,1,concrete,0.9,Names a key figure for the core subject.
286,1440.03,1440.2,1899530220854,1899699220854,Grazie.,0.1513,-0.0122,1.111,0.0028,10.052,0.1262,0.0,dwelling,45.9517632,8.925849,0.0,0.0,3,aside,1.0,0.17,,,,0.0,0.00291,0.0004,0.0,,,,it,3,aside,1.0,"Social utterance, filler."
287,1440.32,1442.08,1899817220854,1901581220854,costruisce un'architettura straordinaria quasi identica alla casa di Loreto,-0.484,-0.1617,1.032,0.2342,9.866,0.1281,0.0,dwelling,45.9517632,8.925849,0.0,0.833,1,concrete,1.0,1.76,248.8,33.5,133.5,0.643,0.00648,0.00276,0.0,0.4947,0.4931,0.3802,it,1,concrete,1.0,Describes core subject's creation.
288,1448.72,1454.51,1908217220854,1914009220854,e contribuisce in una maniera epocale a diffondere questa tipologia.,-0.374,-0.2482,0.404,0.0351,9.888,0.0756,0.0,dwelling,45.9517632,8.925849,0.0,0.379,2,contextual,0.9,5.79,221.4,37.7,126.8,0.735,0.00579,0.00261,0.0,0.5156,0.5504,0.5073,it,2,contextual,0.9,Generalization about subject's impact and spread.
289,1455.15,1456.13,1914650220854,1915632220854,quindi grazie alla falsificazione di un impostore,-0.3773,-0.2311,0.379,0.0284,9.88,0.046,0.0,dwelling,45.9517632,8.9258499,0.0,0.4,1,concrete,0.9,0.98,256.5,51.8,167.4,0.871,0.00628,0.00233,0.0,0.5101,0.5102,0.5571,it,1,concrete,0.9,Specific historical fact for the subject.
290,1460.98,1463.87,1920482220854,1923372220854,"che però era brillante e intelligente, che ha fatto una carriera incredibile.",-0.2392,-0.2014,0.352,0.151,9.94,0.5137,0.0,scanning,45.9517632,8.9258499,0.0,0.429,2,contextual,0.9,2.89,252.9,50.1,190.9,1.0,0.0081,0.00406,0.011,0.8364,0.7769,0.7119,it,2,contextual,0.9,Background details on a key person.
291,1464.31,1468.04,1923813220854,1927542220854,"si sposa, ha numerosi figli, apre le scuole di architettura, non mi ricordo.",-0.3343,-0.2494,0.377,0.0382,9.885,0.1156,0.424,dwelling,45.9517593,8.9258518,0.0,0.135,3,aside,0.9,3.73,243.3,30.2,133.2,0.949,0.01249,0.0128,0.205,0.702,0.6479,0.6547,it,3,aside,0.9,Contains explicit self-correction and procedural talk.
292,1470.03,1470.81,1929530220854,1930311220854,"perché ero a ricordarlo, lo metteremo.",-0.3086,-0.2657,0.367,0.0212,9.885,0.0288,0.147,dwelling,45.951767,8.9258537,0.0,0.0,3,aside,1.0,0.78,247.4,47.9,151.2,0.84,0.00719,0.00225,0.0,0.7535,0.6412,0.6443,it,3,aside,1.0,"Procedural, internal thought."
293,1470.85,1472.15,1930351220854,1931652220854,Lui contribuisce a far sì che questa casa senza fondamenta,-0.3556,-0.2883,0.374,0.0195,9.886,0.0758,0.0,dwelling,45.9517632,8.9258537,0.0,0.077,1,concrete,1.0,1.3,203.3,18.9,57.8,0.902,0.00677,0.00292,0.0,0.6367,0.6277,0.4581,it,1,concrete,1.0,Describes a person's role for the subject.
294,1476.58,1479.53,1936077220854,1939027220854,"i principi della casa senza fondamento, della casa degli angeli, arrivi in altri posti del mondo.",-0.3696,-0.2654,0.387,0.0752,9.89,0.0912,0.424,dwelling,45.9517555,8.9258442,0.0,0.567,1,concrete,1.0,2.95,225.3,35.8,154.4,0.957,0.00668,0.0031,0.032,0.6658,0.646,0.5169,it,1,concrete,1.0,Describes core subject's spread globally.
295,1483.1,1488.34,1942598220854,1947839220854,"Anche questa è figlia in diretta di questa storia, perché se no la casa di Loreto...",-0.2502,-0.2262,0.553,0.1717,9.908,0.6289,0.22,scanning,45.9517632,8.9258394,0.192,0.538,1,concrete,1.0,5.24,198.4,29.1,133.2,0.768,0.0045,0.00172,0.0,0.4914,0.5259,0.5643,it,1,concrete,1.0,Links current observation to the core story.
296,1488.34,1491.59,1947839220854,1951093220854,"sarebbe rimasta solo a Loreto, invece la leggenda",-0.1779,-0.2822,0.381,0.0514,9.896,0.0909,0.481,dwelling,45.9517708,8.9258404,0.0,0.97,1,concrete,0.9,3.25,197.1,28.1,187.2,0.892,0.00496,0.00216,0.0,0.5824,0.6048,0.5932,it,1,concrete,0.9,Continues narrative on the core subject's legend.
297,1492.62,1497.8,1952116220854,1957303220854,"E' così, questa memoria, questa mitografia di una casa portata dagli angeli senza fondamenta,",-0.0757,-0.262,0.426,0.0342,9.885,0.0463,0.148,dwelling,45.9517632,8.9258356,0.0,0.058,1,concrete,1.0,5.18,194.9,22.6,110.7,0.852,0.00487,0.00153,0.0,0.4941,0.4977,0.5556,it,1,concrete,1.0,Names and defines the core legend/mythography.
298,1500.03,1501.82,1959530220854,1961317220854,riuscita a muoversi così tanto e questo è anche un tema per me importante,-0.1735,-0.2427,0.466,0.0329,9.884,0.2053,0.45,dwelling,45.9517593,8.9258556,0.0,0.0,1,concrete,0.8,1.79,165.1,16.1,44.2,0.411,0.00228,0.00077,0.0,0.33,0.3985,0.4389,it,1,concrete,0.8,Main content discusses core subject's spread.
299,1505.53,1509.7,1965031220854,1969202220854,perché le architetture sono il risultato della combinazione tra la forma del luogo e le storie che arrivano.,-0.1407,-0.2959,0.5,0.1416,9.947,0.359,0.561,walking,45.9517517,8.9258604,0.0,0.024,2,contextual,1.0,4.17,185.9,29.3,136.6,0.718,0.0042,0.00151,0.023,0.6283,0.6078,0.6182,it,2,contextual,1.0,Generalization framing architectural concepts.
300,1512.45,1516.77,1971950220854,1976264220854,Le storie che arrivano a volte sono come totalmente imprevedibili.,-0.2358,-0.213,0.459,0.038,9.906,0.0996,0.074,dwelling,45.9517441,8.9258518,0.0,0.0,2,contextual,0.9,4.32,117.9,67.3,166.6,0.603,0.00345,0.00145,0.0,0.3437,0.4362,0.4215,it,2,contextual,0.9,"General observation, framing for upcoming discussion."
301,1519.62,1522.87,1979114220854,1982368220854,"E questa è una di rocce, una bellissima di Apulcis.",-0.0926,-0.1461,1.074,0.3396,10.009,1.1137,0.0,scanning,45.9517441,8.9258509,0.0,0.0,1,concrete,1.0,3.25,251.7,40.2,221.9,0.598,0.00549,0.00247,0.0,0.7249,0.6682,0.746,it,1,concrete,1.0,Directly identifies and names a specific object (rock).
302,1525.29,1528.22,1984792220854,1987723220854,"La chiesa è stata appena restaurata, come vedrete.",0.063,-0.1332,1.495,0.2113,10.082,0.5161,0.725,walking,45.9517555,8.925828,0.0,0.0,1,concrete,1.0,2.93,222.1,37.4,138.0,0.598,0.00378,0.00097,0.0,0.5263,0.5255,0.5336,it,1,concrete,1.0,Describes a specific feature/state of the church.
303,1530.03,1530.81,1989530220854,1990313220854,C'è un'idea di restauro in Ticino?,0.0451,-0.148,1.963,0.2166,10.0,0.5983,0.915,walking,45.9517555,8.9257984,0.0,0.0,2,contextual,0.9,0.78,308.7,21.7,70.0,0.4,0.00334,0.00088,0.0,0.7049,0.6609,0.6409,it,2,contextual,0.9,Introduces a general concept/question about restoration ideas.
304,1533.68,1535.83,1993184220854,1995326220854,"e soprattutto nel Ticino di ora, che è più simile alla scuola francese della scuola inglese.",-0.0486,-0.1915,1.146,0.2391,10.059,0.3774,0.734,walking,45.951767,8.9257526,0.0,0.0,2,contextual,0.9,2.15,235.4,46.9,198.5,0.838,0.00398,0.00065,0.0,0.4732,0.498,0.5359,it,2,contextual,0.9,Provides contextual comparison of restoration schools.
305,1540.31,1541.73,1999810220854,2001233220854,Alla scuola inglese dice che l'edificio è come la povera chiesa.,-0.0873,-0.2514,0.768,0.395,10.082,1.3394,0.074,scanning,45.9517746,8.9257355,0.0,0.0,2,contextual,0.9,1.42,234.3,52.5,173.2,0.644,0.00299,0.00077,0.0,0.5446,0.5674,0.4352,it,2,contextual,0.9,Explains the conceptual approach of the English school.
306,1545.84,1548.27,2005342220854,2007769220854,Gli metti un bastone ma non le puoi impedire di morire.,0.1369,-0.2633,0.5,0.028,9.954,0.0561,0.433,dwelling,45.951767,8.9257345,0.0,0.0,2,contextual,0.9,2.43,202.2,33.3,134.1,0.816,0.00338,0.00055,0.0,0.4267,0.4573,0.4352,it,2,contextual,0.9,Continues explaining the English school's philosophy conceptually.
307,1551.01,1551.63,2010508220854,2011129220854,La curi un po'.,0.1416,-0.1684,0.503,0.0467,10.451,0.4693,0.45,scanning,45.9517784,8.9257421,0.0,0.0,2,contextual,0.9,0.62,,,,0.0,0.00247,0.00043,0.0,0.4942,0.4705,0.4854,it,2,contextual,0.9,Further elaborates on the conceptual approach.
308,1551.67,1556.15,2011169220854,2015653220854,E questo crea una scuola di pensiero dell'edificio antico che bisogna che si veda vecchio.,0.1975,-0.3101,0.531,0.049,9.909,0.1102,0.431,dwelling,45.9517708,8.925746,0.244,0.0,2,contextual,0.9,4.48,231.9,38.1,194.2,0.759,0.00342,0.00127,0.0,0.5637,0.5624,0.5792,it,2,contextual,0.9,Generalizes the principle of the English school of thought.
309,1558.56,1559.97,2018061220854,2019466220854,esempi di questo sono i viaggi,0.1798,-0.2706,0.597,0.019,9.962,0.0339,0.074,dwelling,45.9517632,8.9257498,0.0,0.0,2,contextual,0.8,1.41,238.5,41.4,114.6,0.867,0.00441,0.00167,0.0,0.5325,0.5517,0.5472,it,2,contextual,0.8,Introduces examples to illustrate the previous concept.
310,1560.05,1562.17,2019550220854,2021674220854,inglesi che disegnano tutte queste rovine con l'edera sopra che vedi più l'edera dell'edificio,0.1038,-0.2276,0.606,0.0589,10.008,0.1139,0.074,dwelling,45.9517632,8.9257507,0.0,0.0,2,contextual,0.9,2.12,190.1,21.6,63.0,0.597,0.0038,0.0007,0.0,0.5289,0.5569,0.5695,it,2,contextual,0.9,Gives an illustrative example for the English school concept.
311,1567.2,1568.27,2026702220854,2027766220854,E poi invece c'è la scuola francese che dice no.,0.1192,-0.2878,0.661,0.0142,9.988,0.0896,0.074,dwelling,45.9517593,8.925746,0.0,0.0,2,contextual,0.9,1.07,276.7,55.3,174.0,0.882,0.00429,0.00184,0.0,0.6005,0.6025,0.5092,it,2,contextual,0.9,Introduces a contrasting conceptual approach (French school).
312,1568.29,1569.53,2027787220854,2029032220854,Bisogna dare l'idea di che cos'era.,0.144,-0.3409,0.577,0.0182,9.932,0.1641,0.074,dwelling,45.9517593,8.925746,0.083,0.0,2,contextual,0.9,1.24,203.3,25.5,65.8,0.385,0.00293,0.00063,0.0,0.647,0.6688,0.8275,it,2,contextual,0.9,Explains the core principle of the French school's approach.
313,1574.21,1575.53,2033705220854,2035029220854,"Quindi, non so, mancava la torre, manca la torre di un castello?",0.1142,-0.2564,0.699,0.0224,9.944,0.1304,0.0,dwelling,45.9517593,8.925745,0.0,0.0,2,contextual,0.9,1.32,237.0,39.1,111.0,0.5,0.0028,0.00085,0.0,0.5127,0.5366,0.481,it,2,contextual,0.9,Presents a hypothetical example to illustrate the concept.
314,1575.55,1575.87,2035049220854,2035370220854,"Eh, la facciamo.",0.1246,-0.2034,0.718,0.0038,9.985,0.1309,0.0,dwelling,45.9517593,8.925745,0.0,0.0,2,contextual,0.9,0.32,292.0,31.4,76.3,1.0,0.00706,0.00341,0.0,,,,it,2,contextual,0.9,Completes the hypothetical example illustrating the concept.
315,1581.23,1581.57,2040725220854,2041065220854,Come la facciamo?,0.3246,-0.3226,0.674,0.0977,9.903,0.3376,0.0,scanning,45.9517593,8.925745,0.0,0.0,3,aside,0.9,0.34,350.3,2.7,8.1,0.455,0.0068,0.00146,0.0,,,,it,3,aside,0.9,Procedural question about how to proceed.
316,1581.59,1583.27,2041086220854,2042768220854,"Così cerchiamo dei documenti, però l'importante è rifare.",0.1799,-0.3459,0.563,0.14,10.058,0.5571,0.0,scanning,45.9517593,8.925745,0.0,0.0,3,aside,0.9,1.68,299.7,37.9,102.6,0.34,0.00795,0.00246,0.0,0.7926,0.7153,0.7829,it,3,aside,0.9,Discusses the method of doing something.
317,1586.53,1589.91,2046033220854,2049406220854,Esempio di questo c'è un intero villaggio medievale con castelli,-0.1585,-0.3201,0.448,0.0335,9.909,0.1254,0.0,dwelling,45.9517593,8.925745,0.0,0.0,2,contextual,0.85,3.38,245.5,64.2,217.2,0.83,0.00611,0.00318,0.028,0.6412,0.6418,0.6825,it,2,contextual,0.85,Providing historical example to illustrate a general concept.
318,1590.07,1591.82,2049570220854,2051317220854,e tutto che si chiama carcasson che è stato completamente inventato,-0.0829,-0.3278,0.436,0.211,9.94,0.2011,0.0,dwelling,45.9517593,8.925745,0.0,0.0,2,contextual,0.85,1.75,225.2,54.7,222.1,0.964,0.00387,0.00126,0.0,0.6274,0.6033,0.5704,it,2,contextual,0.85,Providing historical example to illustrate a general concept.
319,1594.57,1600.06,2054069220854,2059562220854,"nel 1800 per dare l'idea di come era il Medioevo, ma senza andare troppo lontano, anche a Milano è così, il Castello Sforzesco che è stato",-0.1867,-0.1753,0.788,0.156,9.95,0.5482,0.0,scanning,45.9517593,8.925745,0.0,0.0,2,contextual,0.85,5.49,181.6,60.3,221.4,0.651,0.00495,0.00163,0.0,0.6378,0.6252,0.7023,it,2,contextual,0.85,Providing historical example to illustrate a general concept.
320,1602.57,1609.36,2062068220854,2068857220854,costruito dalle stesse persone che esercitavano un'influenza politica e culturale qua,-0.1501,-0.2396,0.652,0.2138,9.982,0.3366,0.423,scanning,45.9517555,8.9257479,0.0,0.0,2,contextual,0.85,6.79,219.5,58.5,256.3,0.423,0.00467,0.00151,0.0,0.4707,0.5133,0.4724,it,2,contextual,0.85,Providing historical example to illustrate a general concept.
321,1610.98,1614.19,2070481220854,2073690220854,"che poi è andato in rovina, è stato ricostruito nel 1800 con una torre che si chiama Torre del Filarete",0.009,-0.282,0.508,0.0375,9.934,0.207,0.148,dwelling,45.951767,8.9257698,0.0,0.0,2,contextual,0.85,3.21,227.5,37.1,162.7,0.693,0.00508,0.00157,0.0,0.6146,0.5798,0.5939,it,2,contextual,0.85,Providing historical example to illustrate a general concept.
322,1616.66,1619.06,2076157220854,2078563220854,che questo filarete non ha costruito mai.,-0.1277,-0.2363,0.499,0.0651,9.936,0.0668,0.0,dwelling,45.9517708,8.9257727,0.0,0.0,2,contextual,0.85,2.4,194.9,33.4,137.5,0.855,0.00401,0.00105,0.0,0.5827,0.5706,0.5574,it,2,contextual,0.85,Providing historical example to illustrate a general concept.
323,1619.11,1619.79,2078604220854,2079285220854,Se la sono inventata sui dei,-0.0994,-0.2132,0.549,0.0264,9.901,0.1808,0.0,dwelling,45.9517708,8.9257727,0.0,0.0,2,contextual,0.9,0.68,180.5,19.3,64.1,0.955,0.00276,0.00042,0.0,0.4777,0.4897,0.578,it,2,contextual,0.9,Generalizing from examples about stories transforming places.
324,1620.03,1621.27,2079530220854,2080773220854,e questo dà un'idea di come tante volte queste storie,-0.1711,-0.266,0.412,0.0543,9.929,0.2483,0.0,dwelling,45.9517708,8.9257727,0.0,0.0,2,contextual,0.9,1.24,250.7,42.2,140.8,1.0,0.00415,0.00086,0.0,0.6808,0.6522,0.8207,it,2,contextual,0.9,Generalizing from examples about stories transforming places.
325,1628.03,1629.01,2087529220854,2088513220854,e trasformano in maniera radicale i luoghi e...,-0.5906,-0.2412,0.507,0.1266,10.044,0.5096,0.432,scanning,45.951767,8.9257727,0.0,0.0,2,contextual,0.9,0.98,65.3,1.1,4.3,0.452,0.00361,0.00102,0.0,0.5381,0.4858,0.3923,it,2,contextual,0.9,Generalizing from examples about stories transforming places.
326,1633.93,1638.42,2093430220854,2097917220854,E' forse uno dei modi migliori per entrare in contatto con il patrimonio bioculturale.,-0.0725,-0.1629,1.109,0.3042,10.023,0.8352,0.426,scanning,45.9517632,8.9257669,0.0,0.022,2,contextual,0.9,4.49,207.6,30.1,155.4,0.929,0.00367,0.00126,0.0,0.462,0.5054,0.553,it,2,contextual,0.9,General framing about connecting with biocultural heritage.
327,1638.5,1645.0,2097997220854,2104499220854,"Uno come questo, dove abbiamo un bosco che informa su certe cose e poi come gli esseri umani lo interpretano.",-0.1366,-0.198,0.951,0.2449,9.968,0.5162,0.431,scanning,45.9517708,8.925766,0.0,0.0,2,contextual,0.85,6.5,176.3,44.0,210.5,0.824,0.00268,0.00091,0.0,0.4501,0.4817,0.5728,it,2,contextual,0.85,General description of a place type and human interpretation.
328,1646.0,1647.64,2105499220854,2107142220854,e accettare la convivenza.,-0.2473,-0.1599,1.125,0.1045,9.969,0.0507,0.0,dwelling,45.9517746,8.9257669,0.0,0.0,2,contextual,0.9,1.64,228.0,31.2,128.6,0.519,0.00359,0.00226,0.0,0.5433,0.5246,0.5558,it,2,contextual,0.9,General concept about acceptance and coexistence.
329,1650.03,1651.45,2109530220854,2110954220854,per navigare tra gli endemismi e le storie venute da fuori.,-0.3868,-0.2585,0.795,0.1411,9.965,0.7452,0.0,scanning,45.9517746,8.9257669,0.0,0.0,2,contextual,0.9,1.42,236.6,57.2,186.4,0.8,0.00428,0.00132,0.0,0.5486,0.5624,0.6287,it,2,contextual,0.9,Abstract concept about navigating local and external stories.
330,1656.3,1659.23,2115800220854,2118727220854,"E questi sono francesi, dicono che bisogna pulire tutto, bisogna dare l'idea di tutto bello ordinato.",-0.133,-0.2955,0.977,0.1576,9.92,0.6438,0.073,scanning,45.9517746,8.925766,0.0,0.0,3,aside,0.9,2.93,210.1,50.7,191.5,0.75,0.00312,0.00077,0.0,0.5365,0.5511,0.6867,it,3,aside,0.9,"General observation, cultural comment."
331,1664.24,1664.38,2123739220854,2123880220854,Grazie.,-0.4583,-0.1921,0.828,0.0538,10.219,1.0275,0.563,walking,45.9517822,8.9257441,0.0,0.0,3,aside,1.0,0.14,,,,0.0,0.0023,0.00027,0.0,,,,it,3,aside,1.0,"Polite interjection, filler."
332,1672.87,1677.8,2132373220854,2137302220854,che ospitano via Crucis sono montagne sacre o sono zone particolarmente sacramenti,0.1348,-0.1828,0.73,0.2405,9.977,0.6725,0.452,scanning,45.951767,8.9256887,0.0,0.0,2,contextual,0.95,4.93,276.3,37.6,145.3,0.335,0.00464,0.00166,0.0,0.4836,0.5303,0.6008,it,2,contextual,0.95,Explains significance of sacred mountains/Via Crucis.
333,1680.07,1681.3,2139570220854,2140795220854,Adesso noi stiamo facendo una scesa microscopica.,-0.322,-0.1464,1.543,0.2518,10.039,1.7903,0.073,scanning,45.9517593,8.9256792,0.0,0.0,1,concrete,0.95,1.23,65.3,0.6,1.5,0.154,0.00445,0.00134,0.0,0.4554,0.4639,0.4849,it,1,concrete,0.95,Describes current physical movement in space.
334,1684.89,1686.06,2144390220854,2145555220854,Però l'idea dell'ascesa ti ricorda...,0.1381,-0.1637,0.69,0.0221,9.949,0.1461,0.0,dwelling,45.9517593,8.9256792,0.0,0.0,2,contextual,0.95,1.17,242.3,41.7,154.9,0.865,0.00421,0.0012,0.0,0.6201,0.6167,0.477,it,2,contextual,0.95,Introduces concept of ascent for contextual explanation.
335,1689.01,1690.81,2148507220854,2150312220854,si ricorda la storia una storia esemplare ultra drammatica di una persona,0.0446,-0.2221,1.221,0.2333,10.08,0.6191,0.729,walking,45.9517479,8.9256573,0.0,0.0,2,contextual,0.95,1.8,,,,0.0,0.00177,0.00061,0.0,0.5328,0.5169,0.4213,it,2,contextual,0.95,"Introduces historical, exemplary story."
336,1701.38,1702.72,2160877220854,2162219220854,grazie a un'ascesa è arrivato sulla sommità ed è trasceso l'ascesa,-0.4141,-0.1436,0.667,0.0408,9.952,0.2793,0.429,scanning,45.9517441,8.9255991,0.0,0.0,2,contextual,0.95,1.34,,,,0.0,0.00325,0.00072,0.0,0.4425,0.4672,0.3725,it,2,contextual,0.95,Connects ascent to historical/symbolic transcendence.
337,1709.19,1709.97,2168692220854,2169466220854,Porta Alessandria.,-0.3623,-0.0512,1.119,0.0599,10.187,0.4114,0.667,walking,45.9517326,8.92556,0.0,0.0,1,concrete,1.0,0.78,235.1,4.9,16.5,0.44,0.00186,0.00063,0.0,0.5169,0.5258,0.628,it,1,concrete,1.0,Names a specific physical gate/place.
338,1710.03,1711.45,2169530220854,2170954220854,Trascendere vuol dire tecnicamente superare i limiti di tesi.,-0.3892,-0.1257,0.889,0.0544,10.183,0.3697,0.62,walking,45.951725,8.92556,0.5,0.0,2,contextual,1.0,1.42,66.0,2.7,10.5,0.356,0.00382,0.00318,0.156,0.3052,0.3421,0.457,it,2,contextual,1.0,Defines a conceptual term.
339,1715.67,1716.33,2175166220854,2175827220854,stesso i limiti del tuo corpo.,0.479,-0.2704,0.604,0.1324,10.13,0.9593,0.664,walking,45.9517136,8.9255333,0.0,0.0,2,contextual,1.0,0.66,,,,0.0,0.0044,0.00093,0.0,0.4762,0.4831,0.4908,it,2,contextual,1.0,Continues definition of transcendence.
340,1716.35,1717.61,2175847220854,2177108220854,"In questo caso è grazie a una condanna, a una crocifissione",0.3102,-0.1421,0.875,0.214,9.946,0.4668,0.666,walking,45.9517021,8.9255266,0.0,0.0,2,contextual,0.95,1.26,,,,0.0,0.00438,0.00076,0.0,0.4869,0.4974,0.553,it,2,contextual,0.95,Provides specific historical/religious context.
341,1722.17,1724.94,2181672220854,2184444220854,e a qualcuno che offre se stesso per il bene di tutti gli altri.,-0.368,-0.2425,0.668,0.036,10.081,0.2842,0.517,walking,45.9517059,8.9254723,0.0,0.0,2,contextual,0.95,2.77,65.0,0.0,0.0,0.103,0.00412,0.00117,0.0,0.4269,0.4723,0.4219,it,2,contextual,0.95,Continues historical/religious context of self-sacrifice.
342,1726.13,1733.23,2185629220854,2192725220854,"E quando noi rifacciamo questa scesa, quel minimo, minimo sforzo che facciamo, che è piccolissimo, cioè non stiamo facendo niente,",0.2135,-0.1777,0.901,0.2627,9.988,0.6763,0.598,walking,45.9516907,8.9254351,0.0,0.0,1,concrete,0.85,7.1,259.4,54.6,204.3,0.617,0.00412,0.0024,0.009,0.5789,0.576,0.7078,it,1,concrete,0.85,Describes current physical effort during descent.
343,1734.31,1737.8,2193808220854,2197299220854,ci mette in contatto con una storia maggiore e ci porta in un luogo,-0.0966,-0.1564,0.832,0.3261,10.032,0.8424,0.487,scanning,45.9516945,8.9254179,0.057,0.0,2,contextual,0.95,3.49,244.2,31.5,103.2,0.391,0.00306,0.00074,0.0,0.4392,0.4944,0.516,it,2,contextual,0.95,"Links action to broader, greater story."
344,1740.03,1741.45,2199530220854,2200953220854,celebra il contatto tra gli esseri umani e le divinità.,0.1227,-0.1392,0.756,0.2574,9.991,0.3849,0.789,walking,45.9516983,8.9253902,0.0,0.0,2,contextual,0.95,1.42,231.5,56.4,213.3,0.956,0.00432,0.0012,0.0,0.4994,0.5201,0.4127,it,2,contextual,0.95,Explains symbolic significance of place/contact.
345,1745.28,1746.72,2204778220854,2206222220854,Questa idea che è certamente cristiana lo è anche prima.,-0.2256,-0.1754,0.549,0.1889,9.899,0.7822,0.514,walking,45.9516983,8.9253626,0.0,0.0,2,contextual,0.9,1.44,65.0,0.0,0.0,0.087,0.00524,0.00179,0.0,0.5715,0.5767,0.7122,it,2,contextual,0.9,General historical/conceptual context of an idea.
346,1750.71,1754.78,2210212220854,2214278220854,tante chiese che noi troviamo in queste zone che sono molto neolitiche,0.3533,-0.2164,0.43,0.0973,9.972,0.3413,0.074,scanning,45.9516983,8.9253235,0.0,0.0,2,contextual,0.85,4.07,208.1,36.0,217.0,0.953,0.00361,0.00108,0.0,0.5201,0.5592,0.6657,it,2,contextual,0.85,General reference to churches in a region.
347,1755.32,1758.67,2214819220854,2218170220854,"sono ricchissimi di patrimonio celtico, in alcuni casi sono anche neandertal, trovano nei cammini e nei siti",0.0432,-0.1412,0.808,0.2465,9.926,0.4679,0.368,scanning,45.9516945,8.9253197,0.0,0.0,2,contextual,0.9,3.35,210.4,14.8,73.2,0.848,0.0038,0.00109,0.0,0.5199,0.5273,0.4579,it,2,contextual,0.9,Elaborates on historical context of general sites.
348,1762.96,1766.34,2222463220854,2225834220854,sulla sommità di determinate colline o montagne una sequenza di questa storia.,0.357,-0.2051,0.466,0.1332,9.971,0.3686,0.369,scanning,45.9516945,8.9252729,0.0,0.0,2,contextual,0.85,3.38,209.6,20.7,90.5,0.858,0.00401,0.00089,0.0,0.5703,0.6006,0.5661,it,2,contextual,0.85,General geographical reference for historical context.
349,1766.66,1767.24,2226155220854,2226737220854,Il sacro è...,0.3449,-0.2516,0.364,0.1513,9.592,0.346,0.434,scanning,45.9516869,8.9252787,0.0,0.0,2,contextual,0.95,0.58,189.6,16.4,80.6,1.0,0.00343,0.00112,0.0,0.5744,0.5646,0.6615,it,2,contextual,0.95,Framing/introducing an abstract conceptual definition.
350,1770.05,1772.94,2229550220854,2232437220854,entrare in contatto con qualcosa più grande di noi che costruisce la creazione che dà vita a tutto quello che ci circonda,0.0358,-0.2245,0.462,0.2613,9.94,0.4027,0.148,scanning,45.9516716,8.9252777,0.517,0.0,2,contextual,0.95,2.89,204.5,27.7,115.1,0.989,0.00428,0.00132,0.0,0.5108,0.5308,0.4803,it,2,contextual,0.95,Abstract definition of a spiritual concept.
351,1778.03,1778.57,2237529220854,2238070220854,E questo è fatto benissimo.,-0.208,-0.38,0.452,0.0363,9.763,0.3169,0.369,scanning,45.9516602,8.9252634,0.0,0.0,2,contextual,0.8,0.54,65.0,0.0,0.0,0.529,0.00242,0.0013,0.0,0.5201,0.5202,0.4071,it,2,contextual,0.8,General positive evaluation of the walk/site.
352,1784.14,1785.66,2243637220854,2245159220854,c'è una delle cose più belle di questa via crucis che a me piace tantissimo,0.1728,-0.3334,2.389,0.0653,9.929,0.2061,0.22,dwelling,45.951664,8.9252481,0.0,0.0,1,concrete,0.9,1.52,158.1,17.7,70.0,0.688,0.0027,0.00043,0.0,0.2399,0.3115,0.5957,it,1,concrete,0.9,Identifies specific feature (via crucis).
353,1791.81,1794.37,2251305220854,2253871220854,è che è totalmente accessibile cioè non è andiamo sull'Everest solo il più atletico può,-0.4032,-0.2311,1.185,0.1385,9.943,0.6422,0.0,scanning,45.9516563,8.9252424,0.0,0.04,1,concrete,0.95,2.56,151.5,49.0,163.7,0.593,0.00338,0.00092,0.0,0.3205,0.4025,0.5003,it,1,concrete,0.95,Describes a concrete attribute (accessibility).
354,1799.81,1799.97,2259309220854,2259466220854,Grazie.,0.2111,-0.3196,3.122,0.0,9.825,0.0988,0.0,dwelling,45.9516563,8.9252424,0.0,0.0,3,aside,1.0,0.16,256.1,3.6,10.4,1.0,0.0013,0.00025,0.0,,,,it,3,aside,1.0,Direct expression of thanks (aside).
355,1800.03,1801.86,2259530220854,2261354220854,"Qui qualsiasi, il piccolino, l'anziano, le famiglie, le persone come noi.",0.1412,-0.3497,2.414,0.1459,9.906,0.1993,0.0,dwelling,45.9516563,8.9252424,0.0,0.0,1,concrete,0.95,1.83,213.5,46.3,169.3,0.603,0.00414,0.00116,0.0,0.5915,0.587,0.736,it,1,concrete,0.95,Elaborates on concrete feature's accessibility.
356,1805.58,1806.95,2265082220854,2266447220854,come te come me possono scoprire che esiste qualcosa che va oltre,0.2202,-0.2234,0.779,0.1441,9.85,0.7677,0.0,scanning,45.9516563,8.9252424,0.0,0.462,2,contextual,0.8,1.37,237.4,28.4,96.2,0.605,0.00405,0.00071,0.0,0.4496,0.4754,0.5626,it,2,contextual,0.8,Describes experience derived from site's feature.
357,1811.53,1817.51,2271025220854,2277011220854,i limiti del visibile e del percepibile nello spazio e nel tempo ridottissimo della nostra vita.,-0.1252,-0.2969,1.043,0.0404,9.917,0.2575,0.0,scanning,45.9516563,8.9252424,0.0,0.017,2,contextual,0.9,5.98,194.5,48.7,292.2,0.882,0.00373,0.00129,0.0,0.4709,0.518,0.5354,it,2,contextual,0.9,"Elaborates on abstract, conceptual meaning."
358,1817.91,1823.37,2277412220854,2282867220854,aver sagomato questa via crucis con questa ampiezza significa che riuscivano a salire anche dei carri,-0.2447,-0.1806,1.108,0.0836,9.912,0.2056,0.0,dwelling,45.9516563,8.9252424,0.0,0.296,1,concrete,0.95,5.46,213.6,37.0,215.3,0.556,0.0037,0.00115,0.0,0.5699,0.583,0.48,it,1,concrete,0.95,Describes design and dimension of via crucis.
359,1824.43,1828.78,2283930220854,2288282220854,"dei cavalli, magari delle persone che non camminavano, magari dei malati.",-0.23,-0.203,0.549,0.0262,9.924,0.0659,0.0,dwelling,45.9516563,8.9252424,0.0,0.977,1,concrete,0.95,4.35,159.3,41.1,157.5,0.824,0.00391,0.00121,0.0,0.4915,0.5293,0.5902,it,1,concrete,0.95,Explains practical use of via crucis design.
360,1830.03,1831.76,2289530220854,2291255220854,non indicano solo fare un piccolo sforzo per ascendere ed entrare in uno spazio,-0.2122,-0.2303,1.516,0.0196,9.92,0.0541,0.0,dwelling,45.9516563,8.9252424,0.0,0.706,2,contextual,0.9,1.73,215.5,35.8,132.0,0.964,0.00491,0.00259,0.0,0.4753,0.529,0.4781,it,2,contextual,0.9,General description of sacred space purpose/meaning.
361,1836.19,1837.85,2295689220854,2297350220854,"sei a contatto con ciò che trascende, ma anche dare la possibilità a chiunque.",0.0279,-0.1952,0.969,0.188,9.977,0.6549,0.0,scanning,45.9516563,8.9252424,0.0,0.0,2,contextual,0.9,1.66,141.9,64.7,142.6,0.327,0.00337,0.00065,0.0,0.4374,0.4879,0.3763,it,2,contextual,0.9,"Elaboration on meaning of sacred spaces, accessibility."
362,1844.58,1848.63,2304076220854,2308126220854,di arrivare in un luogo sacro e poi ancestralmente i luoghi sacri sono anche quelli che ospitano il numero maggiore di piante medicinali.,0.1793,-0.3187,0.542,0.2271,9.928,0.1132,0.0,dwelling,45.9516563,8.9252424,0.0,0.439,2,contextual,0.9,4.05,205.0,47.2,183.6,0.874,0.00504,0.00115,0.0,0.5658,0.5848,0.4422,it,2,contextual,0.9,General historical context of sacred places and plants.
363,1852.58,1856.14,2312075220854,2315640220854,Quindi essere curati nello spirito significa anche essere curati nel corpo.,-0.0013,-0.287,1.265,0.0647,9.905,0.2206,0.0,dwelling,45.9516563,8.9252424,0.0,0.0,2,contextual,0.9,3.56,207.4,43.4,223.0,0.482,0.00453,0.00093,0.0,0.4324,0.4587,0.2896,it,2,contextual,0.9,General philosophical conclusion from previous context.
364,1862.83,1863.11,2322331220854,2322612220854,Grazie.,0.2281,-0.3256,1.156,0.0908,9.912,0.3721,0.367,scanning,45.9516563,8.9252377,0.0,0.0,3,aside,1.0,0.28,273.2,16.6,56.9,1.0,0.00184,0.00037,0.0,,,,it,3,aside,1.0,Procedural: simple 'thank you'.
365,1865.68,1867.05,2325183220854,2326547220854,C'è uno scultore gessista incredibile che si chiama Casella.,0.037,-0.2156,0.903,0.1858,10.166,0.6972,0.73,walking,45.9516449,8.92521,0.0,0.0,1,concrete,0.9,1.37,250.8,65.6,172.5,0.744,0.0027,0.00064,0.0,0.5242,0.5099,0.4377,it,1,concrete,0.9,Names specific artisan related to the space.
366,1873.23,1873.97,2332729220854,2333470220854,Grazie.,0.0824,-0.1284,0.55,0.2572,10.086,0.5556,0.727,walking,45.9516449,8.9251757,0.0,0.0,3,aside,1.0,0.74,,,,0.0,0.003,0.00111,0.0,0.3604,0.3472,0.4101,it,3,aside,1.0,Procedural: simple 'thank you'.
367,1876.25,1878.15,2335747220854,2337649220854,"Poi i solari naturalmente, loro mettono le mani ovunque, ogni edificio ha avuto le loro mani.",0.0086,-0.2714,0.721,0.166,10.123,0.5002,0.955,walking,45.9516258,8.9251423,0.0,0.0,1,concrete,0.9,1.9,176.9,22.8,89.1,0.933,0.00748,0.00117,0.0,0.494,0.5506,0.5617,it,1,concrete,0.9,Describes agents influencing buildings' physical state.
368,1906.45,1906.73,2365949220854,2366230220854,God bless you.,0.1956,0.0383,0.69,0.0067,9.84,0.3682,0.981,walking,45.9514503,8.9249468,0.0,0.0,3,aside,0.9,0.28,333.3,4.9,15.6,1.0,0.00213,0.00018,0.0,,,,nn,3,aside,0.9,Off-topic interjection/blessing.
369,1949.18,1949.38,2408679220854,2408881220854,Grazie.,-0.0792,-0.1816,0.457,0.0418,9.983,0.4435,3.325,walking,45.9516907,8.9249134,0.0,0.0,3,aside,1.0,0.2,247.3,5.8,18.3,1.0,0.00136,0.00039,0.0,,,,it,3,aside,1.0,Procedural: simple 'thank you'.
370,1950.03,1951.59,2409530220854,2411091220854,una forma dialettale dell'italiano del 1500 che viene dalla parola angelo.,-0.1519,-0.1361,0.635,0.107,10.01,0.663,2.452,walking,45.9517059,8.9248905,0.0,0.0,3,aside,0.9,1.56,154.9,12.8,51.0,0.939,0.00356,0.00048,0.0,0.3667,0.3953,0.5546,it,3,aside,0.9,Metalinguistic remark about language etymology.
371,1958.18,1960.69,2417681220854,2420190220854,Questa è una delle riproduzioni della casa che è stata portata dagli angeli.,-0.0159,-0.4279,0.374,0.0275,9.905,0.0326,1.176,walking,45.9516792,8.9249382,0.0,0.0,1,concrete,0.9,2.51,159.8,13.6,59.0,0.949,0.00249,0.00038,0.0,0.338,0.3709,0.4577,it,1,concrete,0.9,Describes specific object and its associated legend.
372,1964.75,1964.89,2424245220854,2424385220854,Perché?,-0.0818,-0.3279,0.351,0.0043,9.9,0.0238,0.927,walking,45.9516373,8.9249573,0.0,0.0,3,aside,1.0,0.14,269.2,4.3,12.4,1.0,0.00297,0.00036,0.0,,,,it,3,aside,1.0,Procedural: direct question.
373,1964.91,1966.83,2424405220854,2426327220854,Perché siamo sopra una montagna la cui sommità litica determina la posizione dell'edificio.,-0.0235,-0.3853,0.311,0.0211,9.881,0.0639,1.29,walking,45.9516258,8.9249601,0.0,0.0,1,concrete,1.0,1.92,165.6,22.2,88.0,0.984,0.00371,0.00043,0.0,0.3577,0.4402,0.527,it,1,concrete,1.0,Explains physical geography determining building location.
374,1973.92,1978.58,2433415220854,2438083220854,Quindi la forma della montagna ha permesso l'applicazione della stessa.,-0.257,-0.2478,0.595,0.2848,9.982,0.884,0.428,scanning,45.95158,8.9250107,0.0,0.17,1,concrete,1.0,4.66,190.2,20.7,112.5,1.0,0.00329,0.00128,0.0,0.5107,0.5311,0.7186,it,1,concrete,1.0,Reinforces physical determinant of building's placement.
375,1978.72,1979.73,2438224220854,2439226220854,Ha permesso che la riconoscesse.,-0.3336,-0.1529,0.652,0.0509,10.071,0.3055,0.45,scanning,45.9515686,8.9250078,0.0,0.0,1,concrete,0.9,1.01,197.1,20.0,62.9,1.0,0.00284,0.00043,0.0,0.429,0.4596,0.0885,it,1,concrete,0.9,Explains a consequence/property of a concrete feature.
376,1981.85,1983.64,2441352220854,2443139220854,diventa legittimo perché le caratteristiche naturali lo permettono.,0.3316,-0.1827,0.694,0.2466,10.03,1.0134,0.613,walking,45.9515533,8.9249964,0.0,0.0,1,concrete,0.9,1.79,206.0,29.3,75.6,0.893,0.00306,0.00065,0.0,0.4261,0.4289,0.4116,it,1,concrete,0.9,Explains why something is legitimate by natural characteristics.
377,1986.83,1988.49,2446331220854,2447993220854,Poi entriamo in contatto con la mia pietra favorita che si chiama il marmo di arzo.,0.1251,-0.3828,0.312,0.0899,9.894,0.1363,0.0,dwelling,45.9515419,8.9250002,0.0,0.0,1,concrete,0.9,1.66,196.4,64.4,231.7,0.942,0.002,0.00092,0.0,0.2075,0.2803,0.3452,it,1,concrete,0.9,"Names a specific, tangible object (Arzo marble)."
378,1998.37,2002.87,2457873220854,2462369220854,Questa specie di prosciutto contiene fossili molto importanti.,-0.2427,-0.2701,0.59,0.0741,9.814,0.3417,0.0,scanning,45.9515381,8.9250021,0.0,0.8,1,concrete,0.9,4.5,213.9,26.7,125.4,1.0,0.00406,0.00192,0.0,0.4329,0.4722,0.5376,it,1,concrete,0.9,Describes composition/parts of the object.
379,2005.4,2009.2,2464901220854,2468695220854,Nel punto in cui si spacca la montagna che vi dicevo sul Monte San Giorgio?,-0.2296,-0.1288,0.394,0.0638,10.005,0.2926,0.0,scanning,45.9515381,8.9250021,0.053,0.158,1,concrete,0.8,3.8,222.3,47.5,135.4,0.235,0.00503,0.00211,0.0,0.3636,0.4354,0.5527,it,1,concrete,0.8,Identifies a specific geographical and geological feature.
380,2010.03,2011.81,2469530220854,2471312220854,si formano tanti strati uno di questi diventa il marmo di arzo,-0.2098,-0.3579,0.356,0.0486,9.877,0.1496,0.0,dwelling,45.9515381,8.9250021,0.0,0.722,1,concrete,0.9,1.78,168.0,10.0,50.9,0.554,0.00409,0.00139,0.0,0.3565,0.4273,0.1976,it,1,concrete,0.9,Explains the formation process of the marble.
381,2014.56,2016.34,2474056220854,2475840220854,Il marmo di alzo è il più policromo e il più difficile da lavorare del pianeta Terra.,-0.1246,-0.2587,0.318,0.0637,9.96,0.0505,0.0,dwelling,45.9515381,8.9250021,0.0,1.0,1,concrete,0.9,1.78,222.1,43.5,168.2,0.911,0.00633,0.00286,0.0,0.5562,0.5726,0.5705,it,1,concrete,0.9,Describes concrete properties of the marble.
382,2025.76,2027.12,2485257220854,2486620220854,corrisponde a una diversità della composizione minerale,-0.1048,-0.3792,0.405,0.2939,10.132,0.5266,0.0,scanning,45.9515381,8.9250021,0.0,0.786,1,concrete,0.9,1.36,191.8,24.7,87.1,1.0,0.00326,0.001,0.0,0.4808,0.4755,0.5375,it,1,concrete,0.9,Explains the mineral composition influencing properties.
383,2031.23,2033.65,2490725220854,2493153220854,"Quindi se tu dai un colpo forte magari riesci a tagliare questo, ma disintegri questo.",-0.1864,-0.3265,0.328,0.0425,9.777,0.408,0.0,scanning,45.9515381,8.9250021,0.667,1.0,1,concrete,0.9,2.42,196.7,33.8,135.3,0.934,0.00535,0.00206,0.0,0.4953,0.5399,0.3768,it,1,concrete,0.9,Illustrates how the marble works under manipulation.
384,2037.45,2039.89,2496947220854,2499385220854,"Per esempio, vedete qua, se voi toccate qua.",-0.1716,-0.3548,0.382,0.1096,9.822,0.2693,0.0,scanning,45.9515381,8.9250011,0.0,0.8,1,concrete,0.8,2.44,191.6,22.4,89.4,0.935,0.00424,0.00103,0.0,0.4856,0.5208,0.6071,it,1,concrete,0.8,Directs attention to a concrete example on the object.
385,2040.03,2041.11,2499530220854,2500613220854,sentirete che è fratturato lo sentite anche qua,0.0055,-0.1838,0.417,0.0623,9.768,0.3558,0.0,scanning,45.9515381,8.9250011,0.0,1.0,1,concrete,0.9,1.08,199.4,35.4,130.3,0.971,0.00403,0.00107,0.0,0.2973,0.3434,0.3904,it,1,concrete,0.9,"Describes an observable, tactile property of the object."
386,2045.77,2047.23,2505267220854,2506730220854,Quindi chi è in grado di fare anche solo questa balaustra semplice?,-0.2053,-0.2754,0.433,0.0329,9.707,0.2549,3.58,walking,45.9513206,8.9248371,0.6,1.0,1,concrete,0.9,1.46,222.1,20.7,85.5,0.891,0.00316,0.0012,0.0,0.32,0.3643,0.4102,it,1,concrete,0.9,Discusses implications of marble properties on craftsmanship.
387,2053.14,2056.7,2512642220854,2516204220854,"che per un marmo di candovoglia, per un marmo omogeneo è facilissimo.",-0.1473,-0.1413,0.429,0.0822,9.869,0.4096,3.909,walking,45.9512215,8.925518,0.0,1.0,1,concrete,0.9,3.56,188.8,13.7,63.3,0.973,0.00668,0.00274,0.0,0.3948,0.4214,0.4959,it,1,concrete,0.9,Compares marble's properties to other concrete objects.
388,2056.72,2058.53,2516224220854,2518026220854,Chi riesce a fare questo è già un mago.,-0.2276,-0.2642,0.373,0.1034,9.772,0.3483,1.964,walking,45.95121,8.9254818,0.0,1.0,1,concrete,0.9,1.81,281.4,32.9,84.9,0.228,0.00443,0.00178,0.0,0.5087,0.5347,0.4721,it,1,concrete,0.9,Emphasizes concrete property (difficulty) through hyperbole.
389,2060.99,2064.32,2520489220853,2523816220854,"Se tu riesci a lavorare questo, se tu riesci a fare queste colonnine, vedete che per esempio le colonnine hanno meno...",-0.2111,-0.4786,0.396,0.1284,9.788,0.1142,2.426,walking,45.9516373,8.9249868,0.0,1.0,1,concrete,0.8,3.33,233.3,37.4,184.6,0.971,0.00532,0.00171,0.0,0.6383,0.6067,0.7914,it,1,concrete,0.8,"Discusses working with marble, points to specific parts."
390,2069.19,2069.54,2528691220854,2529038220854,meno con,-0.1997,-0.4451,0.354,0.0035,9.747,0.0407,1.504,walking,45.9516335,8.9250193,0.0,1.0,1,concrete,0.9,0.35,228.8,33.5,74.6,1.0,0.00303,0.00081,0.0,,,,it,1,concrete,0.9,Discussing material's physical property or state.
391,2070.03,2071.46,2529530220854,2530958220853,perché se fossero tutte così si sarebbero già spezzate.,-0.176,-0.553,0.414,0.0577,9.801,0.1126,1.504,walking,45.9516449,8.9250298,0.0,1.0,1,concrete,0.9,1.43,180.5,18.6,69.7,0.844,0.00284,0.00041,0.0,0.3814,0.3932,0.3012,it,1,concrete,0.9,Explains material's fragility if fully uniform.
392,2074.43,2076.24,2533934220854,2535740220854,Chi riesce a lavorare questo è un mago e questi maghi diventano,-0.2621,-0.2411,0.4,0.0869,9.816,0.1415,2.477,walking,45.9516754,8.9250479,0.0,1.0,2,contextual,0.95,1.81,232.7,44.2,160.2,0.947,0.00496,0.00192,0.0,0.5653,0.5679,0.3311,it,2,contextual,0.95,Discusses the skilled people working the material.
393,2078.89,2084.72,2538389220853,2544223220854,"I picasas diventano i maestri commaccini, diventano gli scultori incredibili di questa zona, diventano i gessisti.",-0.2767,-0.2135,0.365,0.1441,9.848,0.1299,4.236,walking,45.9514389,8.9247799,0.259,1.0,2,contextual,0.95,5.83,190.2,22.4,151.9,0.923,0.00537,0.00253,0.022,0.3631,0.4395,0.441,it,2,contextual,0.95,Names types of skilled local artisans/sculptors.
394,2086.89,2092.7,2546388220854,2552194220854,guardate questi gesti guardate questa roba pazzesco cioè è una espressione artistica,0.1472,-0.0468,0.731,0.3083,10.032,0.9304,2.963,walking,45.9516068,8.9245272,0.0,0.293,2,contextual,0.9,5.81,221.6,35.7,131.9,0.731,0.00334,0.00119,0.0,0.3891,0.4231,0.3398,it,2,contextual,0.9,Comments on artistic expression of craftsmanship.
395,2094.47,2097.9,2553967220853,2557399220854,di chi conosce la lavorazione della pietra e la lavorazione,-0.3811,-0.2357,0.693,0.1114,9.91,0.4944,2.736,walking,45.9516296,8.9247475,0.0,0.8,2,contextual,0.9,3.43,206.7,30.3,132.0,0.944,0.00476,0.00215,0.0,0.4003,0.4801,0.5604,it,2,contextual,0.9,Emphasizes knowledge of stone working skill.
396,2100.03,2102.22,2559530220854,2561715220854,della materia dimensionale come pochi altri sono questi gli artisti che vengono chiamati a Roma,-0.0025,-0.0614,0.845,0.1555,10.01,0.312,1.738,walking,45.9515839,8.9248343,0.227,0.0,2,contextual,0.95,2.19,197.0,27.1,98.5,0.971,0.00341,0.00109,0.0,0.4398,0.4825,0.6199,it,2,contextual,0.95,"States artisans' unique skill, called to Rome."
397,2107.83,2109.24,2567329220854,2568734220854,a costruire le statue e i gessi delle chiese romane.,-0.0025,-0.121,0.851,0.2267,9.944,0.712,1.276,walking,45.9513855,8.9249115,0.0,0.071,2,contextual,0.95,1.41,,,,0.0,0.00212,0.00045,0.0,0.5045,0.5332,0.5709,it,2,contextual,0.95,Details artisans' work in Roman churches.
398,2112.37,2118.74,2571866220854,2578241220854,"Quasi tutti, per esempio sulla montagna di San Giorgio c'è un villaggio che si chiama Vigiu.",-0.4034,-0.1736,0.329,0.0339,9.89,0.0544,1.686,walking,45.9514275,8.9248838,0.0,1.0,2,contextual,0.95,6.37,199.7,30.0,146.7,0.85,0.00414,0.00108,0.0,0.3801,0.435,0.6168,it,2,contextual,0.95,Introduces historical village as example context.
399,2118.76,2121.77,2578261220854,2581272220854,dove ci sono circa 200 abitanti nel 1600,-0.3917,-0.1495,0.343,0.0221,9.883,0.0294,1.552,walking,45.9514427,8.9249697,0.0,1.0,2,contextual,0.95,3.01,186.0,21.7,89.1,0.737,0.00337,0.00062,0.0,0.2581,0.3402,0.4197,it,2,contextual,0.95,Gives historical population data for context.
400,2123.8,2128.57,2583299220854,2588064220854,"300 vigiutesi, cioè di più di quello che lo stesso villaggio era capace di contenere, abitavano a Roma",-0.4895,-0.1375,0.338,0.0589,9.884,0.1174,1.436,walking,45.9513664,8.9250288,0.0,0.979,2,contextual,0.95,4.77,195.4,34.9,165.2,0.967,0.0038,0.00122,0.0,0.4936,0.5353,0.5177,it,2,contextual,0.95,Explains historical presence of villagers in Rome.
401,2130.03,2132.52,2589530220854,2592016220853,un quartiere dei vigiutesi che stava facendo tutte le statue di tutte le chiese di Roma a questo livello era la abilità,-0.3425,-0.2235,0.309,0.1956,9.876,0.3031,0.896,walking,45.9513321,8.9250355,0.0,0.0,2,contextual,0.95,2.49,164.9,12.7,61.9,0.462,0.00465,0.00091,0.0,0.4691,0.5283,0.5456,it,2,contextual,0.95,"Describes skilled artisans' Roman quarter, historical ability."
402,2138.03,2140.36,2597529220854,2599855220854,di questi scultori architetti cioè il centro del mondo dal punto di vista dell'abilità sculta,-0.4371,-0.1899,0.343,0.043,9.902,0.086,0.222,dwelling,45.9514198,8.9250441,0.0,1.0,2,contextual,0.95,2.33,198.6,13.6,63.2,0.959,0.00264,0.00108,0.0,0.3122,0.3962,0.3668,it,2,contextual,0.95,States their global sculptural importance historically.
403,2144.21,2146.72,2603705220854,2606215220854,"è determinato ancora una volta dalla natura, dalla difficoltà di lavorare la materia.",-0.1662,-0.4586,0.453,0.1092,9.893,0.0211,1.473,walking,45.951355,8.9250269,0.0,1.0,2,contextual,0.9,2.51,203.3,18.0,63.2,1.0,0.0041,0.00076,0.0,0.3887,0.4255,0.5389,it,2,contextual,0.9,"Attributes skill to material difficulty, generalisation."
404,2151.48,2153.64,2610978220853,2613144220854,super interessante oltretutto vedete come varia cromaticamente questa si chiama macchia rossa,-0.2393,-0.434,0.566,0.0726,9.829,0.1441,1.944,walking,45.9512901,8.9249792,0.0,0.955,1,concrete,0.95,2.16,236.2,39.5,114.2,0.853,0.00484,0.00164,0.0,0.4417,0.4423,0.4531,it,1,concrete,0.95,Names and describes a specific visual feature.
405,2159.18,2159.87,2618682220854,2619365220854,Poi ce n'è un altro più grigio.,-0.0801,-0.4665,0.52,0.1812,9.676,1.5536,2.201,walking,45.9512177,8.9249773,0.0,1.0,1,concrete,1.0,0.69,198.9,10.1,41.3,0.909,0.00312,0.00084,0.0,0.384,0.4047,0.4991,it,1,concrete,1.0,Describes a physical feature by its color.
406,2161.21,2161.8,2620711220854,2621302220854,Vediamo se lo trovo.,0.0349,-0.5967,0.462,0.0182,9.864,0.3088,0.873,walking,45.9512024,8.9249773,0.0,0.0,3,aside,1.0,0.59,179.1,7.4,34.4,0.947,0.00166,0.00039,0.0,0.3753,0.3557,0.3811,it,3,aside,1.0,"Procedural self-talk, expert seeking something."
407,2170.97,2177.39,2630465220854,2636894220854,"Così, poi ce n'è uno più giallo, ma vedete che è sempre continuo, è giallo, è grigio, è rosso.",-0.0887,-0.3541,0.434,0.1383,9.886,0.4497,1.112,walking,45.9513817,8.9251623,0.8,0.0,1,concrete,1.0,6.42,200.5,30.5,125.5,0.861,0.00332,0.00107,0.0,0.5172,0.5614,0.6934,it,1,concrete,1.0,Describes physical features: colors and continuity.
408,2178.5,2184.95,2637996220853,2644451220854,"Andate a vedere la cattedrale di San Lorenzo, che è dove ovviamente non ho nessuna quantità e sono abitante.",-0.2117,-0.3229,0.461,0.1329,9.838,0.6595,1.277,walking,45.9513779,8.9251833,0.344,0.359,2,contextual,0.8,6.45,176.6,30.6,151.1,0.837,0.00385,0.00112,0.0,0.4622,0.4578,0.606,it,2,contextual,0.8,"Tangential example (cathedral), includes personal aside."
409,2185.97,2189.87,2645474220854,2649366220854,"Esorbitante, nessuna chiesa di un villaggetto si siede a lui.",-0.2593,-0.1268,0.557,0.2235,9.772,0.5593,1.322,walking,45.9514351,8.9251003,0.41,0.436,2,contextual,0.9,3.9,167.4,18.6,116.7,0.91,0.00411,0.00176,0.0,0.3858,0.4365,0.6125,it,2,contextual,0.9,Generalization about the cathedral's significance.
410,2190.28,2190.42,2649783220854,2649923220854,Grazie.,-0.1777,0.0182,0.906,0.0,9.945,0.1007,1.351,walking,45.951416,8.9250669,0.0,0.0,3,aside,1.0,0.14,,,,0.0,0.00112,0.00014,0.0,,,,it,3,aside,1.0,"Social interjection, expressing thanks."
411,2198.28,2198.32,2657782220854,2657816220854,Grazie.,-0.1194,0.2146,0.737,0.0,10.064,0.188,2.178,walking,45.9512901,8.9251328,0.0,0.0,3,aside,1.0,0.04,,,,,,,,,,,it,3,aside,1.0,"Social interjection, expressing thanks."
412,2206.2,2206.7,2665696220854,2666198220854,"Noi siamo così, no?",-0.0074,-0.528,0.522,0.0258,10.051,0.5512,2.904,walking,45.9513626,8.9251461,0.0,0.8,2,contextual,0.9,0.5,374.1,16.7,44.5,0.312,0.00561,0.00228,0.0,0.6657,0.5573,0.5194,it,2,contextual,0.9,"Rhetorical question, cultural generalization about people."
413,2211.06,2212.48,2670556220854,2671983220854,Anche questo per me è sovrapposito.,-0.3677,-0.1225,0.656,0.0283,10.001,0.0994,2.905,walking,45.9514618,8.9250355,0.0,0.0,3,aside,0.8,1.42,228.5,28.6,83.7,0.578,0.00272,0.00048,0.0,0.3552,0.4273,0.6129,it,3,aside,0.8,"Personal, subjective emotional opinion expressed."
414,2214.9,2219.53,2674395220854,2679025220854,Mi commuove vedere un popolo che sa fare questo e lo fa così.,-0.1175,-0.1116,0.87,0.2195,9.99,0.4537,1.187,walking,45.9515533,8.924963,0.0,0.0,3,aside,1.0,4.63,216.2,31.0,135.0,0.828,0.0041,0.00079,0.0,0.5067,0.5383,0.6315,it,3,aside,1.0,Explicit personal emotional reaction from the expert.
415,2220.03,2221.03,2679530220854,2680532220854,silenziosamente non solo lo fanno lo dipingono,0.2106,-0.5994,0.357,0.0435,9.948,0.0333,4.32,walking,45.9517441,8.9248409,0.0,0.0,2,contextual,0.9,1.0,203.6,11.5,49.1,1.0,0.00249,0.00076,0.0,0.3939,0.4527,0.3641,it,2,contextual,0.9,Describes general human cultural activity/craft.
416,2233.42,2233.98,2692918220854,2693479220854,"È pazzesco, no?",-0.4689,-0.0654,0.819,0.0178,9.983,0.118,1.953,walking,45.9517899,8.9249411,1.0,0.0,3,aside,1.0,0.56,183.1,21.4,55.4,1.0,0.00526,0.00071,0.0,0.4184,0.4476,0.4205,it,3,aside,1.0,"Rhetorical exclamation, expressing subjective wonder."
417,2239.96,2243.13,2699459220854,2702628220854,pazzesco c'è e plasma uno spazio dove non c'è vera differenza tra tra le le,-0.1013,0.0712,1.468,0.0735,10.043,0.3427,1.351,walking,45.9515381,8.9250631,0.0,0.0,2,contextual,0.9,3.17,209.8,29.9,114.6,1.0,0.00343,0.0007,0.0,0.5112,0.5592,0.6792,it,2,contextual,0.9,Generalization about human-created space and art.
418,2250.03,2252.4,2709530220854,2711897220854,"Cioè quando tu sei qui, quando tu eri nel 1700 a vedere questa cosa, c'era l'altare e dietro al depinto...",-0.0325,-0.1994,0.999,0.2618,10.023,0.194,1.603,walking,45.9514809,8.9251041,0.625,0.0,2,contextual,0.9,2.37,213.0,18.1,70.3,0.8,0.00334,0.00052,0.0,0.4568,0.5202,0.4639,it,2,contextual,0.9,"Historical context, example of past viewing experience."
419,2257.81,2258.91,2717312220854,2718414220854,e i tuoi occhi vedevano un sistema unitario.,-0.3904,-0.0573,0.776,0.0956,9.998,0.1726,1.378,walking,45.9513969,8.9251881,0.0,0.0,2,contextual,0.9,1.1,241.3,25.0,79.9,1.0,0.00326,0.00057,0.0,0.6661,0.6218,0.3955,it,2,contextual,0.9,Interpretation of a unified visual system experience.
420,2261.96,2262.71,2721461220854,2722205220854,Noi te siamo rovinati da otto casi.,0.2319,-0.3444,0.704,0.0248,9.987,0.3528,1.177,walking,45.9514008,8.9252205,0.0,0.0,3,aside,0.9,0.75,220.5,21.4,83.4,1.0,0.00293,0.00059,0.0,0.4933,0.4862,0.3758,it,3,aside,0.9,Off-topic personal remark.
421,2265.96,2267.04,2725460220854,2726542220854,"Vediamo la differenza, ma nella mente di chi viveva?",0.2182,-0.3557,0.867,0.1831,10.221,1.349,0.614,walking,45.9514122,8.9252691,0.0,0.0,2,contextual,0.85,1.08,296.7,30.2,147.8,0.882,0.0125,0.0147,0.5,0.7659,0.7385,0.8258,it,2,contextual,0.85,Framing historical perspective.
422,2274.92,2279.67,2734421220854,2739166220854,c'è qualche personaggio importante intanto ogni volta che vedete un,-0.1843,-0.09,0.88,0.151,10.029,0.1664,1.624,walking,45.9514351,8.9251614,0.0,0.0,2,contextual,0.9,4.75,203.4,25.9,111.7,0.94,0.00294,0.00099,0.0,0.4812,0.4825,0.4205,it,2,contextual,0.9,Introduces historical figure contextually.
423,2280.05,2281.54,2739550220854,2741039220854,una mantellina rossa siamo davanti a Carlo Corromeo,-0.2666,0.0403,1.623,0.3097,10.034,1.6449,1.624,walking,45.9514389,8.9251137,0.0,0.0,2,contextual,0.9,1.49,215.7,28.2,101.7,1.0,0.0039,0.00091,0.0,0.5141,0.5036,0.445,it,2,contextual,0.9,Identifies historical figure by general cue.
424,2284.13,2286.12,2743626220854,2745617220854,Borromeo che ha vissuto nel Cinquecento,-0.2823,-0.0389,1.204,0.0773,10.038,0.4021,1.455,walking,45.9514809,8.9250059,0.0,0.7,2,contextual,0.95,1.99,203.1,51.6,173.0,0.873,0.00413,0.00106,0.0,0.4605,0.5089,0.5292,it,2,contextual,0.95,"Provides historical detail (name, era)."
425,2288.67,2291.1,2748170220854,2750600220854,È molto importante per la storia di queste montagne perché lui ha fatto parte della controforma.,0.2303,-0.1807,0.703,0.2502,10.026,0.8682,0.425,scanning,45.9514923,8.9249916,0.0,0.08,2,contextual,0.95,2.43,185.5,44.4,158.6,0.803,0.00313,0.00079,0.0,0.4083,0.4912,0.2764,it,2,contextual,0.95,Explains historical significance.
426,2296.28,2298.25,2755781220854,2757747220854,dove c'è uno che parla e gli altri che ascoltano e poi ha fatto un'altra cosa super importante,-0.3943,-0.2368,0.372,0.07,9.924,0.5249,0.425,scanning,45.9514847,8.9249783,0.0,0.0,2,contextual,0.9,1.97,201.9,56.2,222.5,0.565,0.00326,0.0011,0.0,0.4593,0.4933,0.3474,it,2,contextual,0.9,Elaborates historical context and transition.
427,2303.28,2307.37,2762784220854,2766868220854,Siccome durante la controrreforma c'era un chiarissimo rischio,-0.1916,-0.226,0.535,0.1608,9.931,0.39,0.449,scanning,45.9514732,8.9249907,0.0,0.0,2,contextual,0.95,4.09,221.5,53.9,170.9,0.758,0.00361,0.00119,0.0,0.4342,0.4637,0.4586,it,2,contextual,0.95,Contextual background for Borromeo's actions.
428,2310.03,2311.8,2769530220854,2771295220854,"dell'espansione del pensiero protestante nell'ambiente insubrico in Lombardia,",-0.2353,-0.2235,0.423,0.0177,9.954,0.2746,0.449,scanning,45.9514732,8.9249926,0.0,0.611,2,contextual,0.95,1.77,215.2,33.7,117.0,0.946,0.00411,0.00102,0.0,0.4159,0.5023,0.482,it,2,contextual,0.95,More specific historical background context.
429,2317.25,2317.61,2776752220854,2777112220854,Lui cosa ha fatto?,-0.2675,-0.2984,0.352,0.0031,9.931,0.0669,0.075,dwelling,45.9514847,8.9249878,0.0,1.0,2,contextual,0.9,0.36,259.1,35.2,93.1,0.833,0.00512,0.00306,0.083,,,,it,2,contextual,0.9,Rhetorical question framing historical action.
430,2317.63,2320.36,2777132220854,2779856220854,Ha preso tutte le processioni che stavano sulle montagne e le ha portate giù.,-0.302,-0.2973,0.385,0.0619,9.936,0.0749,0.075,dwelling,45.9514847,8.9249897,0.0,0.0,2,contextual,0.9,2.73,293.4,50.6,168.9,0.291,0.00368,0.00136,0.0,0.6125,0.6442,0.5101,it,2,contextual,0.9,Describes a specific historical action.
431,2324.78,2325.58,2784279220854,2785083220854,le ha messe dentro i villaggi.,-0.2576,-0.3617,0.374,0.0173,9.948,0.0824,0.0,dwelling,45.9514847,8.9249887,0.0,0.0,2,contextual,0.9,0.8,200.1,8.6,32.5,1.0,0.00443,0.00114,0.0,0.4433,0.4788,0.4322,it,2,contextual,0.9,Continuation of historical action.
432,2326.97,2331.92,2786465220854,2791421220854,"in modo tale che anche bambini e anziani fossero visibili nei villaggi, nelle città,",-0.2876,-0.363,0.418,0.0511,9.949,0.1194,0.0,dwelling,45.9514847,8.9249897,0.0,0.0,2,contextual,0.9,4.95,209.5,37.6,250.1,0.923,0.00504,0.0013,0.0,0.4636,0.5444,0.5903,it,2,contextual,0.9,Explains the purpose of historical action.
433,2333.91,2337.5,2793408220854,2796999220854,la presenza del cattolicesimo e però queste montagne erano rimaste,-0.2764,-0.3061,0.407,0.0385,9.947,0.1134,0.0,dwelling,45.9514847,8.9249897,0.0,0.0,2,contextual,0.85,3.59,189.3,14.3,51.7,0.655,0.00329,0.00085,0.0,0.4824,0.5156,0.5819,it,2,contextual,0.85,Describes historical consequence leading to feature.
434,2340.03,2341.78,2799530220854,2801275220854,"sono un po' spogliate, quindi per risarcirle ha creato i sacri monti.",-0.1924,-0.3006,0.485,0.0229,9.989,0.1933,0.0,dwelling,45.9514847,8.9249897,0.0,0.0,1,concrete,0.95,1.75,182.6,11.8,57.1,0.673,0.00344,0.00035,0.0,0.5684,0.5889,0.7185,it,1,concrete,0.95,Explains origin of specific physical feature.
435,2346.41,2350.7,2805909220854,2810204220854,"Alcuni di questi sono stati codificati, sono i Sacri Monti, sono nove tra il Piemonte e la Lombardia, ce ne sono un paio in Ticino.",-0.1536,-0.2964,0.392,0.0495,9.921,0.1004,0.0,dwelling,45.9514847,8.9249907,0.0,1.0,1,concrete,0.95,4.29,193.3,42.8,176.0,0.852,0.00442,0.00145,0.0,0.5224,0.5521,0.6103,it,1,concrete,0.95,"Names, quantifies, and locates specific sites."
436,2353.19,2356.9,2812692220854,2816401220854,Ma ci sono anche le montagne sacre ancestrali dove c'è una via crucis.,-0.2017,-0.2688,0.559,0.0729,9.92,0.0892,0.0,dwelling,45.9514847,8.9249907,0.0,1.0,1,concrete,0.95,3.71,215.1,38.3,153.6,0.802,0.00377,0.00151,0.034,0.4903,0.5663,0.4116,it,1,concrete,0.95,Describes another type of sacred site.
437,2357.96,2362.83,2817456220854,2822333220854,"Quindi lui da un lato porta giù le grandi processioni nei villaggi,",-0.1838,-0.2138,0.525,0.1826,9.917,0.2013,0.0,dwelling,45.9514847,8.9249907,0.0,1.0,1,concrete,0.9,4.87,227.3,52.4,185.7,0.556,0.00454,0.0021,0.0,0.5025,0.5264,0.5745,it,1,concrete,0.9,Describes actions/practices tied to sites.
438,2363.86,2368.76,2823357220854,2828264220854,però però riconosce la sacralità della montagna ancestrale ed è per questo che questi,-0.25,-0.2101,0.425,0.0684,9.914,0.0859,0.0,dwelling,45.9514847,8.9249907,0.0,1.0,2,contextual,0.95,4.9,218.6,51.6,248.6,0.877,0.00401,0.00158,0.0,0.5606,0.5863,0.6757,it,2,contextual,0.95,Explains underlying reason/concept (sacredness).
439,2370.03,2371.75,2829530220854,2831253220854,posti restano e molto spesso c'è sempre come una specie di ringraziamento,-0.2728,-0.1689,0.446,0.0307,9.904,0.0746,0.0,dwelling,45.9514847,8.9249907,0.0,1.0,2,contextual,0.9,1.72,216.2,48.0,158.1,0.944,0.00372,0.00139,0.0,0.4867,0.5034,0.4571,it,2,contextual,0.9,General observation about places' persistence/meaning.
440,2374.64,2379.91,2834137220854,2839406220854,C'è un buon Romeo che vede una mantellina rossa di ringraziamento per la cosa che è stata fatta.,-0.1912,-0.2168,0.701,0.2043,9.983,0.475,0.0,scanning,45.9514847,8.9249907,0.0,0.0,2,contextual,0.9,5.27,217.2,30.7,178.2,0.994,0.00427,0.00126,0.0,0.5544,0.5447,0.41,it,2,contextual,0.9,Provides illustrative anecdote/example.
441,2381.81,2384.9,2841309220854,2844399220854,"Allora, non si vede perché siamo... questa chiesa ha un'illuminazione...",-0.1383,-0.207,0.6,0.122,9.969,0.382,0.0,scanning,45.9514847,8.9249907,0.0,0.0,3,aside,0.95,3.09,194.3,28.9,134.2,0.701,0.00461,0.00101,0.0,0.4246,0.4822,0.4878,it,3,aside,0.95,Refers to immediate observation limitations/procedural.
442,2387.18,2389.03,2846681220854,2848525220854,elevata e addirittura zenitale per dare una luce abbastanza...,-0.0325,-0.0117,0.73,0.1158,10.003,0.6979,0.0,scanning,45.9514847,8.9249897,0.0,0.0,1,concrete,0.95,1.85,190.7,35.0,219.7,0.724,0.004,0.00175,0.0,0.4455,0.4781,0.5327,it,1,concrete,0.95,Describes specific physical feature (lighting).
443,2393.88,2394.68,2853374220854,2854177220854,omogenea all'insieme scultoreo però,-0.1512,-0.2545,0.348,0.04,9.892,0.3414,0.0,scanning,45.9514847,8.9249897,0.0,0.0,1,concrete,0.95,0.8,213.7,14.7,42.4,0.615,0.0045,0.00135,0.0,0.4531,0.4297,0.3389,it,1,concrete,0.95,Describes function of physical feature (lighting).
444,2400.61,2401.29,2860104220854,2860792220854,Qualcuno riconosce questi due?,0.195,0.0318,1.401,0.1948,9.942,0.2778,0.0,scanning,45.9514847,8.9249897,0.0,0.429,3,aside,0.95,0.68,205.4,19.1,63.0,1.0,0.00315,0.00042,0.0,0.5216,0.5071,0.4795,it,3,aside,0.95,"Direct question, audience engagement (procedural)."
445,2404.32,2404.62,2863816220854,2864117220854,San Giorgio.,-0.0988,-0.2333,0.749,0.0112,10.413,0.2229,0.0,dwelling,45.9514847,8.9249897,0.0,0.333,1,concrete,0.95,0.3,181.9,7.0,20.0,1.0,0.00292,0.00047,0.0,,,,it,1,concrete,0.95,Identifies a specific figure/object.
446,2404.64,2405.2,2864137220854,2864698220854,"Esatto, lui è San Giorgio.",-0.0644,-0.2721,0.71,0.0136,10.081,0.1626,0.0,dwelling,45.9514847,8.9249897,0.0,0.833,1,concrete,0.9,0.56,164.5,3.3,12.5,0.833,0.00289,0.0005,0.0,0.3075,0.2965,0.4049,it,1,concrete,0.9,Confirms identification of a figure.
447,2413.36,2414.04,2872861220854,2873543220854,Sant'Andrea che va con la croce.,-0.0192,-0.2435,1.555,0.0109,10.011,0.0788,0.0,dwelling,45.9514847,8.9249897,0.0,0.0,1,concrete,0.95,0.68,179.3,6.8,25.1,0.909,0.00299,0.00062,0.0,0.4246,0.4414,0.4919,it,1,concrete,0.95,Identifies and describes a figure.
448,2414.06,2416.83,2873563220854,2876329220854,San Giorgio e Sant'Andrea sono il nome dell'ultima chiesa che vedremo.,-0.018,-0.2743,0.762,0.0145,9.981,0.0845,0.0,dwelling,45.9514847,8.9249897,0.0,0.071,2,contextual,0.95,2.77,136.3,47.9,145.5,0.471,0.00323,0.0026,0.0,0.3392,0.4096,0.4174,it,2,contextual,0.95,Connects current observation to future tour stop.
449,2421.88,2422.61,2881383220854,2882104220854,San Giorgio è stato posizionato,0.4447,-0.1952,0.794,0.0833,9.981,0.0735,0.0,dwelling,45.9514847,8.9249897,0.0,0.0,1,concrete,0.9,0.73,,,,0.0,0.00191,0.00075,0.0,0.4695,0.4793,0.5478,it,1,concrete,0.9,Begins describing object's physical placement.
450,2427.47,2429.77,2886969220854,2889265220854,su una superficie che tecnicamente,0.3031,-0.1889,0.736,0.093,9.959,0.1613,0.0,dwelling,45.9514847,8.9249897,0.087,0.0,1,concrete,0.9,2.3,212.4,29.8,175.3,0.931,0.00306,0.00096,0.0,0.4959,0.5532,0.5895,it,1,concrete,0.9,Introduces specific technical term for a surface.
451,2430.03,2430.93,2889530220854,2890432220854,L'architettura si chiama controfacciata.,-0.4699,-0.3133,0.314,0.0519,9.989,0.4163,0.0,scanning,45.9514847,8.9249897,0.0,0.0,1,concrete,1.0,0.9,199.7,23.4,77.3,1.0,0.00441,0.00106,0.0,0.4728,0.47,0.4269,it,1,concrete,1.0,Names a specific architectural feature.
452,2430.95,2431.59,2890452220854,2891094220854,È molto importante dove guarda.,-0.5761,-0.3816,0.322,0.0762,9.906,0.0696,0.0,dwelling,45.9514847,8.9249897,0.0,0.0,2,contextual,0.9,0.64,184.4,21.2,59.9,1.0,0.00386,0.00066,0.0,0.422,0.4884,0.5106,it,2,contextual,0.9,General statement about significance of orientation.
453,2431.61,2432.2,2891114220854,2891696220854,Lui sta guardando di qua.,0.083,-0.1738,0.665,0.258,10.112,1.515,0.0,scanning,45.9514847,8.9249897,0.0,0.0,1,concrete,1.0,0.59,,,,0.0,0.00356,0.00064,0.0,0.3443,0.3392,0.3378,it,1,concrete,1.0,Describes the object's specific orientation.
454,2437.29,2440.01,2896786220854,2899511220854,"Se io faccio un buco dietro questa bellissima immagine, se io faccio un buco qui dietro c'è Monte San Giorgio.",-0.2741,-0.1688,0.691,0.3726,10.111,1.1791,0.0,scanning,45.9514847,8.9249887,0.37,0.0,1,concrete,1.0,2.72,245.3,42.7,171.5,0.977,0.00481,0.00171,0.0,0.708,0.7039,0.7093,it,1,concrete,1.0,Relates object to a concrete geographical feature.
455,2446.96,2448.16,2906456220854,2907660220854,"Lui è stato messo in asse, la Chiesa è stata messa in asse.",-0.3153,-0.0736,0.886,0.2127,10.102,1.3381,0.0,scanning,45.9514847,8.9249897,0.0,0.0,1,concrete,1.0,1.2,239.9,48.6,188.4,0.974,0.00483,0.00116,0.0,0.6287,0.6048,0.4205,it,1,concrete,1.0,Describes physical placement/alignment of structures.
456,2453.24,2459.85,2912736220854,2919346220854,in questo esatto punto tu riesci da questa balaustra un pochino a vedere un pochino dell'altro lago ma essenzialmente questo orientamento,-0.0536,-0.2923,0.456,0.2455,9.945,0.2249,0.0,dwelling,45.9514847,8.9249897,0.0,0.682,1,concrete,0.9,6.61,206.3,41.9,210.1,0.952,0.00428,0.00137,0.0,0.5885,0.6195,0.6409,it,1,concrete,0.9,Describes a specific vantage point and visible features.
457,2460.03,2460.64,2919530220854,2920135220854,sta guardando la montagna.,-0.1154,-0.2237,0.633,0.05,10.158,0.1539,0.0,dwelling,45.9514847,8.9249897,0.833,0.0,1,concrete,1.0,0.61,181.3,32.9,96.4,1.0,0.003,0.00059,0.0,0.5128,0.5292,0.6394,it,1,concrete,1.0,Concrete observation of object's direction.
458,2464.05,2464.49,2923546220854,2923987220854,Cosa vuol dire questo?,-0.0635,0.0818,1.537,0.2337,9.873,1.2384,0.0,scanning,45.9514847,8.9249897,0.0,0.0,3,aside,1.0,0.44,296.2,35.6,90.9,1.0,0.00563,0.00088,0.0,0.5876,0.4973,0.4385,it,3,aside,1.0,"Rhetorical question, procedural discourse marker."
459,2464.51,2464.93,2924007220854,2924428220854,Vuol dire tante cose.,0.336,-0.2186,0.349,0.1023,10.505,2.4945,0.0,scanning,45.9514847,8.9249897,0.0,0.0,2,contextual,0.9,0.42,,,,0.0,0.0041,0.00085,0.0,0.56,0.5675,0.6526,it,2,contextual,0.9,"General framing statement, setting up explanation."
460,2464.95,2466.89,2924448220854,2926393220854,"Primo, vuol dire che forse qui, prima di questo, c'era qualcosa che guardava la montagna.",0.1183,-0.3699,0.366,0.0431,9.922,0.1979,0.0,dwelling,45.9514847,8.9249897,0.0,0.0,2,contextual,0.9,1.94,244.3,38.0,138.7,0.869,0.00466,0.00117,0.0,0.5787,0.5762,0.5867,it,2,contextual,0.9,Hypothesis about historical context/pre-existing elements.
461,2472.05,2472.23,2931545220854,2931726220854,E quindi?,0.0747,-0.3043,0.371,0.0042,9.756,0.1781,0.0,dwelling,45.9514847,8.9249897,0.0,0.0,3,aside,1.0,0.18,224.8,0.9,2.6,1.0,0.00195,0.00023,0.0,,,,it,3,aside,1.0,"Rhetorical question, prompts for next point."
462,2473.65,2479.39,2933148220854,2938884220854,"la narrativa cristiana ha integrato questa idea, magari c'era una piattaforma, magari c'era un altare, magari c'era un tempio, qualche cosa.",0.1907,-0.3142,0.503,0.0656,9.908,0.0832,0.0,dwelling,45.9514847,8.9249897,0.0,0.0,2,contextual,0.9,5.74,192.6,26.6,147.6,0.994,0.00365,0.00098,0.0,0.6292,0.6131,0.6748,it,2,contextual,0.9,Elaborates on historical/cultural context and speculation.
463,2481.01,2486.93,2940507220854,2946431220854,"che già era orientato su questa montagna e ha costruito la chiesa, però non ha negato questo orientamento, lo ha mantenuto.",0.1571,-0.2676,0.542,0.1839,9.92,0.2149,0.0,dwelling,45.9514847,8.9249897,0.119,0.0,2,contextual,0.9,5.92,203.8,36.5,209.1,0.844,0.00404,0.00116,0.0,0.5806,0.5991,0.5626,it,2,contextual,0.9,"Continues historical narrative, explaining reasoning."
464,2488.43,2489.64,2947931220854,2949143220854,Perché lo ha mantenuto?,-0.1337,-0.2105,0.617,0.0483,9.936,0.1907,0.0,dwelling,45.9514847,8.9249897,0.0,0.0,3,aside,1.0,1.21,216.5,39.6,132.4,0.974,0.00365,0.00136,0.0,0.4363,0.4595,0.5057,it,3,aside,1.0,"Rhetorical question, prompts further explanation."
465,2489.66,2489.87,2949163220854,2949365220854,Perché?,-0.0685,-0.1947,0.359,0.0174,9.988,0.3928,0.0,scanning,45.9514847,8.9249897,0.0,0.0,3,aside,0.9,0.21,238.1,14.5,45.4,1.0,0.00313,0.00081,0.0,,,,it,3,aside,0.9,"Procedural question, setting up explanation."
466,2490.05,2491.29,2949550220854,2950793220854,il movimento dei corpi celesti è sempre lo stesso.,0.0911,-0.1269,0.326,0.0321,9.914,0.19,0.0,dwelling,45.9514847,8.9249897,0.0,0.0,2,contextual,0.9,1.24,226.0,5.9,21.4,0.615,0.00444,0.00131,0.0,0.4871,0.5117,0.4811,it,2,contextual,0.9,"General scientific principle, framing context."
467,2495.14,2496.67,2954643220854,2956169220854,"Tu puoi cambiare quello che ti pare, puoi cancellare i sentieri,",-0.0701,-0.1779,0.392,0.066,9.911,0.118,0.0,dwelling,45.9514847,8.9249897,0.0,0.0,2,contextual,0.85,1.53,203.7,47.1,205.8,0.875,0.00303,0.00093,0.0,0.5763,0.5781,0.5628,it,2,contextual,0.85,"Hypothetical scenario, elaborates on general principle."
468,2499.16,2500.39,2958659220854,2959885220854,però i corpi celesti continuano a sorgere nello stesso posto,-0.0606,-0.1092,0.309,0.0969,9.922,0.0681,0.0,dwelling,45.9514847,8.9249907,0.0,0.0,2,contextual,0.9,1.23,221.8,26.2,92.9,0.949,0.00505,0.00162,0.0,0.6076,0.5974,0.587,it,2,contextual,0.9,"Reiterates general principle, contextual contrast."
469,2504.66,2506.91,2964163220854,2966410220854,come si dice...,-0.0676,-0.1877,0.683,0.0566,9.927,0.2397,0.0,dwelling,45.9514847,8.9249907,0.043,0.0,3,aside,0.95,2.25,157.3,8.6,50.8,0.634,0.00238,0.00034,0.0,0.2493,0.2614,0.3282,it,3,aside,0.95,"Filler phrase, searching for words."
470,2509.16,2513.65,2968657220854,2973150220854,per montare nello stesso posto secondo uno schema che si ripete annualmente.,-0.0414,-0.2224,0.372,0.0404,9.909,0.3428,0.0,scanning,45.9514847,8.9249907,0.0,0.022,2,contextual,0.9,4.49,209.7,30.0,154.5,0.872,0.00438,0.00152,0.0,0.5003,0.5356,0.5752,it,2,contextual,0.9,General pattern of celestial movement.
471,2514.31,2519.93,2973812220854,2979426220854,Quindi se tu vuoi capire qualche cosa del tempo e delle stagioni è molto importante che tu sappia orientare.,-0.2345,-0.1144,0.729,0.1734,9.978,0.501,0.0,scanning,45.9514847,8.9249907,0.0,0.0,2,contextual,0.85,5.62,202.2,32.1,125.4,1.0,0.0037,0.00105,0.0,0.4513,0.4807,0.5642,it,2,contextual,0.85,"General implication, practical importance of orientation."
472,2520.54,2522.76,2980036220854,2982261220854,edificio in tutto e questo è ciò che fa questo edificio adesso proviamo a vedere per chi ha una app,-0.1471,0.0852,1.721,0.2172,10.038,1.1249,0.0,scanning,45.9514847,8.9249907,0.0,0.0,1,concrete,0.75,2.22,223.7,48.9,137.0,0.557,0.00257,0.00051,0.0,0.3536,0.3729,0.4724,it,1,concrete,0.75,"Describes specific building's function, then procedural."
473,2528.78,2529.06,2988275220854,2988556220854,che ha una...,-0.1803,-0.7325,0.384,0.0021,9.894,0.014,0.0,dwelling,45.9514847,8.9249897,0.0,0.0,3,aside,0.95,0.28,,,,0.0,0.00363,0.00043,0.0,,,,it,3,aside,0.95,"Filler, hesitation before completing thought."
474,2536.39,2538.6,2995893220854,2998096220854,Chi ha un iPhone troverà questo in dotazione degli iPhone.,-0.0462,-0.1889,0.366,0.0541,9.823,0.0873,0.0,dwelling,45.9514847,8.9249907,0.0,0.0,3,aside,0.9,2.21,179.5,21.0,100.7,0.443,0.00425,0.0007,0.0,0.2104,0.2929,0.4082,it,3,aside,0.9,Procedural instruction for audience.
475,2539.16,2541.77,2998657220854,3001265220854,Normalmente le chiese sono tutte...,-0.0885,-0.6334,0.402,0.0364,9.832,0.2497,0.0,dwelling,45.9514847,8.9249907,0.0,0.0,2,contextual,0.9,2.61,220.0,50.2,217.3,0.902,0.00514,0.00292,0.0,0.4732,0.4969,0.5148,it,2,contextual,0.9,General observation about churches.
476,2543.84,2547.5,3003344220854,3006997220854,orientate così cioè noi dovremmo avere la porta qui e l'altare qua perché,-0.2321,-0.5002,0.404,0.184,9.796,0.0887,0.0,dwelling,45.9514847,8.9249907,1.0,0.324,2,contextual,0.9,3.66,195.8,26.7,124.3,0.983,0.00528,0.00243,0.0,0.4282,0.4647,0.5113,it,2,contextual,0.9,"General architectural principle, church orientation."
477,2550.03,2552.16,3009530220854,3011657220854,Cristo dice io sono la porta e anche c'è una metafora molto forte tra Cristo e il sole sempre,-0.165,-0.6927,0.423,0.0297,9.805,0.2381,0.0,dwelling,45.9514847,8.9249907,0.333,0.333,2,contextual,0.9,2.13,202.5,27.8,152.8,0.791,0.00342,0.00089,0.0,0.3448,0.4377,0.6835,it,2,contextual,0.9,Historical/religious context for orientation.
478,2557.19,2559.11,3016685220854,3018608220854,Normalmente il 90% delle volte il sole...,-0.0441,-0.1518,1.152,0.2903,10.003,1.3113,0.0,scanning,45.9514847,8.9249907,0.0,0.0,2,contextual,0.9,1.92,241.5,57.4,193.5,0.836,0.0048,0.00193,0.0,0.631,0.6258,0.4688,it,2,contextual,0.9,Generalization about church orientation and sun.
479,2561.25,2565.1,3020752220854,3024602220854,Si orienta la chiesa in modo tale che riceva il sole e tramonti a ovest.,-0.2066,-0.524,0.508,0.1398,9.819,0.0394,0.0,dwelling,45.9514847,8.9249907,1.0,1.0,2,contextual,0.9,3.85,214.7,27.9,103.5,0.942,0.00699,0.00274,0.0,0.5327,0.5373,0.5217,it,2,contextual,0.9,"General architectural practice, solar orientation."
480,2567.97,2574.24,3027470220854,3033735220854,"Dove infatti si aprono le porte quando c'è un funerale, per esempio, si apre sempre la porta occidentale, che è la porta principale.",-0.3758,-0.1956,0.388,0.1537,9.823,0.2106,0.0,dwelling,45.9514847,8.9249907,0.0,0.46,1,concrete,0.9,6.27,172.6,20.4,132.7,0.944,0.00382,0.00111,0.0,0.4216,0.4616,0.6468,it,1,concrete,0.9,Describes standard door function/ritual.
481,2575.98,2579.57,3035478220854,3039065220854,"Invece, come vedete, questa chiesa fa un'altra cosa.",-0.147,-0.5091,0.463,0.0919,9.851,0.3983,0.0,scanning,45.9514847,8.9249907,0.0,0.0,2,contextual,0.9,3.59,178.3,31.9,125.0,0.434,0.0025,0.00129,0.027,0.3286,0.4213,0.4202,it,2,contextual,0.9,Frames current church's different action.
482,2579.59,2579.79,3039085220854,3039286220854,Guarda su.,-0.2334,-0.0627,0.337,0.016,9.63,0.1821,0.0,dwelling,45.9514847,8.9249907,0.0,0.0,1,concrete,0.9,0.2,177.3,1.6,5.1,1.0,0.00328,0.00096,0.0,,,,it,1,concrete,0.9,Direct observation of church's orientation.
483,2580.03,2581.14,3039530220854,3040634220854,Vuol dire che sta cercando qualche cosa.,-0.2486,-0.0556,0.315,0.0647,9.871,0.1778,0.0,dwelling,45.9514847,8.9249907,0.0,0.0,1,concrete,0.9,1.11,214.8,90.1,225.2,0.743,0.00337,0.00031,0.0,0.1286,0.1909,0.2308,it,1,concrete,0.9,Explains meaning of church's orientation.
484,2585.6,2591.24,3045099220854,3050737220854,"Se io apro sui stop e cerco che cosa c'è in questa direzione, vediamo.",-0.2318,-0.4853,0.372,0.0904,9.802,0.2995,0.0,scanning,45.9514847,8.9249907,0.0,0.0,3,aside,0.9,5.64,189.6,47.7,178.9,0.559,0.00303,0.0014,0.006,0.2215,0.3129,0.4511,it,3,aside,0.9,Procedural: describes an exploratory action.
485,2595.42,2596.44,3054920220854,3055942220854,Naturalmente queste persone non avevano la bussola.,-0.0885,-0.5045,0.333,0.0075,9.787,0.0686,0.0,dwelling,45.9514847,8.9249907,0.0,0.0,2,contextual,0.9,1.02,185.7,22.8,61.1,0.938,0.0046,0.00197,0.031,0.3905,0.4392,0.4837,it,2,contextual,0.9,Provides historical context on tool absence.
486,2596.46,2597.12,3055962220854,3056623220854,Sapete perché non l'avevano?,-0.1525,-0.5445,0.451,0.0318,9.821,0.0915,0.0,dwelling,45.9514847,8.9249907,0.0,0.0,3,aside,0.9,0.66,176.0,13.5,42.5,1.0,0.00444,0.00095,0.0,0.3814,0.4155,0.5433,it,3,aside,0.9,Rhetorical question to engage audience.
487,2603.94,2606.32,3063435220854,3065824220854,Perché non ne avevano bisogno.,-0.1281,-0.3912,0.389,0.0109,9.776,0.1204,0.0,dwelling,45.9514885,8.9249907,0.083,0.0,2,contextual,0.9,2.38,165.9,8.7,51.5,0.707,0.00328,0.00117,0.0,0.158,0.2644,0.1649,it,2,contextual,0.9,Explains why tool was unnecessary.
488,2606.63,2607.61,3066125220854,3067108220854,Che è avvilente per noi.,-0.2016,-0.3794,0.346,0.032,9.742,0.1511,0.0,dwelling,45.9514885,8.9249907,0.3,0.0,3,aside,0.9,0.98,383.9,10.0,26.2,0.161,0.00186,0.00055,0.0,0.4116,0.342,0.4081,it,3,aside,0.9,"Personal, subjective comment/aside."
489,2610.44,2610.5,3069935220854,3069995220854,Ok?,-0.1657,-0.3749,0.336,0.0,9.731,0.0334,0.0,dwelling,45.9514885,8.9249907,0.0,0.0,3,aside,0.9,0.06,,,,,,,,,,,it,3,aside,0.9,"Conversational filler, checks understanding."
490,2610.52,2611.96,3070015220854,3071457220854,"Vedete questa muraglia è dietro di noi, quindi se io volto così",-0.1268,-0.3566,0.343,0.0497,9.741,0.026,0.0,dwelling,45.9514885,8.9249907,0.0,0.0,1,concrete,0.9,1.44,175.4,16.4,57.4,0.957,0.00357,0.0007,0.0,0.1497,0.2354,0.3117,it,1,concrete,0.9,"Describes feature, sets up physical demonstration."
491,2616.55,2617.67,3076044220854,3077166220854,"Questo muove questo, e questa cosa sta guardando al sud.",-0.1468,-0.3298,0.36,0.0141,9.727,0.1284,0.0,dwelling,45.9514885,8.9249907,0.0,0.0,1,concrete,0.9,1.12,120.1,10.3,41.1,0.417,0.00761,0.00827,0.528,0.0521,0.1663,0.2764,it,1,concrete,0.9,States object's precise orientation (south).
492,2623.28,2626.64,3082777220854,3086144220854,"Se io tiro una linea, vado avanti...",-0.0462,-0.3352,0.342,0.0138,9.762,0.0215,0.0,dwelling,45.9514885,8.9249907,0.029,0.0,3,aside,0.9,3.36,183.1,24.5,87.7,0.491,0.00278,0.00137,0.028,0.1841,0.308,0.4311,it,3,aside,0.9,Procedural: proposes conceptual illustrative action.
493,2638.74,2639.34,3098241220854,3098843220854,e questo,-0.0337,-0.2971,0.335,0.0334,9.751,0.0801,0.0,dwelling,45.9514885,8.9249907,0.167,0.0,3,aside,0.8,0.6,,,,0.0,0.00411,0.00071,0.0,0.4046,0.3739,0.4471,it,3,aside,0.8,"Incomplete phrase, likely filler."
494,2640.03,2643.08,3099530220854,3102577220854,"chiesa è orientata così, la chiesa di Santa Marta è orientata così e quella di San Giorgio è orientata così attorno alla montagna",-0.1093,-0.3173,0.436,0.0917,9.804,0.364,27.963,walking,45.9517326,8.9249058,0.033,0.0,1,concrete,0.9,3.05,205.5,41.0,178.5,0.979,0.00417,0.00102,0.0,0.4204,0.4683,0.5783,it,1,concrete,0.9,Describes specific orientations of churches/landmarks.
495,2648.05,2650.09,3107549220854,3109593220854,"Abbiamo chiese disposte come un ventaglio, tutte convergono in questo punto.",-0.1526,-0.0944,0.453,0.0304,9.869,0.143,0.0,dwelling,45.9514885,8.9249907,0.0,0.0,1,concrete,1.0,2.04,213.2,43.2,166.6,0.969,0.00514,0.00135,0.0,0.427,0.4747,0.2198,it,1,concrete,1.0,describes physical arrangement of churches
496,2658.08,2663.65,3117575220854,3123146220854,Questo punto della montagna dove vedete questa specie di V è proprio il punto in cui la placca africana,-0.1756,-0.408,0.456,0.0547,9.806,0.2203,0.0,dwelling,45.9514885,8.9249907,0.875,0.357,1,concrete,1.0,5.57,195.4,19.9,95.5,0.669,0.0035,0.00063,0.0,0.3072,0.3984,0.5074,it,1,concrete,1.0,"points to feature, explains geological process"
497,2666.6,2667.48,3126100220854,3126981220854,frammenta quella,-0.0976,-0.4645,0.394,0.0536,9.781,0.2873,0.0,scanning,45.9514885,8.9249907,0.889,0.0,1,concrete,1.0,0.88,178.8,5.5,17.8,0.429,0.00303,0.00052,0.0,0.0645,0.1395,0.224,it,1,concrete,1.0,continues geological explanation
498,2673.96,2675.95,3133462220854,3135447220854,"Infatti noi abbiamo tutta la geomorfologia, abbiamo tutti i fossili proprio su questa linea.",-0.1058,-0.5161,0.336,0.0514,9.782,0.0957,0.0,dwelling,45.9514885,8.9249907,0.5,0.0,1,concrete,1.0,1.99,169.5,6.7,37.5,1.0,0.00355,0.00078,0.0,0.3008,0.3641,0.4088,it,1,concrete,1.0,describes geological features and evidence
499,2680.16,2684.82,3139658220854,3144320220854,e abbiamo tutta una specialissima composizione di piante medicinali.,0.0056,0.2059,1.077,0.0709,9.97,0.3749,0.0,scanning,45.9514885,8.9249907,0.0,0.0,1,concrete,1.0,4.66,168.6,14.4,69.4,0.863,0.00364,0.00088,0.0,0.3561,0.4612,0.6607,it,1,concrete,1.0,describes specific natural elements present
500,2685.0,2686.41,3144501220854,3145907220854,E chi ha costruito queste chiese lo sapeva e lo ha rispettato.,-0.2039,-0.3298,0.515,0.0978,9.867,0.3795,0.0,scanning,45.9514885,8.9249907,0.0,0.0,2,contextual,0.9,1.41,184.8,13.8,64.4,0.844,0.00383,0.00074,0.0,0.3867,0.4486,0.4741,it,2,contextual,0.9,provides historical/cultural context and framing
501,2691.01,2691.79,3150506220854,3151289220854,C'è qualche domanda?,-0.4854,0.1918,2.292,0.0464,10.072,2.0998,0.0,scanning,45.9514885,8.9249907,0.0,0.0,3,aside,1.0,0.78,382.2,7.3,19.8,0.36,0.00341,0.00036,0.0,0.4514,0.43,0.3919,it,3,aside,1.0,"procedural, soliciting audience questions"
502,2700.57,2701.21,3160069220854,3160709220854,¿Había algo antes aquí?,0.1782,-0.0214,1.044,0.0084,9.995,0.1938,0.0,dwelling,45.9514885,8.9249907,0.0,0.0,2,contextual,0.9,0.64,,,,0.0,0.00299,0.00036,0.0,0.3507,0.3459,0.4004,es,2,contextual,0.9,asks for historical context about the site
503,2708.25,2709.35,3167748220854,3168851220854,¿Puedo interrumpir que me llama mi hija?,-0.0291,-0.5078,0.343,0.0532,9.949,0.0347,0.0,dwelling,45.9514885,8.9249907,0.0,0.0,3,aside,1.0,1.1,225.1,22.5,62.6,0.457,0.00334,0.00042,0.0,0.3387,0.3498,0.5151,es,3,aside,1.0,"procedural, asking to interrupt"
504,2713.97,2716.6,3173469220854,3176096220854,Depende de lo que quiere decir.,0.0586,-0.4479,0.421,0.1218,9.904,0.2757,0.0,scanning,45.9514885,8.9249907,0.0,0.0,3,aside,0.8,2.63,180.7,45.8,157.9,0.928,0.01461,0.01803,0.687,0.4879,0.4757,0.4985,es,3,aside,0.8,"clarifies question, discourse management"
505,2716.62,2718.14,3176116220854,3177640220854,"Sí, mejor corta, mejor corta.",-0.0069,-0.3951,0.38,0.05,9.964,0.4122,0.0,scanning,45.9514885,8.9249907,0.0,0.333,3,aside,1.0,1.52,111.8,8.1,27.9,0.458,0.02064,0.01418,0.083,0.4817,0.4862,0.4726,es,3,aside,1.0,"procedural, instruction about recording"
506,2718.16,2719.0,3177660220854,3178502220854,¿Se puede cortar así?,-0.0918,-0.5531,0.427,0.0544,9.858,0.1705,0.0,dwelling,45.9514885,8.9249907,0.0,0.222,3,aside,1.0,0.84,117.5,12.0,40.0,0.741,0.01721,0.00926,0.0,0.5017,0.4666,0.5794,es,3,aside,1.0,"procedural, question about recording"
507,2719.32,2719.8,3178823220854,3179304220854,Páusalo.,-0.0508,-0.5161,1.082,0.0186,9.924,0.1325,0.0,dwelling,45.9514885,8.9249907,0.0,0.0,3,aside,1.0,0.48,102.3,22.8,68.7,1.0,0.00343,0.00085,0.0,0.3723,0.401,0.6895,es,3,aside,1.0,"procedural, instruction about recording"
508,2719.82,2721.75,3179324220854,3181249220854,"Ya, perdona, perdona.",-0.2547,-0.2359,0.598,0.2499,9.92,0.3136,0.0,scanning,45.9514885,8.9249907,0.0,0.0,3,aside,1.0,1.93,204.7,13.6,50.3,0.295,0.00327,0.00046,0.0,0.2828,0.3697,0.4071,es,3,aside,1.0,"apology, conversational filler"
509,2732.04,2732.26,3191538220854,3191759220854,"No, no, no.",0.1723,0.0725,0.583,0.0695,9.798,2.0164,0.0,scanning,45.9514885,8.9249907,0.0,0.0,3,aside,0.9,0.22,119.5,10.1,31.8,1.0,0.00656,0.00116,0.0,,,,es,3,aside,0.9,"filler, conversational interjection"
510,2732.28,2732.94,3191779220854,3192441220854,Es que no quiero interrumpirla.,0.171,-0.1965,0.361,0.1827,9.744,0.7536,0.0,scanning,45.9514885,8.9249907,0.0,0.0,3,aside,0.95,0.66,,,,0.0,0.00452,0.00094,0.0,0.4409,0.4463,0.3623,es,3,aside,0.95,Procedural comment about not interrupting the other person.
511,2740.56,2740.7,3200060220854,3200200220854,"No, no.",0.2489,-0.3354,0.338,0.006,9.979,0.2236,0.0,dwelling,45.9514885,8.9249907,0.0,0.0,3,aside,0.95,0.14,113.5,7.5,19.2,1.0,0.01718,0.00739,0.0,,,,es,3,aside,0.95,"Filler, interjection of agreement or negation."
512,2746.29,2746.57,3205785220854,3206065220854,Exacto.,-0.0648,0.0618,0.391,0.0525,9.864,0.8961,0.0,scanning,45.9514885,8.9249907,0.0,0.5,3,aside,0.95,0.28,117.2,13.6,38.7,1.0,0.00305,0.00037,0.0,,,,es,3,aside,0.95,"Filler, expression of agreement."
513,2746.59,2753.76,3206085220854,3213262220854,Esta es una cuestión que tenemos que hablar con usted para ver cuál es la fidelidad.,-0.1753,-0.201,0.436,0.1057,9.919,0.2915,0.0,scanning,45.9514885,8.9249907,0.0,0.493,3,aside,0.9,7.17,130.9,31.4,143.2,0.676,0.00286,0.00062,0.0,0.2059,0.2508,0.5408,es,3,aside,0.9,Procedural comment about a future discussion or task.
514,2754.34,2754.59,3213844220854,3214085220854,Gracias.,-0.2497,-0.2145,0.349,0.0119,9.948,0.0962,0.0,dwelling,45.9514885,8.9249907,0.0,0.0,3,aside,0.95,0.25,110.1,2.5,8.3,1.0,0.00182,0.00021,0.0,,,,es,3,aside,0.95,"Interactional, expression of thanks."
515,2787.54,2789.41,3247036220854,3248904220854,"Este nunca lo he visitado, creo.",-0.1507,-0.3142,0.675,0.0803,10.026,0.6778,1.284,walking,45.9515915,8.9248819,0.0,0.211,3,aside,0.9,1.87,129.3,26.4,110.5,0.881,0.02367,0.01347,0.068,0.3976,0.4387,0.573,es,3,aside,0.9,"Personal comment about an unvisited place, not description."
516,2790.03,2790.81,3249530220854,3250311220854,por este lado.,-0.2432,-0.3022,0.663,0.0187,9.745,0.3232,1.081,walking,45.9516068,8.924859,0.0,0.0,3,aside,0.85,0.78,112.8,6.4,22.4,0.6,0.01466,0.00964,0.0,0.3613,0.4289,0.3322,es,3,aside,0.85,Directional procedural cue or continuation of personal remark.
517,2805.05,2808.16,3264549220854,3267660220854,"Me parece riquísimo el discurso, me parece riquísimo.",-0.2632,-0.0891,1.027,0.3546,10.083,1.6269,0.222,scanning,45.951622,8.9248695,0.0,0.0,3,aside,0.95,3.11,103.4,9.7,44.8,0.98,0.01725,0.00735,0.0,0.3198,0.4132,0.573,es,3,aside,0.95,Meta-commentary on the quality of the discourse.
518,2810.84,2816.96,3270337220854,3276459220854,"Me va a parecer muy interesante luego cuando hagamos el análisis, la pipeline, de cómo se empieza a unir puntos por temas que se empiezan...",0.0772,-0.2022,0.47,0.0746,9.85,0.3482,0.0,scanning,45.951622,8.9248781,0.885,0.902,3,aside,0.9,6.12,126.8,10.6,53.2,0.974,0.0321,0.0128,0.016,0.4815,0.5026,0.4561,es,3,aside,0.9,Meta-commentary on future analysis of the discourse/pipeline.
519,2817.62,2819.97,3277121220854,3279466220854,que se empiezan a repetir o que se empiezan a relacionar,0.2436,-0.1037,0.741,0.1003,9.919,0.4795,0.0,scanning,45.951622,8.9248772,0.087,0.609,3,aside,0.9,2.35,125.1,7.2,25.6,0.905,0.03297,0.01441,0.095,0.5295,0.5317,0.5473,es,3,aside,0.9,Continuation of meta-commentary about discourse analysis.
520,2820.03,2820.57,3279530220854,3280071220854,con nosotros.,0.2969,-0.2148,0.385,0.0136,9.825,0.3339,0.0,scanning,45.951622,8.9248772,0.0,0.0,3,aside,0.9,0.54,110.4,11.7,42.9,1.0,0.0143,0.00737,0.0,0.2957,0.3367,0.2926,es,3,aside,0.9,Continuation of meta-commentary about discourse analysis.
521,2827.95,2829.57,3287444220854,3289066220854,"Así que, en mi opinión, yo he señalado que tenemos cinco pausas hasta hoy.",-0.3726,-0.2404,0.326,0.0333,9.885,0.0576,0.0,dwelling,45.951622,8.9248772,0.0,1.0,3,aside,0.9,1.62,203.4,18.0,90.4,0.725,0.00709,0.00219,0.0,0.4258,0.4568,0.4549,es,3,aside,0.9,Procedural comment about tracking pauses in the walk/discourse.
522,2833.73,2837.08,3293232220854,3296577220854,"3, 4, en el camino, aquí, aquí.",-0.445,-0.2224,0.428,0.0249,9.872,0.0701,0.0,dwelling,45.951622,8.9248772,0.0,0.818,3,aside,0.85,3.35,232.9,50.8,150.0,0.467,0.00585,0.00185,0.0,0.3683,0.4217,0.4522,es,3,aside,0.85,Procedural tracking of locations related to pauses.
523,2837.12,2838.84,3296617220854,3298340220854,Ahora veamos si hace otro detalle.,-0.4421,-0.2201,0.342,0.0291,9.875,0.0238,0.0,dwelling,45.951622,8.9248772,0.0,0.471,3,aside,0.9,1.72,180.5,5.9,21.6,0.222,0.00375,0.00089,0.0,0.5556,0.5692,0.5518,es,3,aside,0.9,Procedural comment about future observation/detail.
524,2840.99,2841.47,3300489220854,3300970220854,"sí, sí, sí",-0.3525,-0.2337,0.317,0.0118,9.822,0.3301,0.0,scanning,45.951622,8.9248772,0.0,1.0,3,aside,0.95,0.48,190.7,7.6,25.5,0.938,0.00625,0.00143,0.0,0.584,0.558,0.4868,es,3,aside,0.95,"Filler, expression of agreement."
525,2850.03,2851.45,3309530220854,3310951220854,Ma tu vuoi fare prima del test un check dei contenuti con lei?,-0.2465,-0.207,0.497,0.1792,9.932,0.4802,0.0,scanning,45.951622,8.9248772,0.0,0.5,3,aside,0.95,1.42,241.2,3.4,8.4,0.089,0.00329,0.00077,0.0,0.4329,0.4164,0.425,it,3,aside,0.95,Procedural question about task organization
526,2856.48,2859.66,3315976220854,3319164220854,di chiedere a Nadine se possiamo fare due cose.,-0.0949,-0.4981,0.332,0.0867,9.88,0.4091,0.074,scanning,45.9516258,8.9248781,0.719,0.938,3,aside,0.95,3.18,148.2,11.0,38.1,0.76,0.00511,0.00242,0.0,0.2771,0.3119,0.4201,it,3,aside,0.95,Procedural talk about activity planning
527,2859.68,2860.45,3319184220854,3319945220854,Questa è la...,-0.1169,-0.6891,0.235,0.0169,9.772,0.0462,0.074,dwelling,45.9516258,8.9248791,0.0,1.0,3,aside,0.85,0.77,148.7,9.2,34.0,0.72,0.00384,0.00136,0.0,0.3403,0.3623,0.3774,it,3,aside,0.85,"Incomplete utterance, false start before content"
528,2864.48,2864.62,3323975220854,3324116220854,Grazie.,-0.017,-0.6595,0.251,0.0046,9.672,0.4614,0.221,scanning,45.9516258,8.9248838,1.0,1.0,3,aside,0.95,0.14,198.2,2.8,6.9,0.8,0.0034,0.00071,0.0,,,,it,3,aside,0.95,"Polite interjection, off-topic chatter"
