seg_idx,t_start_s,t_end_s,t_start_device_ns,t_end_device_ns,transcript,gaze_yaw_mean_rad,gaze_pitch_mean_rad,gaze_depth_mean_m,gaze_yaw_std_rad,head_accel_mag_mean,head_gyro_mag_mean,gps_speed_mps,body_state,lat,lon,left_hand_visible_frac,right_hand_visible_frac,discourse_level,discourse_label,discourse_confidence,seg_dur_s,f0_mean_hz,f0_std_hz,f0_range_hz,voiced_frac,energy_mean,energy_std,pause_frac,ser_arousal,ser_dominance,ser_valence,lang,level,label,confidence,rationale
0,0.95,7.77,3419423257012,3426239257012,"El hecho de que haya tantos elementos líticos de esta roca que han sido eliminados,",-0.1211,-0.2658,0.714,0.191,9.908,0.5075,0.449,scanning,45.9515877,8.9248123,0.03,0.194,1,concrete,0.9,6.82,250.6,35.0,177.2,0.832,0.00233,0.00098,0.0,0.3953,0.4418,0.4907,es,1,concrete,0.9,Describes material properties and actions.
1,8.27,13.05,3426741257012,3431516257012,utilizado para construir la mayoría de los edificios es porque ellos se han dado cuenta,-0.3326,-0.1992,0.586,0.2125,9.982,0.7017,0.424,scanning,45.95158,8.9248266,0.0,0.0,1,concrete,0.9,4.78,217.5,21.4,86.3,0.88,0.0017,0.00074,0.02,0.478,0.4929,0.5413,es,1,concrete,0.9,Explains the use of materials for construction.
2,17.42,20.35,3435894257012,3438818257012,"y los segmentos, las áreas que contenían más cuarzo.",-0.1807,-0.299,0.771,0.1198,9.98,0.7161,0.148,scanning,45.9515953,8.9248362,0.0,0.0,1,concrete,0.9,2.93,227.8,32.3,127.0,0.902,0.00217,0.00085,0.011,0.5258,0.5674,0.5593,es,1,concrete,0.9,Specifies a material's composition.
3,21.45,26.8,3439919257012,3445270257012,Y van a resultar en estructuras en las cuales la...,-0.191,-0.2953,0.642,0.1816,9.949,0.5962,0.0,scanning,45.9515915,8.9248323,0.0,0.352,1,concrete,0.9,5.35,238.5,46.3,212.2,0.774,0.00219,0.00098,0.0,0.4495,0.4915,0.4898,es,1,concrete,0.9,Introduces the direct outcome on structures.
4,27.84,29.29,3446313257012,3447757257012,la concentración del calor,-0.0479,-0.1708,1.981,0.139,10.022,0.9853,0.0,scanning,45.9515915,8.9248333,0.0,0.0,1,concrete,0.9,1.45,241.6,24.0,131.7,1.0,0.00298,0.00109,0.0,0.4908,0.5117,0.5395,es,1,concrete,0.9,Names a specific physical property.
5,30.03,35.83,3448501257012,3454296257012,iba a ser superior y cuando hay mucha estacionalidad esto es un hecho crítico porque,-0.2315,-0.3164,0.489,0.133,9.917,0.2807,0.0,scanning,45.9515877,8.9248323,0.0,0.0,2,contextual,0.8,5.8,240.7,31.7,131.3,0.725,0.00189,0.00104,0.005,0.5009,0.5299,0.5195,es,2,contextual,0.8,Frames the general importance of the property.
6,36.53,43.25,3454998257012,3461720257012,"Porque significa que tú necesitas hacer menos fuegos, o sea, calientas mejor la casa.",-0.0527,-0.2123,1.565,0.234,9.988,0.7877,0.0,scanning,45.9515915,8.9248323,0.0,0.0,1,concrete,0.9,6.72,252.6,37.2,172.4,0.602,0.00157,0.00062,0.005,0.5123,0.5165,0.5477,es,1,concrete,0.9,"Explains a practical, concrete benefit."
7,43.87,45.3,3462342257012,3463766257012,Esencialmente calientas los ojos.,0.1944,-0.2571,1.867,0.1209,10.042,1.2093,0.514,walking,45.9515839,8.9248323,0.0,0.0,1,concrete,0.7,1.43,289.9,37.1,110.0,0.933,0.00171,0.00074,0.0,0.473,0.4692,0.2879,es,1,concrete,0.7,"Emphatic, informal description of effect."
8,45.34,47.68,3463806257012,3466151257012,"Ah, otra cosa, no solamente desprende el calor.",-0.0963,-0.2663,1.456,0.1592,9.997,0.6008,0.424,scanning,45.9515877,8.9248257,0.0,0.25,1,concrete,0.8,2.34,269.7,52.8,199.2,0.541,0.00173,0.00039,0.0,0.6833,0.6547,0.4348,es,1,concrete,0.8,Introduces new concrete material property.
9,49.61,51.85,3468076257012,3470321257012,lentamente y progresivamente.,0.0982,-0.3076,0.512,0.1864,9.942,0.6401,0.221,scanning,45.9515839,8.9248209,0.0,0.0,1,concrete,0.9,2.24,206.5,20.7,68.1,0.817,0.0012,0.00049,0.0,0.4859,0.4871,0.5229,es,1,concrete,0.9,Describes the manner of heat release.
10,51.87,54.38,3470341257012,3472847257012,Lo acumulan más lentamente.,-0.0456,-0.2455,0.588,0.0775,9.935,0.2683,0.148,scanning,45.9515839,8.9248209,0.0,0.0,1,concrete,0.9,2.51,254.2,18.6,53.3,0.177,0.00152,0.0005,0.0,0.4579,0.4606,0.5516,es,1,concrete,0.9,Describes how heat is accumulated.
11,54.4,57.6,3472867257012,3476075257012,"Entonces, durante el verano es más fresco.",-0.1232,-0.2138,0.73,0.0588,9.947,0.2878,0.148,scanning,45.9515839,8.924818,0.438,0.0,1,concrete,0.9,3.2,253.3,48.0,193.6,0.752,0.00232,0.00125,0.01,0.4725,0.494,0.6417,es,1,concrete,0.9,Concrete effect of the material's properties.
12,57.6,58.49,3476075257012,3476963257012,Y durante el invierno...,-0.0007,-0.2852,0.487,0.0381,9.896,0.1902,0.222,dwelling,45.9515839,8.9248133,0.0,0.0,1,concrete,0.9,0.89,228.3,23.5,71.6,1.0,0.00139,0.00069,0.0,0.4686,0.4914,0.3061,es,1,concrete,0.9,Sets up a contrasting concrete effect.
13,61.86,62.44,3480331257012,3480912257012,Es más caliente.,-0.3933,-0.2089,0.442,0.088,9.918,0.3039,0.368,scanning,45.9515915,8.9247999,0.0,0.0,1,concrete,0.9,0.58,174.1,11.0,41.1,0.895,0.00057,0.00015,0.0,0.4351,0.4495,0.4822,es,1,concrete,0.9,Concrete effect of the material's properties.
14,62.46,63.73,3480932257012,3482195257012,Ignacia térmica.,-0.2805,-0.2368,0.568,0.077,9.927,0.1138,0.074,dwelling,45.9515915,8.924799,0.0,0.0,1,concrete,0.9,1.27,113.4,1.8,5.3,0.175,0.00185,0.0032,0.8,-0.0502,0.0728,0.1716,es,1,concrete,0.9,Names the technical concept.
15,63.74,64.05,3482215257012,3482516257012,"Sí, sí.",-0.2015,-0.244,0.435,0.0904,9.963,0.2513,0.074,scanning,45.9515915,8.924798,0.0,0.0,3,aside,0.9,0.31,112.0,9.6,34.8,1.0,0.00317,0.00091,0.0,,,,es,3,aside,0.9,Filler/acknowledgement.
16,64.07,66.95,3482536257012,3485423257012,"Digamos, acá nunca existió el adobe, pero existió el cuarzo.",0.1495,-0.3305,0.437,0.1812,9.948,0.4024,0.074,scanning,45.9515915,8.924798,0.0,0.0,1,concrete,0.95,2.88,237.0,94.2,276.1,0.813,0.00199,0.00147,0.165,0.58,0.5595,0.4269,es,1,concrete,0.95,Discusses specific material (quartz) of the space.
17,70.85,76.79,3489318257012,3495262257012,Y esto le da un elemento más.,-0.1212,-0.4003,0.685,0.1339,9.845,0.373,0.0,scanning,45.9515915,8.9247971,0.0,0.217,1,concrete,0.9,5.94,243.6,45.4,205.8,0.608,0.00165,0.00056,0.0,0.4958,0.5314,0.521,es,1,concrete,0.9,Refers to physical element of the space.
18,78.85,78.91,3497317257012,3497379257012,Ya.,0.0061,-0.3822,0.509,0.0,9.786,0.0996,0.074,dwelling,45.9515915,8.9247904,1.0,0.0,3,aside,0.9,0.06,,,,,,,,,,,es,3,aside,0.9,Filler/interjection.
19,80.25,85.36,3498717257012,3503828257012,Naturalmente lo que estamos viendo ahora es un uso contemporáneo de la…,-0.0311,-0.3527,0.882,0.2163,9.971,1.5529,0.449,scanning,45.9515686,8.9247856,0.0,0.077,1,concrete,0.9,5.11,236.5,43.3,161.8,0.656,0.00118,0.00046,0.0,0.4353,0.4678,0.5282,es,1,concrete,0.9,Describes current use of the physical space.
20,87.72,87.93,3506195257012,3506397257012,Gracias.,0.141,-0.1765,0.768,0.1425,10.002,0.2111,0.222,dwelling,45.951561,8.9247875,0.0,0.0,3,aside,0.9,0.21,,,,0.0,0.00069,7e-05,0.0,,,,es,3,aside,0.9,"Polite interjection, procedural."
21,90.03,91.11,3508501257012,3509582257012,"Pero vamos a ver en estos, por ejemplo...",0.1772,-0.1927,0.652,0.0419,9.942,0.1846,0.431,dwelling,45.951561,8.9247904,0.0,0.0,3,aside,0.85,1.08,183.5,5.6,20.1,1.0,0.00141,0.00026,0.0,0.4477,0.4885,0.356,es,3,aside,0.85,Procedural guidance for the walk.
22,95.74,99.43,3514211257012,3517900257012,"Seguramente lo que ellos han utilizado acá, mira cómo se ve.",0.0005,-0.2403,2.122,0.1641,10.017,0.42,0.564,walking,45.9515381,8.9248161,0.0,0.0,1,concrete,0.9,3.69,218.5,32.2,160.5,0.922,0.00091,0.0003,0.0,0.6288,0.6186,0.3748,es,1,concrete,0.9,Points out observable feature of the space.
23,100.95,101.49,3519419257012,3519961257012,Todo eso es cuarzo.,-0.3357,-0.1848,0.267,0.0095,9.946,0.7087,0.519,walking,45.9515457,8.9248409,0.0,0.0,1,concrete,0.95,0.54,230.8,22.3,61.4,1.0,0.00243,0.00077,0.0,0.5258,0.544,0.4013,es,1,concrete,0.95,Identifies specific material (quartz) observed.
24,101.51,102.63,3519981257012,3521104257012,"Ahora tú dices, eso no me sirve.",-0.2479,-0.1482,0.243,0.0385,9.995,0.4271,0.519,walking,45.9515533,8.9248486,0.818,0.0,3,aside,0.8,1.12,,,,0.0,0.00114,0.00047,0.0,0.4655,0.5197,0.5686,es,3,aside,0.8,Sets up rhetorical question/hypothetical thought.
25,102.65,106.3,3521124257012,3524774257012,"O sea, una columna...",-0.1492,-0.3813,0.215,0.1834,9.993,0.4322,0.43,scanning,45.951561,8.9248524,0.135,0.459,3,aside,0.8,3.65,205.0,39.1,179.2,0.922,0.00242,0.00185,0.139,0.4892,0.5006,0.5679,es,3,aside,0.8,Continues rhetorical/hypothetical point.
26,106.91,109.86,3525376257012,3528325257012,"Desde el punto de vista de la acumulación y de la difusión del calor, no me interesa, pero...",-0.1236,-0.4073,0.316,0.1135,9.952,0.2047,0.074,dwelling,45.9515648,8.9248476,0.0,1.0,1,concrete,0.9,2.95,205.8,33.2,130.4,0.763,0.00164,0.00086,0.022,0.4698,0.5,0.5383,es,1,concrete,0.9,Explains material property (heat diffusion/accumulation).
27,114.35,119.97,3532818257012,3538437257012,"Pero cuando sabemos que la gran mayoría del edificio ha sido construido así, eso ya.",-0.1628,-0.2142,0.632,0.2801,10.028,0.3418,0.075,scanning,45.951561,8.9248438,0.0,0.0,2,contextual,0.9,5.62,227.7,26.8,99.8,0.619,0.00113,0.00029,0.0,0.6316,0.629,0.6183,es,2,contextual,0.9,Generalizes about building's overall construction method.
28,120.03,120.99,3538501257012,3539464257012,ya nos ayudan a entender la contención,0.1512,-0.3162,1.341,0.1739,9.975,0.4487,0.428,scanning,45.9515648,8.9248495,0.1,0.0,2,contextual,0.9,0.96,,,,0.0,0.00118,0.00043,0.0,0.3819,0.398,0.3143,es,2,contextual,0.9,Explains implication of building's construction method.
29,143.03,148.74,3561502257012,3567214257012,Y tienen un conocimiento interiorizado muy poderoso de la composición.,-0.2829,-0.2731,0.467,0.1786,9.987,0.4485,0.475,scanning,45.9515686,8.9248867,0.0,0.105,2,contextual,0.9,5.71,256.3,44.4,176.5,0.553,0.0018,0.00034,0.0,0.4017,0.4183,0.5014,es,2,contextual,0.9,General statement about builders' knowledge/expertise.
30,150.03,156.41,3568501257012,3574880257012,de la montaña por eso saben utilizar exactamente los elementos críticos que les sirven,-0.3973,-0.3107,0.601,0.0576,9.951,0.1229,0.43,dwelling,45.9515762,8.9248705,0.0,0.0,1,concrete,0.9,6.38,237.7,35.7,175.5,0.32,0.00103,0.00032,0.0,0.4017,0.4518,0.5757,es,1,concrete,0.9,Describes functional aspect related to mountain elements.
31,159.97,162.0,3578440257012,3580469257012,"ver el uso de esta roca, vamos a descubrir que...",-0.0642,-0.2735,0.427,0.2199,9.965,0.437,0.0,scanning,45.9515915,8.9248714,0.0,0.0,1,concrete,1.0,2.03,220.2,14.4,48.6,0.266,0.00107,0.00025,0.0,0.3851,0.4208,0.4491,es,1,concrete,1.0,Refers to specific object 'this rock'.
32,169.1,171.49,3587573257012,3589962257012,En ese punto se ven dos partes del lado.,-0.2339,-0.2625,0.604,0.1897,9.993,0.6891,0.451,scanning,45.9515877,8.9248762,0.0,0.0,1,concrete,1.0,2.39,,,,0.0,0.00109,0.00012,0.0,0.3014,0.343,0.4429,es,1,concrete,1.0,Describes observable features in specific location.
33,171.57,171.87,3590043257012,3590344257012,Vemos acá.,0.3278,-0.2804,0.634,0.0939,9.941,0.6564,0.516,walking,45.9515839,8.9248743,0.0,0.0,1,concrete,1.0,0.3,,,,0.0,0.00117,9e-05,0.0,,,,es,1,concrete,1.0,Directs attention to specific observation.
34,177.81,179.91,3596285257012,3598377257012,Una parte del lago de Lugano.,-0.3546,-0.3224,0.532,0.1213,9.938,0.6587,0.296,scanning,45.9515686,8.9248562,0.0,0.714,1,concrete,1.0,2.1,,,,0.0,0.00125,0.0002,0.0,0.1765,0.224,0.3277,es,1,concrete,1.0,Names specific geographic feature.
35,184.44,185.24,3602905257012,3603707257012,¿Cómo puedo definirlo?,-0.4154,-0.2519,0.479,0.0901,9.914,0.1303,0.442,dwelling,45.9515724,8.9248667,0.0,0.0,3,aside,1.0,0.8,93.8,6.4,17.2,0.462,0.00083,0.00014,0.0,0.3545,0.4114,0.4472,es,3,aside,1.0,"Self-correction, speaker's process of finding words."
36,185.26,186.94,3603727257012,3605412257012,¿Dónde se encuentra el mallazo?,0.1465,-0.2,0.729,0.3025,9.928,0.5188,0.442,scanning,45.9515762,8.9248619,0.0,0.0,1,concrete,1.0,1.68,65.0,0.0,0.0,0.094,0.00054,0.0001,0.0,0.2491,0.2818,0.2455,es,1,concrete,1.0,Question about specific object's location.
37,191.74,192.94,3610205257012,3611406257012,¿Dónde se encuentra la bala?,0.289,-0.2096,0.693,0.3215,9.959,0.5014,0.0,scanning,45.9515762,8.9248514,0.0,0.0,1,concrete,1.0,1.2,,,,0.0,0.00115,0.00013,0.0,0.1494,0.2208,0.5226,es,1,concrete,1.0,Question about specific object's location.
38,199.0,199.54,3617468257012,3618009257012,Y en el otro lado...,-0.5239,-0.2714,0.439,0.0424,9.903,0.0891,0.0,dwelling,45.9515762,8.9248514,0.0,1.0,1,concrete,1.0,0.54,,,,0.0,0.00111,0.00014,0.0,0.3238,0.3568,0.3752,es,1,concrete,1.0,Sets up description of physical location.
39,207.83,209.93,3626300257012,3628397257012,se encuentra el Monte San Giorgio.,-0.3426,-0.2645,0.511,0.0758,9.913,0.5319,0.0,scanning,45.9515762,8.9248533,0.0,0.0,1,concrete,1.0,2.1,183.0,18.8,66.1,0.515,0.00154,0.0003,0.0,0.4281,0.4908,0.4886,es,1,concrete,1.0,Names specific geographic feature.
40,210.03,210.73,3628501257012,3629202257012,Es una montaña con una iglesia.,-0.3499,-0.2039,0.4,0.0232,10.097,0.4467,0.0,scanning,45.9515762,8.9248533,0.0,0.0,1,concrete,1.0,0.7,241.8,17.5,50.8,0.955,0.00139,0.00026,0.0,0.4944,0.5149,0.3323,es,1,concrete,1.0,Describes specific geographic feature.
41,217.02,219.79,3635487257012,3638257257012,Porque nosotros estamos en la punta entre dos vertientes.,-0.3669,-0.2219,0.479,0.0433,9.922,0.0441,0.297,dwelling,45.9515877,8.9248695,0.0,0.464,1,concrete,1.0,2.77,65.1,0.2,0.8,0.138,0.00111,0.00023,0.0,0.3439,0.3997,0.5057,es,1,concrete,1.0,Explains current location relative to features.
42,222.22,226.23,3640685257012,3644696257012,"La de un lado, donde vemos el lago, y la del otro.",-0.3578,-0.193,0.573,0.0717,9.928,0.1464,0.843,walking,45.9516144,8.9248762,0.0,0.0,1,concrete,1.0,4.01,181.5,15.0,69.4,0.643,0.00138,0.00026,0.0,0.2557,0.3114,0.3649,es,1,concrete,1.0,Elaboration on physical features/location.
43,231.21,232.73,3649679257012,3651201257012,"Sí, pero caminando acá lo vamos a ver.",-0.3026,-0.0412,1.423,0.0547,9.931,0.3986,0.147,scanning,45.9516258,8.9248753,0.0,0.0,3,aside,1.0,1.52,,,,0.0,0.00248,0.00084,0.0,0.2956,0.3345,0.4956,es,3,aside,1.0,"Procedural talk, future action during the walk."
44,232.75,234.21,3651221257012,3652684257012,"Sí, se subió un poco.",-0.3597,-0.1819,1.13,0.0998,10.149,0.5634,0.147,scanning,45.9516258,8.9248734,0.0,0.0,1,concrete,0.9,1.46,89.9,20.6,56.3,0.935,0.00231,0.00087,0.0,-0.0389,0.1199,0.3296,es,1,concrete,0.9,Describes observable physical characteristic of terrain.
45,247.03,247.22,3665504257012,3665685257012,Muy bien.,0.5748,-0.3052,0.856,0.0981,10.974,2.5132,0.477,scanning,45.9516258,8.9248419,0.0,0.0,3,aside,1.0,0.19,119.9,1.6,4.1,0.833,0.01094,0.00424,0.0,,,,es,3,aside,1.0,Filler/acknowledgement.
46,247.29,249.77,3665765257012,3668236257012,Eres un pozo inagotable de conocimiento.,0.2431,-0.3013,0.684,0.2315,9.904,1.0506,0.853,walking,45.951622,8.9248438,0.0,0.28,3,aside,1.0,2.48,122.4,9.6,43.2,0.782,0.00783,0.00551,0.256,0.3031,0.3733,0.4232,es,3,aside,1.0,"Compliment, off-topic chatter."
47,254.26,255.54,3672727257012,3674010257012,Le dije lo de San Giorgio que es importante.,-0.419,-0.2141,1.063,0.0247,10.219,0.45,0.369,scanning,45.9515915,8.9249115,0.25,0.0,2,contextual,0.9,1.28,283.4,47.9,146.5,0.951,0.0023,0.00071,0.0,0.7627,0.6724,0.6322,es,2,contextual,0.9,Refers to previous context/framing.
48,255.56,257.79,3674030257012,3676255257012,"Acuérdense la posición, acuérdense que estamos...",-0.3714,-0.2982,0.676,0.2018,10.156,0.5666,0.222,scanning,45.9515915,8.9249144,0.273,0.0,3,aside,1.0,2.23,253.0,27.5,98.7,0.6,0.0025,0.00063,0.0,0.5396,0.5449,0.6401,es,3,aside,1.0,Procedural instruction/reminder.
49,264.42,268.49,3682885257012,3686964257012,al mediodía va a haber una luz ahí que entra de esa ventana,-0.1495,-0.0471,0.769,0.1637,10.139,0.5057,0.0,scanning,45.9515953,8.9249163,0.0,0.0,1,concrete,1.0,4.07,257.2,30.5,140.7,0.781,0.00094,0.00031,0.0,0.5351,0.5317,0.4538,es,1,concrete,1.0,Describes concrete physical observation.
50,271.92,272.25,3690391257012,3690718257012,Y San Andreas.,0.0599,-0.2869,0.671,0.0158,9.633,0.435,0.0,scanning,45.9515915,8.9249172,0.0,0.0,1,concrete,1.0,0.33,107.8,8.0,26.0,1.0,0.00539,0.00285,0.0,,,,es,1,concrete,1.0,N naming specific feature/location.
51,274.17,279.58,3692635257012,3698053257012,"Ellos no solamente están mirando la montaña que está detrás de nosotros, ellos van a ser iluminados por la ventana.",0.179,-0.2803,0.768,0.2364,10.014,0.8331,0.666,walking,45.9515953,8.9249277,0.0,0.0,1,concrete,1.0,5.41,261.6,53.1,212.3,0.829,0.00181,0.00094,0.0,0.597,0.5779,0.476,es,1,concrete,1.0,Explains interaction of specific features.
52,281.64,281.82,3700111257012,3700293257012,Gracias.,-0.132,-0.0787,1.687,0.0068,9.404,0.218,1.251,walking,45.95158,8.924984,0.0,0.0,3,aside,1.0,0.18,,,,0.0,0.00051,8e-05,0.0,,,,es,3,aside,1.0,Social pleasantry.
53,292.82,299.78,3711288257012,3718248257012,o sea cuando tú te das cuenta de cómo ellos lo pensaban de cómo todas las iglesias,0.0411,-0.2498,0.733,0.2131,10.018,0.6616,1.036,walking,45.9515419,8.9250221,0.0,0.171,2,contextual,0.9,6.96,273.3,60.8,216.8,0.697,0.00189,0.00086,0.005,0.5263,0.5501,0.5175,es,2,contextual,0.9,Discusses historical intent/thought process.
54,300.03,301.45,3718501257012,3719925257012,Son puntos de vista y de relación.,-0.024,-0.2665,0.669,0.2217,9.962,0.5456,0.563,walking,45.9515495,8.9249754,0.0,0.0,2,contextual,1.0,1.42,273.5,46.5,178.2,1.0,0.0017,0.00044,0.0,0.4646,0.472,0.3672,es,2,contextual,1.0,Generalization about spatial relationships.
55,302.3,307.89,3720768257012,3726365257012,"Un poco entre ellas, un poco con el bosque y un poco con la punta de la montaña.",-0.0568,-0.1991,0.884,0.0039,9.963,0.0499,0.449,dwelling,45.9515419,8.9249544,0.0,0.107,2,contextual,1.0,5.59,260.3,62.7,225.6,0.771,0.00167,0.00048,0.0,0.4261,0.45,0.5544,es,2,contextual,1.0,Elaborates contextual relationship of elements.
56,307.92,308.57,3726385257012,3727040257012,Gracias.,-0.0492,-0.195,0.861,0.0009,9.934,0.0601,0.519,walking,45.9515343,8.9249506,0.0,0.0,3,aside,1.0,0.65,,,,0.0,0.00121,0.00013,0.0,0.1989,0.2267,0.3163,es,3,aside,1.0,Social pleasantry.
57,325.33,329.46,3743801257012,3747935257012,Hay que mantener un trozo el afloramiento.,0.0455,-0.3291,0.452,0.3025,9.925,1.0248,0.564,walking,45.9516144,8.9249287,0.143,0.048,1,concrete,1.0,4.13,142.5,66.6,239.6,0.631,0.00402,0.00219,0.0,0.4264,0.4717,0.6253,es,1,concrete,1.0,Instruction about physical feature (outcrop).
58,329.5,329.87,3747975257012,3748337257012,¿Si se calienta?,0.1556,-0.1059,0.822,0.0311,9.836,0.4298,0.432,scanning,45.9516106,8.924921,0.25,0.0,1,concrete,1.0,0.37,153.7,21.6,58.0,1.0,0.01561,0.01108,0.167,,,,es,1,concrete,1.0,Question about physical property.
59,329.89,329.97,3748357257012,3748437257012,No.,0.1068,-0.046,0.676,0.0,10.299,0.5831,0.429,scanning,45.9516106,8.9249191,0.0,0.0,1,concrete,1.0,0.08,,,,,,,,,,,es,1,concrete,1.0,Direct answer about physical property.
60,330.03,330.29,3748501257012,3748762257012,"Ah, vale, no.",0.133,-0.0936,0.584,0.0533,9.716,0.5244,0.429,scanning,45.9516106,8.9249191,0.0,0.0,3,aside,0.9,0.26,154.7,43.1,110.7,1.0,0.0042,0.00076,0.0,,,,es,3,aside,0.9,Filler/quick response
61,330.31,330.55,3748782257012,3749023257012,"No, va bien.",0.1599,-0.0417,0.834,0.0359,10.311,0.8593,0.429,scanning,45.9516106,8.9249191,0.0,0.0,3,aside,0.9,0.24,,,,0.0,0.01511,0.01296,0.375,,,,es,3,aside,0.9,Quick response
62,330.57,331.15,3749043257012,3749625257012,"Mira, está a 37.",0.099,-0.0641,0.555,0.0421,9.899,0.7794,0.22,scanning,45.9516144,8.9249182,0.0,0.0,3,aside,0.9,0.58,146.7,10.6,29.5,0.842,0.02226,0.01042,0.053,0.5603,0.513,0.4713,es,3,aside,0.9,Off-topic observation
63,336.81,338.54,3755285257012,3757008257012,A mí eso me pasa con el móvil.,-0.2126,-0.3168,0.339,0.259,9.853,0.3917,0.223,scanning,45.9516258,8.9249182,0.0,0.588,3,aside,0.9,1.73,130.0,11.3,40.3,0.673,0.00395,0.00289,0.055,0.3079,0.3416,0.5174,es,3,aside,0.9,Personal off-topic comment
64,343.45,346.89,3761917257012,3765363257012,"Me tengo que cambiar de móvil, por cierto",0.1289,-0.1916,0.668,0.3274,10.034,1.4249,0.449,scanning,45.9516335,8.9249268,0.0,0.114,3,aside,0.9,3.44,114.0,24.7,92.3,0.898,0.0032,0.00261,0.019,0.3928,0.4157,0.4193,es,3,aside,0.9,Personal off-topic comment
65,349.08,353.48,3767553257012,3771954257012,"Es que no quiero hablar, es decir, podría estar hablando horas con ella, pero no quiero.",-0.1997,-0.1892,1.02,0.1872,10.097,1.038,0.44,scanning,45.9516449,8.9249668,0.0,0.364,3,aside,0.9,4.4,117.4,14.9,72.5,0.971,0.00891,0.00529,0.065,0.3573,0.3905,0.5454,es,3,aside,0.9,Personal/self-referential comment
66,355.65,359.87,3774117257012,3778337257012,hay una aldeita que se llama cuaso al piano,-0.0665,-0.4544,0.402,0.1543,9.923,0.5202,0.67,walking,45.951683,8.9249544,0.0,0.326,1,concrete,0.9,4.22,286.0,34.1,121.2,0.318,0.00167,0.00087,0.038,0.5354,0.5368,0.6609,es,1,concrete,0.9,Names a specific place
67,360.03,362.89,3778501257012,3781364257012,Cuaso al piano y cuaso al monte son las dos aldeas donde Manfredo se tala,-0.1327,-0.4184,0.328,0.0128,9.83,0.2088,0.431,dwelling,45.9516754,8.9249535,0.0,1.0,1,concrete,0.9,2.86,264.7,55.9,208.5,0.733,0.0034,0.00168,0.0,0.4235,0.4738,0.5219,es,1,concrete,0.9,Names and locates places
68,367.76,368.64,3786230257012,3787113257012,Ha ido a estudiar como sacerdote.,-0.4195,-0.2664,0.292,0.0135,9.864,0.0268,0.426,dwelling,45.9516525,8.9249487,0.0,0.25,2,contextual,0.9,0.88,239.6,26.3,105.1,0.786,0.00393,0.00219,0.036,0.4084,0.3855,0.426,es,2,contextual,0.9,Historical context about a person
69,368.7,369.26,3787173257012,3787735257012,Él es un milanés.,-0.4119,-0.2875,0.298,0.002,9.859,0.0186,0.426,dwelling,45.9516525,8.9249487,0.0,0.333,2,contextual,0.9,0.56,65.0,0.0,0.0,0.444,0.00091,0.0001,0.0,0.3904,0.3353,0.3611,es,2,contextual,0.9,Background about a person
70,373.62,376.45,3792088257012,3794917257012,en la segunda mitad de 1100.,-0.411,-0.2322,0.374,0.0106,9.88,0.1767,0.0,dwelling,45.9516487,8.9249468,0.0,1.0,2,contextual,0.9,2.83,204.7,20.6,77.8,0.64,0.00215,0.00104,0.0,0.3374,0.364,0.4517,es,2,contextual,0.9,Specifies historical time period
71,377.95,379.86,3796422257012,3798329257012,que es bien erudito porque su familia tiene una biblioteca y él...,-0.3585,-0.1996,0.363,0.0124,9.918,0.0805,0.426,dwelling,45.9516411,8.9249477,0.0,0.6,2,contextual,0.9,1.91,229.9,41.5,213.0,0.733,0.00169,0.00055,0.0,0.4905,0.4707,0.407,es,2,contextual,0.9,Background/character context
72,385.28,389.97,3803752257012,3808437257012,Va ahí a ser sacerdote y mientras que está ahí...,-0.3538,-0.2162,0.57,0.0954,9.93,0.3156,0.433,scanning,45.9516449,8.924964,0.0,0.277,2,contextual,0.9,4.69,252.9,40.7,246.9,0.789,0.00186,0.00092,0.02,0.3897,0.4165,0.4376,es,2,contextual,0.9,Continues historical narrative
73,390.03,394.09,3808501257012,3812560257012,Y entra en contacto con ciertos manuscritos de una famosa santa curandera.,-0.2206,-0.2818,0.425,0.144,9.916,0.1772,0.148,dwelling,45.9516411,8.9249554,0.0,0.0,2,contextual,0.9,4.06,233.1,33.2,120.0,0.748,0.00182,0.00061,0.0,0.5018,0.5176,0.522,es,2,contextual,0.9,Develops historical narrative
74,396.34,404.29,3814812257012,3822760257012,y él aprende todas esas plantas y de pronto estando ahí ve la montaña y dice pero quiero ser hermita en la montaña,-0.1569,-0.2919,0.392,0.2118,9.919,0.4982,0.0,scanning,45.9516449,8.9249535,0.025,0.425,2,contextual,0.9,7.95,234.3,46.1,240.7,0.775,0.0031,0.00277,0.341,0.4951,0.5072,0.6139,es,2,contextual,0.9,Historical narrative explaining motivation
75,404.29,406.21,3822760257012,3824684257012,"Y subiendo la montaña, encuentras las plantas.",-0.0739,-0.2267,0.671,0.3286,9.951,1.253,0.0,scanning,45.9516449,8.9249535,0.0,0.684,1,concrete,0.9,1.92,254.2,105.0,280.6,0.902,0.00382,0.00226,0.082,0.5253,0.5474,0.4289,es,1,concrete,0.9,Mentions tangible features: plants on mountain.
76,410.48,411.95,3828953257012,3830416257012,y se vuelve el santo curandero de la montaña así es como nace él,-0.3427,-0.3606,0.359,0.0625,9.963,0.3441,0.0,scanning,45.9516449,8.9249544,0.0,0.071,2,contextual,0.9,1.47,283.3,47.9,137.1,0.935,0.00257,0.00118,0.0,0.5586,0.5461,0.6096,es,2,contextual,0.9,Introduces character's origin story (context).
77,416.47,418.02,3834944257012,3836490257012,¿Cómo se llama?,-0.1921,-0.3628,0.382,0.0708,9.995,0.339,0.0,scanning,45.9516449,8.9249544,0.0,0.133,3,aside,0.95,1.55,231.7,89.2,253.6,0.612,0.00646,0.00481,0.163,0.7021,0.5976,0.4897,es,3,aside,0.95,"Direct question, procedural."
78,420.03,420.95,3838501257012,3839424257012,Manfredo Zetala su momia sigue vigente,0.0286,-0.2695,0.362,0.2811,10.104,1.2464,0.148,scanning,45.9516449,8.9249582,0.0,0.0,2,contextual,0.9,0.92,273.2,27.6,91.8,0.897,0.00419,0.00165,0.0,0.6803,0.6603,0.8179,es,2,contextual,0.9,Factual detail about historical character.
79,426.07,429.12,3844542257012,3847586257012,el tipo está en Rivas Ambitales él sigue haciendo milagros,-0.3659,-0.2628,0.772,0.1643,9.939,0.5621,0.727,walking,45.9516411,8.9249954,0.0,0.267,2,contextual,0.9,3.05,272.4,28.4,130.1,0.365,0.00298,0.00276,0.323,0.54,0.5573,0.7877,es,2,contextual,0.9,Elaborates on character's continued significance.
80,432.18,432.44,3850651257012,3850911257012,"Bueno, sí.",0.4039,-0.146,0.623,0.0107,10.64,1.2556,0.668,walking,45.9516106,8.9250288,0.0,0.0,3,aside,0.95,0.26,93.2,6.8,21.9,0.778,0.0032,0.00174,0.111,,,,es,3,aside,0.95,"Filler, agreement."
81,432.46,433.1,3850932257012,3851573257012,Es un fenómeno.,0.1242,-0.1783,1.672,0.1193,9.892,0.6361,0.663,walking,45.9516068,8.9250355,0.0,0.0,2,contextual,0.85,0.64,109.9,13.4,37.9,0.524,0.0033,0.00142,0.0,0.3201,0.4119,0.281,es,2,contextual,0.85,General assessment of character's importance.
82,435.21,436.59,3853676257012,3855059257012,Es un fenómeno.,-0.1415,-0.2645,1.286,0.2203,9.805,1.0447,0.85,walking,45.9515991,8.9250584,0.0,0.0,2,contextual,0.85,1.38,323.4,33.2,107.1,0.364,0.0024,0.00119,0.0,0.5492,0.5279,0.6106,es,2,contextual,0.85,"Repetition, general assessment."
83,436.61,438.73,3855079257012,3857203257012,"El curandero salva a toda la gente, las cura y todo.",-0.0942,-0.2414,1.501,0.244,9.924,0.8227,0.85,walking,45.9515953,8.9250689,0.0,0.0,2,contextual,0.9,2.12,253.1,34.1,206.9,1.0,0.00269,0.0009,0.0,0.5231,0.5066,0.5096,es,2,contextual,0.9,Describes character's role and actions.
84,438.81,441.54,3857283257012,3860006257012,"vive en la montaña, obviamente vive en una cueva en la montaña.",-0.0707,-0.3376,1.671,0.222,9.944,0.7204,0.982,walking,45.95158,8.9251022,0.0,0.0,1,concrete,0.9,2.73,222.6,40.4,171.3,0.977,0.00313,0.00125,0.0,0.6192,0.5942,0.5441,es,1,concrete,0.9,Describes tangible features: cave on mountain.
85,441.99,442.71,3860458257012,3861180257012,Una remita.,0.2287,-0.323,1.649,0.1754,10.036,0.9371,0.806,walking,45.9515762,8.9251232,0.0,0.0,1,concrete,0.9,0.72,96.1,8.7,36.3,1.0,0.00482,0.00179,0.0,0.2694,0.3382,0.4185,es,1,concrete,0.9,Names a specific tangible feature (small cave).
86,442.73,449.97,3861200257012,3868437257012,"Hace todos los milagros del mundo porque conoce las plantas, pero también porque conoce mucho mejor que yo todo lo que les estoy",0.0579,-0.2487,1.922,0.2092,9.943,0.4216,0.806,walking,45.95158,8.9251652,0.027,0.082,2,contextual,0.8,7.24,249.5,51.0,235.4,0.947,0.00317,0.00189,0.053,0.6872,0.6323,0.7268,es,2,contextual,0.8,Explains character's powers and wisdom (context).
87,450.03,453.36,3868501257012,3871826257012,diciendo la montaña sagrada y él codifica toda la montaña como un sistema sagrado.,0.0167,-0.2271,1.429,0.351,9.996,0.5368,0.613,walking,45.9515877,8.9251947,0.0,0.0,2,contextual,0.9,3.33,252.2,40.9,180.4,0.638,0.00195,0.00123,0.019,0.6584,0.6121,0.6399,es,2,contextual,0.9,Explains character's framing of the mountain.
88,457.32,459.77,3875791257012,3878238257012,"Y cuando se muere, en fin, hay toda una lucha increíble.",-0.0536,-0.4622,1.559,0.0651,9.901,0.3222,0.661,walking,45.9515991,8.9252357,0.0,0.0,2,contextual,0.9,2.45,265.9,43.4,162.3,0.675,0.00211,0.00164,0.299,0.3681,0.4217,0.4413,es,2,contextual,0.9,Continues historical narrative about character.
89,463.28,466.07,3881748257012,3884539257012,para que se vaya a Mérida o arriba a San Vitale y gana arriba.,-0.2289,-0.342,1.103,0.3568,9.898,0.6277,0.668,walking,45.9516106,8.9252844,0.25,0.0,2,contextual,0.9,2.79,237.0,36.1,217.4,1.0,0.00288,0.00116,0.011,0.6566,0.6214,0.584,es,2,contextual,0.9,Continues historical narrative about character.
90,468.14,469.65,3886608257012,3888116257012,Porque arriba tiene el batisterio que es ultraantiguo.,-0.2876,-0.2863,1.241,0.0929,9.904,0.3377,0.671,walking,45.9516258,8.9253206,0.0,0.0,1,concrete,1.0,1.51,220.9,26.1,112.8,0.771,0.00283,0.00093,0.0,0.5192,0.5516,0.5412,es,1,concrete,1.0,Names feature and describes it.
91,472.78,473.64,3891252257012,3892113257012,El batisterio es fenomenal.,0.1956,-0.2731,1.296,0.242,9.798,0.6777,0.807,walking,45.9516258,8.9253578,0.0,0.0,2,contextual,0.9,0.86,234.7,22.5,72.2,0.963,0.00265,0.00059,0.0,0.5532,0.5263,0.5073,es,2,contextual,0.9,Evaluative comment about the object.
92,473.74,479.97,3892213257012,3898437257012,"No digo nada porque si un día podemos decir algo sobre ese batisterio, es una historia fenomenal.",-0.2248,-0.263,1.675,0.2935,9.94,0.6188,0.517,walking,45.9516487,8.9253845,0.0,0.0,3,aside,1.0,6.23,225.6,30.6,166.7,0.759,0.00256,0.00106,0.01,0.5348,0.5219,0.5624,es,3,aside,1.0,Metalinguistic comment; teases future discussion.
93,480.03,480.69,3898501257012,3899164257012,El bauticero es fenomenal.,-0.212,-0.2613,1.813,0.098,9.655,0.3394,0.614,walking,45.9516525,8.9254045,0.0,0.0,2,contextual,0.9,0.66,179.7,22.8,69.2,0.714,0.00204,0.00085,0.0,0.4851,0.5433,0.4254,es,2,contextual,0.9,Evaluative comment about the object.
94,482.88,484.47,3901353257012,3902938257012,Tiene un piso romano.,-0.1846,-0.2003,0.682,0.1891,9.946,0.5411,0.517,walking,45.9516602,8.9254236,0.0,0.0,1,concrete,1.0,1.59,287.7,34.9,120.9,0.48,0.0029,0.0013,0.02,0.4147,0.4359,0.5623,es,1,concrete,1.0,Describes a specific physical feature.
95,484.49,485.25,3902958257012,3903720257012,Precioso.,-0.5773,-0.2268,0.479,0.2329,9.918,0.6496,0.615,walking,45.9516602,8.925436,0.0,0.571,2,contextual,0.9,0.76,219.2,59.0,187.4,1.0,0.00191,0.00049,0.0,0.5133,0.516,0.5149,es,2,contextual,0.9,Evaluative adjective for the feature.
96,485.75,487.5,3904222257012,3905967257012,Tiene un piso romano que tú puedes pisar.,-0.3207,-0.1961,0.646,0.3394,9.916,0.5925,0.615,walking,45.951664,8.9254436,0.0,0.111,1,concrete,1.0,1.75,204.4,64.9,214.9,0.964,0.00245,0.00077,0.0,0.5676,0.5914,0.3122,es,1,concrete,1.0,Describes a specific feature and its function.
97,487.52,488.5,3905987257012,3906970257012,"Sí, sí.",-0.1702,-0.2917,0.516,0.313,9.948,0.8617,0.615,walking,45.9516792,8.9254541,0.0,0.7,3,aside,1.0,0.98,209.8,3.3,8.6,0.161,0.0018,0.00078,0.0,0.3429,0.4301,0.3592,es,3,aside,1.0,Filler or simple affirmation.
98,488.94,492.67,3907411257012,3911141257012,"Y cuando yo me fui, lo primero que vi de eso era el piso romano.",-0.3186,-0.2804,0.721,0.374,9.932,0.6748,0.607,walking,45.951683,8.9254761,0.0,0.395,2,contextual,0.9,3.73,264.6,42.9,193.6,0.923,0.00276,0.00122,0.009,0.6317,0.5943,0.6521,es,2,contextual,0.9,Personal anecdote providing context for object.
99,492.69,495.0,3911161257012,3913467257012,"Y dije, aquí hay un piso romano.",-0.1272,-0.3209,0.666,0.3797,9.898,0.534,0.589,walking,45.9516907,8.9255028,0.0,0.261,2,contextual,0.9,2.31,256.4,43.5,136.0,0.644,0.0024,0.00071,0.0,0.5664,0.5442,0.5534,es,2,contextual,0.9,"Personal thought, part of contextual story."
100,495.12,495.78,3913587257012,3914248257012,"La gente caminando, qué horror.",-0.3573,-0.0887,1.054,0.1766,9.731,0.5823,0.516,walking,45.9516907,8.9255085,0.0,0.0,2,contextual,0.9,0.66,286.7,28.3,84.9,0.714,0.00214,0.00066,0.0,0.5526,0.5122,0.498,es,2,contextual,0.9,"Personal reaction, adds context to situation."
101,495.8,498.28,3914268257012,3916752257012,"Y fui a buscar al cura para decirle, pero le pongan una protección, ¿no?",-0.265,-0.3189,0.939,0.2787,9.942,0.5763,0.516,walking,45.9516945,8.9255171,0.0,0.4,2,contextual,0.9,2.48,274.9,31.7,130.9,0.821,0.00298,0.00127,0.0,0.5735,0.5477,0.4455,es,2,contextual,0.9,Describes action in a contextual narrative.
102,502.83,507.92,3921299257012,3926392257012,"Y el cura me mira como una estúpida que yo soy y me dice, no, es que...",-0.2568,-0.2359,1.108,0.3066,9.913,0.4932,0.591,walking,45.9517021,8.9255676,0.0,0.0,2,contextual,0.9,5.09,240.8,45.3,211.8,0.494,0.0017,0.00087,0.0,0.4156,0.4354,0.4358,es,2,contextual,0.9,"Describes interaction, sets up explanation."
103,510.03,511.45,3928501257012,3929924257012,El batistero todavía está en uso.,-0.6342,-0.2384,1.473,0.1389,9.898,0.7623,0.666,walking,45.9517136,8.9256067,0.0,0.071,1,concrete,1.0,1.42,216.3,40.5,147.2,0.8,0.0009,0.00026,0.0,0.4668,0.4818,0.5242,es,1,concrete,1.0,States current functional status of object.
104,512.12,516.66,3930585257012,3935133257012,"El lugar sigue siendo sagrado, por ende no, no hay que cubrirlo.",0.0585,-0.3318,1.217,0.224,9.906,0.5339,0.668,walking,45.9517212,8.9256344,0.0,0.0,2,contextual,1.0,4.54,214.2,41.3,157.0,0.38,0.00107,0.00046,0.0,0.4988,0.5132,0.627,es,2,contextual,1.0,Explains reason/context for object's status.
105,517.63,519.75,3936098257012,3938223257012,Ahí dándome una clase gigante de conservación del patrimonio inmaterial.,-0.0507,-0.4288,0.872,0.0595,9.917,0.3504,0.518,walking,45.9517288,8.925662,0.0,0.0,3,aside,0.9,2.12,203.1,28.4,132.8,0.985,0.00227,0.00065,0.0,0.6026,0.6059,0.8145,es,3,aside,0.9,Meta-commentary on interaction
106,522.42,527.46,3940890257011,3945930257012,El uso nunca ha dejado de ser durante dos mil años más.,-0.1314,-0.2681,0.749,0.337,9.978,0.8968,0.517,walking,45.9517593,8.9256954,0.0,0.216,1,concrete,0.9,5.04,256.3,43.0,174.4,0.741,0.003,0.00164,0.063,0.5764,0.5842,0.5203,es,1,concrete,0.9,Describes object's continuous function
107,527.62,530.12,3946085257012,3948591257012,La mejor herramienta de preservación es que se mantenga el uso.,-0.0788,-0.2037,0.563,0.2193,9.926,0.6602,0.729,walking,45.9517632,8.9257107,0.0,0.12,2,contextual,0.9,2.5,124.6,7.3,31.5,0.987,0.00831,0.0034,0.025,0.3567,0.3963,0.3518,es,2,contextual,0.9,General principle of preservation
108,530.3,533.45,3948771257012,3951918257012,"Es el uso, o sea, ese baptisterio...",-0.0623,-0.3219,0.43,0.3659,9.918,0.8871,1.4,walking,45.9517708,8.9257374,0.0,0.194,1,concrete,0.95,3.15,209.1,110.2,289.8,0.657,0.00597,0.00563,0.323,0.5815,0.5479,0.6028,es,1,concrete,0.95,Connects general idea to specific object
109,535.17,535.71,3953642257012,3954184257012,Así usado.,-0.0175,-0.3757,0.462,0.0232,9.502,0.3033,1.373,walking,45.9518051,8.9257584,0.0,0.8,1,concrete,0.95,0.54,300.8,30.8,163.2,1.0,0.00251,0.00062,0.0,0.5281,0.5286,0.4806,es,1,concrete,0.95,Affirms specific object's state
110,535.75,537.9,3954224257012,3956371257011,Ven acá.,-0.1983,-0.497,0.429,0.1609,9.954,0.8112,1.373,walking,45.9517937,8.9257698,0.0,0.273,3,aside,0.95,2.15,279.8,51.0,163.7,0.515,0.00212,0.00063,0.0,0.5902,0.5496,0.4884,es,3,aside,0.95,Procedural command to audience
111,537.92,539.87,3956391257012,3958337257011,"Eso estaba también en el... Arriba, no sé.",-0.159,-0.339,0.748,0.1462,9.983,0.8027,1.373,walking,45.9517632,8.9257812,0.0,0.0,1,concrete,0.9,1.95,65.0,0.0,0.0,0.443,0.00122,0.00035,0.0,0.3685,0.3805,0.4252,es,1,concrete,0.9,Refers to specific object and location
112,540.03,542.46,3958501257011,3960928257012,Eso es bien importante porque nos da las direcciones cardinales.,-0.0482,-0.3931,0.542,0.23,9.936,0.8185,0.876,walking,45.9517479,8.9257879,0.0,0.0,1,concrete,0.95,2.43,137.4,77.0,180.4,0.566,0.00111,0.00033,0.0,0.3921,0.4352,0.4775,es,1,concrete,0.95,Explains object's specific function
113,542.68,543.74,3961149257012,3962212257011,Es un orientador.,-0.2123,-0.017,1.026,0.1218,9.853,0.5563,0.431,scanning,45.9517403,8.9257898,0.0,0.0,1,concrete,0.95,1.06,196.2,7.1,31.0,0.824,0.00249,0.00032,0.0,0.442,0.4657,0.4738,es,1,concrete,0.95,Names object's type or function
114,548.3,551.15,3966770257011,3969619257012,"Cuando no había brújula, había esas cosas.",-0.1278,-0.1658,0.839,0.1125,9.894,0.6098,0.148,scanning,45.951725,8.9257832,0.0,0.286,2,contextual,0.9,2.85,228.3,29.5,128.3,0.722,0.00172,0.00067,0.0,0.4088,0.4671,0.4866,es,2,contextual,0.9,General historical context for objects
115,551.53,554.8,3970000257012,3973270257012,"Por ende, está acá y estaba allá.",-0.0177,-0.2239,0.694,0.2831,9.965,1.0494,0.073,scanning,45.9517288,8.9257832,0.0,0.03,1,concrete,0.9,3.27,,,,0.0,0.00319,0.00293,0.175,0.4729,0.5142,0.4417,es,1,concrete,0.9,Describes object's distribution or presence
116,557.56,560.41,3976034257012,3978881257012,"Perdón, no se lo dije, pero bueno, aprovecho para decirlo ahora.",-0.0849,-0.2651,0.622,0.1518,9.918,0.9815,0.0,scanning,45.9517326,8.9257812,0.0,0.0,3,aside,0.95,2.85,180.4,12.0,54.7,0.544,0.00079,0.0002,0.0,0.446,0.4435,0.5302,es,3,aside,0.95,"Self-correction, discourse management"
117,560.43,563.9,3978901257012,3982369257012,¿Por qué ese camino no es tan bello como el otro?,0.01,-0.0699,0.801,0.2698,9.998,0.8631,0.0,scanning,45.9517326,8.9257812,0.0,0.0,1,concrete,0.95,3.47,211.5,54.8,254.2,0.706,0.00184,0.00074,0.0,0.2583,0.2857,0.4731,es,1,concrete,0.95,Compares specific physical features
118,565.58,567.51,3984053257012,3985978257012,"O sea, porque este es más ancho.",0.0862,-0.1714,0.931,0.0928,9.987,0.2642,0.45,scanning,45.9517326,8.9257908,0.0,0.0,1,concrete,0.95,1.93,195.5,24.8,114.5,0.934,0.0011,0.00019,0.0,0.5743,0.6091,0.7147,es,1,concrete,0.95,Describes specific physical attribute
119,570.03,571.41,3988501257012,3989883257012,"Para los coches, para los coches.",-0.4512,-0.2178,0.478,0.2115,9.864,0.6092,0.432,scanning,45.9517441,8.9257994,0.0,0.0,1,concrete,0.95,1.38,122.3,31.4,102.9,0.727,0.00283,0.00139,0.0,0.3884,0.4335,0.5429,es,1,concrete,0.95,Explains purpose of physical feature
120,580.35,581.81,3998815257012,4000278257012,"El camino ancestral que es allá, terminaba acá.",-0.2728,-0.1161,1.585,0.286,9.983,0.9343,0.925,walking,45.9517899,8.9258556,0.0,0.0,1,concrete,1.0,1.46,,,,0.0,0.0015,0.00036,0.0,0.4228,0.4744,0.4365,es,1,concrete,1.0,Describes a specific physical path.
121,581.83,582.85,4000298257012,4001320257012,Ese es el camino antiguo.,-0.3339,-0.031,1.656,0.1236,10.118,0.5625,1.048,walking,45.9517937,8.925868,0.0,0.0,1,concrete,1.0,1.02,,,,0.0,0.00149,0.00029,0.0,0.8053,0.7083,0.4326,es,1,concrete,1.0,Identifies a physical path.
122,587.95,589.45,4006422257012,4007923257012,"No digo abandonado, pero dejado de lado para permitir.",-0.1818,-0.178,2.892,0.2343,9.975,0.6816,0.784,walking,45.9517822,8.9259491,0.0,0.0,3,aside,1.0,1.5,234.2,24.9,77.6,0.681,0.00249,0.00087,0.0,0.5263,0.49,0.4544,es,3,aside,1.0,Self-correction on wording.
123,598.58,599.32,4017053257012,4017786257012,Ustedes han notado una...,-0.5698,-0.1482,0.66,0.0902,10.079,0.925,1.284,walking,45.9518471,8.9260798,0.0,0.0,3,aside,1.0,0.74,314.5,18.1,49.8,0.583,0.00172,0.00055,0.0,0.5403,0.502,0.4032,es,3,aside,1.0,Direct question to audience.
124,600.03,602.42,4018501257012,4020891257012,cosa quizás que llegando del camino ancestral,-0.0312,-0.2901,0.561,0.3081,10.051,1.1142,1.079,walking,45.9518585,8.9260941,0.0,0.042,3,aside,1.0,2.39,275.2,45.9,134.0,0.373,0.00248,0.00049,0.0,0.5837,0.5716,0.3986,es,3,aside,1.0,Sets up an audience observation.
125,604.05,605.21,4022517257012,4023682257012,"Tú vas descubriendo poco a poco, ¿cierto?",-0.4129,-0.19,0.541,0.2264,10.033,0.4234,0.59,walking,45.9518738,8.9261169,0.0,0.0,3,aside,1.0,1.16,270.4,22.1,66.1,0.73,0.00159,0.00057,0.0,0.5422,0.5203,0.4666,es,3,aside,1.0,Direct audience engagement.
126,608.39,616.27,4026857257012,4034736257012,"O sea, la idea de llegar a subir a la montaña es como empieza con esto, con la codificación espacial que tú ves acá.",-0.1814,-0.2153,0.748,0.299,9.985,0.9403,0.561,walking,45.9518623,8.9261789,0.0,0.0,2,contextual,1.0,7.88,260.9,44.0,203.8,0.717,0.00184,0.00083,0.0,0.5995,0.5773,0.6605,es,2,contextual,1.0,Explains the concept of spatial design.
127,616.37,617.91,4034836257012,4036383257012,"Pero si yo le abro una calle gigante,",-0.0771,-0.2882,0.698,0.168,9.946,0.6656,0.147,scanning,45.9518661,8.9261875,0.0,0.0,2,contextual,1.0,1.54,309.2,52.6,132.2,0.633,0.00187,0.00056,0.0,0.6791,0.6321,0.6926,es,2,contextual,1.0,Sets up a hypothetical scenario.
128,627.86,629.87,4046329257012,4048337257012,"Es un poco como, por ejemplo,",-0.0074,-0.2842,0.665,0.1588,9.843,0.418,0.956,walking,45.9518776,8.9262161,0.0,0.0,3,aside,1.0,2.01,243.1,43.0,133.1,0.54,0.00148,0.00026,0.0,0.5312,0.5175,0.5538,es,3,aside,1.0,Introduces an example.
129,630.03,632.82,4048501257012,4051289257012,"Nell'epoca fascista, in Roma, il portico di San Pedro",-0.1831,-0.15,1.038,0.3436,9.932,0.8113,0.956,walking,45.9518776,8.9262447,0.0,0.071,2,contextual,1.0,2.79,288.1,56.7,179.6,0.443,0.00112,0.00052,0.0,0.5986,0.5839,0.5504,it,2,contextual,1.0,"Provides a historical, tangential example."
130,635.67,638.82,4054137257012,4057289257012,è una obra barocca di Bernini fenomenale,-0.292,-0.3189,0.523,0.3091,9.906,0.7962,0.446,scanning,45.9519005,8.92626,0.0,0.0,2,contextual,1.0,3.15,238.9,51.5,239.4,0.596,0.00237,0.00322,0.576,0.3462,0.3509,0.5355,it,2,contextual,1.0,Describes the tangential example's origin.
131,640.77,642.87,4059237257012,4061342257012,"Era una sorpresa, tu entri in questo disegno di un abbraccio.",-0.4909,-0.1841,0.527,0.1334,10.026,0.6752,0.563,walking,45.951931,8.9262896,0.0,0.0,2,contextual,1.0,2.1,262.5,33.9,121.5,0.864,0.00181,0.00081,0.0,0.5502,0.5325,0.3458,it,2,contextual,1.0,Explains effect of tangential example.
132,646.16,649.22,4064632257012,4067685257012,"fantastico, gigante e di pronto in epoca fascista le apre un cammino",-0.4266,-0.1795,0.561,0.1928,9.938,0.729,0.518,walking,45.9519272,8.9263163,0.0,0.0,2,contextual,1.0,3.06,303.0,35.1,137.3,0.719,0.00165,0.00066,0.0,0.6374,0.6036,0.6276,it,2,contextual,1.0,Continues historical example narrative.
133,649.66,657.34,4068127257012,4075805257012,che si chiama Via della Conciliazione che rompe tutto questo perché lo vedi da lontano e non è più una sorpresa,-0.3714,-0.1672,0.586,0.2982,9.96,0.8489,0.849,walking,45.9519386,8.926342,0.0,0.0,2,contextual,1.0,7.68,244.5,67.5,292.1,0.763,0.00249,0.0022,0.224,0.5802,0.5394,0.7216,it,2,contextual,1.0,Explains impact of historical example.
134,657.38,659.17,4075845257012,4077639257012,E' stato un momento buono per me.,-0.4422,-0.1412,0.851,0.1764,10.016,0.9173,0.615,walking,45.9519653,8.9263897,0.0,0.0,3,aside,1.0,1.79,250.5,39.7,152.7,0.589,0.00102,0.00024,0.0,0.5906,0.5657,0.69,it,3,aside,1.0,"Personal, off-topic reflection."
135,660.54,664.16,4079007257012,4082635257012,"Te rompe la sorpresa, te impide entrar en contacto con el bosque.",0.139,-0.2834,0.529,0.234,9.915,0.3342,0.222,scanning,45.9519691,8.9263983,0.0,0.0,2,contextual,0.9,3.62,260.9,58.1,229.0,0.798,0.00165,0.00079,0.009,0.6023,0.5808,0.5908,es,2,contextual,0.9,General observation about experience with forest
136,667.37,669.54,4085842257012,4088007257012,"entrar en esa red y una vez que está en esa red, como si...",-0.2765,-0.1468,1.044,0.149,9.949,0.1329,0.147,dwelling,45.951973,8.9263935,0.0,0.0,2,contextual,0.85,2.17,271.8,46.8,187.8,0.882,0.00115,0.00027,0.0,0.5705,0.5611,0.4933,es,2,contextual,0.85,Continuation of general experience framing
137,674.83,677.65,4093300257012,4096125257012,Y esta calle enorme con el carro.,-0.0661,-0.2459,0.78,0.1918,9.974,0.9582,0.517,walking,45.951973,8.9263659,0.0,0.0,1,concrete,0.95,2.82,249.5,68.1,216.1,0.798,0.00122,0.0005,0.0,0.5417,0.5502,0.364,es,1,concrete,0.95,"Names physical features: street, car"
138,688.97,689.13,4107442257012,4107604257012,Gracias.,0.0162,-0.1092,0.764,0.0,10.88,0.3373,1.277,walking,45.9520378,8.9264679,0.0,0.0,3,aside,1.0,0.16,,,,0.0,0.00123,0.0003,0.0,,,,es,3,aside,1.0,Simple social remark
139,690.03,691.15,4108501257012,4109623257012,"Además, porque cuando tú andas con un carro",-0.0203,-0.1333,1.009,0.2199,9.996,0.8228,1.113,walking,45.9520416,8.9264774,0.0,0.0,2,contextual,0.9,1.12,,,,0.0,0.00094,0.00022,0.0,0.5448,0.4363,0.4466,es,2,contextual,0.9,Contextual explanation about using a car
140,697.53,698.49,4115997257012,4116959257012,"Obviamente andas más rápido, etc.",0.1275,-0.3033,0.685,0.1921,10.067,1.1859,1.258,walking,45.9520454,8.9265919,0.0,0.4,2,contextual,0.9,0.96,206.6,3.3,10.8,0.323,0.00177,0.0002,0.0,0.4625,0.5017,0.3788,es,2,contextual,0.9,Generalisation about car's effect on speed
141,706.42,707.3,4124887257012,4125769257012,Tampoco cuando tú vas en bicicleta.,0.1707,-0.2655,0.796,0.1012,10.074,0.3937,0.811,walking,45.9520454,8.9267244,0.0,0.0,2,contextual,0.9,0.88,264.5,58.0,160.3,1.0,0.00125,0.00036,0.0,0.6707,0.5967,0.5966,es,2,contextual,0.9,Comparison of transport modes (bike)
142,707.32,708.2,4125789257012,4126671257012,Si vas con una mula es mejor.,-0.3285,-0.1865,0.974,0.1776,10.061,1.3336,0.786,walking,45.9520493,8.926734,0.0,0.0,2,contextual,0.9,0.88,234.3,23.6,83.3,1.0,0.00119,0.00047,0.0,0.5934,0.5499,0.5283,es,2,contextual,0.9,Recommendation/opinion about using a mule
143,713.64,718.07,4132109257012,4136535257012,porque la mula es viva y hay como... la mula te dice algo,0.0688,-0.4417,0.614,0.117,9.92,0.4233,0.792,walking,45.9520569,8.9267807,0.0,0.244,2,contextual,0.9,4.43,270.9,43.7,185.5,0.604,0.0013,0.00052,0.0,0.5446,0.5319,0.5471,es,2,contextual,0.9,Explanation framing interaction with mule
144,720.03,720.87,4138501257012,4139343257012,"lo que estás usando, de alguna manera.",0.2292,-0.1485,0.874,0.1569,9.958,0.5327,0.995,walking,45.9520798,8.9268217,0.0,0.111,2,contextual,0.85,0.84,212.8,26.4,121.6,1.0,0.00145,0.00024,0.0,0.642,0.579,0.4994,es,2,contextual,0.85,Continuation of explanation about interaction
145,720.89,723.56,4139363257012,4142028257012,"Y el caballo menos, pero la mula...",0.278,-0.1425,1.113,0.0879,9.914,0.5594,0.612,walking,45.9520912,8.9268341,0.0,0.037,2,contextual,0.9,2.67,204.7,28.5,157.3,0.357,0.00113,0.00042,0.0,0.4699,0.4763,0.4988,es,2,contextual,0.9,Comparison of transport modes (horse vs mule)
146,726.43,728.36,4144897257012,4146828257012,sugiero hacer un camino en mula.,-0.1907,-0.1478,0.986,0.4045,10.004,1.3487,0.514,walking,45.952095,8.9268589,0.0,0.25,2,contextual,0.9,1.93,265.2,51.7,182.5,0.934,0.0014,0.00033,0.0,0.6058,0.5897,0.5463,es,2,contextual,0.9,Direct recommendation for mule path
147,729.35,731.11,4147819257012,4149582257012,Además es mucho más fácil que un caballo.,0.1927,-0.3117,0.73,0.1222,9.95,0.3539,0.985,walking,45.9521065,8.9268818,0.0,0.111,2,contextual,0.9,1.76,246.2,32.7,165.1,0.982,0.00147,0.00043,0.0,0.5993,0.5623,0.5049,es,2,contextual,0.9,Justification for mule preference (easier)
148,731.13,734.2,4149602257012,4152667257012,Es psicológicamente más estable.,-0.0441,-0.3654,1.015,0.2472,9.954,0.5916,0.985,walking,45.9521141,8.9269085,0.0,0.161,2,contextual,0.9,3.07,260.5,26.9,90.3,0.531,0.00127,0.00045,0.0,0.6282,0.5964,0.6198,es,2,contextual,0.9,General characteristic/justification for mule
149,734.68,737.69,4153148257012,4156162257012,"Quizás no es tan elegante, no es tan plata, no es tan...",-0.1702,0.0276,1.631,0.2971,9.975,0.9248,0.884,walking,45.9521255,8.9269419,0.0,0.033,2,contextual,0.9,3.01,225.3,27.4,119.5,0.895,0.00137,0.00034,0.0,0.6683,0.6334,0.6537,es,2,contextual,0.9,Subjective comparison of mule attributes
150,744.06,744.28,4162531257012,4162754257012,Buongiorno.,0.0598,-0.1373,0.707,0.0426,9.282,0.7759,1.045,walking,45.9521599,8.927043,0.0,0.0,3,aside,1.0,0.22,127.4,5.2,15.1,1.0,0.01044,0.00346,0.0,,,,es,3,aside,1.0,Greeting
151,744.3,744.55,4162774257012,4163017257012,Buongiorno.,0.222,-0.1864,0.714,0.0636,10.285,0.4035,1.045,walking,45.9521599,8.927043,0.0,0.0,3,aside,1.0,0.25,98.1,1.8,4.6,1.0,0.00558,0.00055,0.0,,,,es,3,aside,1.0,Greeting
152,750.92,756.92,4169395257012,4175388257012,"Porque la mula sabe muchos caminos, por ejemplo, han sido diseñados por las mulas.",-0.0915,-0.1751,0.815,0.2846,9.99,0.7608,0.666,walking,45.952179,8.9270697,0.0,0.033,1,concrete,0.9,6.0,305.0,36.6,183.6,0.457,0.00173,0.00075,0.0,0.5764,0.5797,0.6494,es,1,concrete,0.9,Explains path formation by mules
153,758.99,761.12,4177462257012,4179588257012,Y las mulas van y poco a poco va rehaciendo lo mismo.,-0.0688,-0.2767,0.867,0.1871,9.961,0.4725,1.102,walking,45.952198,8.9271441,0.0,0.143,1,concrete,0.9,2.13,301.3,23.9,95.1,0.985,0.00138,0.00057,0.0,0.4206,0.3887,0.6487,es,1,concrete,0.9,Explains path formation by mules
154,761.14,762.86,4179608257012,4181333257012,Y ahí es como nace un camino.,-0.0594,-0.1472,1.094,0.2648,9.918,0.5444,0.963,walking,45.952198,8.9271708,0.0,0.0,1,concrete,0.9,1.72,250.5,20.1,63.4,0.389,0.00083,0.00023,0.0,0.6648,0.5935,0.6518,es,1,concrete,0.9,Explains how paths are formed
155,770.57,771.77,4189038257012,4190241257012,"Ya, perciben ustedes que es distinto, ¿no?",-0.0408,-0.2734,0.992,0.2209,10.209,0.8924,0.665,walking,45.9522324,8.9272575,0.0,0.0,1,concrete,0.9,1.2,294.4,58.4,207.0,0.816,0.00132,0.00051,0.0,0.5704,0.5262,0.4988,es,1,concrete,0.9,Refers to current distinct path
156,771.81,775.36,4190281257012,4193831257012,"En comparación con lo que hemos visto arriba antes, ¿no?",-0.13,-0.163,1.018,0.2663,9.96,0.634,0.518,walking,45.9522362,8.9272623,0.0,0.0,1,concrete,0.9,3.55,120.8,8.4,26.5,0.063,0.00191,0.00272,0.766,0.3934,0.3985,0.4623,es,1,concrete,0.9,Compares current path to prior
157,778.15,779.08,4196618257012,4197548257012,Es como que la acción humana,0.0732,-0.2498,0.82,0.3098,9.975,0.772,0.729,walking,45.9522591,8.9272909,0.0,0.0,1,concrete,0.9,0.93,273.1,47.5,134.6,0.9,0.00165,0.00052,0.0,0.6365,0.625,0.5559,es,1,concrete,0.9,Describes effect of human action
158,780.03,780.65,4198501257012,4199125257012,Acá nos distancia por el ancho,0.1641,-0.3773,0.767,0.0837,10.227,0.8052,0.858,walking,45.9522705,8.92729,0.0,0.0,1,concrete,0.9,0.62,,,,0.0,0.00127,0.00033,0.0,0.5397,0.5097,0.6558,es,1,concrete,0.9,Describes path's width
159,785.87,788.5,4204340257012,4206966257012,Ese camino está hecho para que volúmenes más grandes de nosotros.,-0.0911,-0.19,0.86,0.2138,9.973,1.0061,0.954,walking,45.9523087,8.9273558,0.0,0.0,1,concrete,0.9,2.63,277.3,36.9,119.5,0.494,0.00135,0.00089,0.0,0.5311,0.497,0.5749,es,1,concrete,0.9,Explains path's purpose/design
160,791.54,792.16,4210013257012,4210634257012,recorran eso.,-0.0274,-0.296,0.943,0.0394,10.203,0.4754,0.615,walking,45.9523239,8.9273834,0.0,0.571,1,concrete,0.9,0.62,,,,0.0,0.00095,0.00019,0.0,0.4129,0.3738,0.3884,es,1,concrete,0.9,Explains path's purpose/design
161,792.18,796.09,4210654257012,4214561257012,Entonces mi posibilidad de reconocer una flor,0.0466,-0.2333,0.77,0.0943,9.929,0.3463,0.738,walking,45.9523201,8.9274025,0.0,0.051,2,contextual,0.8,3.91,205.8,88.4,266.0,0.569,0.00108,0.00036,0.0,0.5919,0.5818,0.654,es,2,contextual,0.8,Generalization about path's impact on observation
162,798.48,801.84,4216945257012,4220310257012,"De ver un árbol, aunque sea solo por un metro o dos metros, varía.",0.0498,-0.2367,1.16,0.2752,9.995,0.9505,1.34,walking,45.9523621,8.9274683,0.0,0.0,2,contextual,0.8,3.36,266.2,58.8,188.0,0.368,0.00101,0.00037,0.0,0.444,0.4673,0.4306,es,2,contextual,0.8,Generalization about path's impact on observation
163,806.46,809.97,4224927257012,4228437257012,"Y no puedes ir en un bosque, por ejemplo, en un camino.",-0.0975,-0.1972,0.848,0.2143,9.953,0.5135,0.67,walking,45.9524193,8.927496,0.0,0.029,2,contextual,0.8,3.51,257.5,63.2,220.6,0.727,0.0014,0.00043,0.0,0.5792,0.543,0.3812,es,2,contextual,0.8,Framing the path's context/experience
164,810.03,811.42,4228501257012,4229886257012,"Esto ya no es un camino, es ya una carretera.",-0.0391,-0.2908,0.713,0.2073,9.952,0.5683,0.729,walking,45.9524117,8.9275141,0.0,0.571,1,concrete,0.9,1.39,278.0,29.2,140.4,0.75,0.00145,0.00036,0.0,0.6355,0.5851,0.5044,es,1,concrete,0.9,Reclassifies the current physical feature
165,814.2,817.13,4232672257012,4235597257012,"Entonces, una de las clases importantes que derivamos de ese mini paseo por el bosque es que",-0.0641,-0.3416,0.811,0.3467,9.896,0.8142,1.076,walking,45.9523849,8.9275599,0.0,0.034,2,contextual,0.95,2.93,260.2,39.0,140.9,0.978,0.00131,0.0004,0.0,0.5222,0.5233,0.5927,es,2,contextual,0.95,Framing a general lesson from prior activity
166,821.47,824.83,4239944257012,4243297257012,"No es solo la dirección, sino ese lancho.",-0.0881,-0.201,0.942,0.1963,9.906,0.4402,0.918,walking,45.952404,8.9276257,0.0,0.0,2,contextual,0.95,3.36,212.4,75.4,273.4,0.613,0.00102,0.00032,0.0,0.4878,0.493,0.4877,es,2,contextual,0.95,Elaborating on the general lesson's specific aspect
167,826.18,829.41,4244650257012,4247878257012,Y el ancho de una carretera así produce un problema gigante en la naturaleza que se llama...,0.1364,-0.6055,0.544,0.1319,9.914,0.3786,0.881,walking,45.9524384,8.9276505,0.0,0.031,1,concrete,0.95,3.23,299.6,59.0,163.6,0.307,0.0012,0.00042,0.0,0.4891,0.4799,0.419,es,1,concrete,0.95,Introducing a specific ecological problem and its cause
168,833.86,834.4,4252328257012,4252869257012,Fragmentación de hábitats.,-0.3251,-0.2993,0.739,0.2156,9.592,1.4342,0.56,walking,45.9524689,8.9277029,0.0,0.0,1,concrete,0.95,0.54,225.7,7.9,22.4,0.824,0.00111,0.00024,0.0,0.4726,0.4423,0.4627,es,1,concrete,0.95,Naming the specific ecological problem
169,834.42,838.1,4252889257012,4256574257012,"O sea, una hormiga puede cruzar esto.",-0.2303,-0.2055,1.141,0.3244,9.953,0.7218,0.729,walking,45.9524765,8.9277077,0.0,0.027,1,concrete,0.95,3.68,276.8,40.6,119.9,0.328,0.00139,0.00052,0.0,0.6286,0.6046,0.5612,es,1,concrete,0.95,Concrete example illustrating habitat fragmentation
170,840.03,840.45,4258501257012,4258922257012,No va a cruzar eso.,-0.4814,-0.0529,1.652,0.1691,9.775,0.833,0.669,walking,45.9524918,8.9277391,0.0,0.0,1,concrete,0.95,0.42,194.8,6.9,20.4,1.0,0.00141,0.00035,0.0,0.4582,0.4157,0.4322,es,1,concrete,0.95,Continuing concrete example of animal movement
171,846.76,848.53,4265234257012,4267005257012,otros polinadores no lo van a hacer.,-0.1497,-0.1184,1.367,0.2439,9.961,0.6111,1.036,walking,45.952507,8.927804,0.0,0.0,1,concrete,0.95,1.77,278.5,56.5,192.4,0.679,0.00258,0.00139,0.0,0.5481,0.5338,0.4378,es,1,concrete,0.95,Further concrete examples of affected species
172,850.91,855.45,4269385257012,4273916257012,"quizás una ardilla, quizás unos collazos un poco más grandes, pero debajo de una cierta dimensión",-0.1087,-0.27,0.924,0.1104,9.93,0.4272,0.918,walking,45.9525375,8.9278612,0.0,0.0,1,concrete,0.95,4.54,234.0,23.0,96.5,0.88,0.00225,0.00124,0.028,0.6568,0.6196,0.6305,es,1,concrete,0.95,More concrete examples and specific conditions
173,858.95,860.36,4277424257012,4278828257012,hay formas de vida que no van a cruzar.,-0.0501,-0.2204,0.809,0.1389,9.781,0.3449,0.9,walking,45.9525986,8.927846,0.0,0.2,1,concrete,0.95,1.41,261.5,18.9,56.8,0.644,0.00254,0.00131,0.0,0.4727,0.4763,0.5766,es,1,concrete,0.95,Summarizing the concrete impact on life forms
174,860.38,864.31,4278848257012,4282779257012,"Y cuando una forma de vida no puede cruzar,",-0.0035,-0.299,0.727,0.1696,9.946,0.4145,0.853,walking,45.9526215,8.9278374,0.0,0.0,1,concrete,0.95,3.93,252.2,29.0,114.1,0.626,0.00217,0.00136,0.0,0.4939,0.5234,0.4716,es,1,concrete,0.95,Setting up the definition/consequence of fragmentation
175,866.79,867.92,4285265257012,4286395257012,Se está fragmentando el hábitat.,-0.0589,-0.4075,0.608,0.0698,9.899,0.4822,0.563,walking,45.952652,8.9278469,0.0,0.0,1,concrete,0.95,1.13,234.5,21.0,106.9,0.917,0.00148,0.0003,0.0,0.55,0.5462,0.4924,es,1,concrete,0.95,Directly stating the core ecological problem
176,870.88,872.46,4289345257012,4290934257012,Y eso es la primera amenaza del bosque.,-0.0744,-0.3465,0.682,0.0857,9.922,0.4797,0.855,walking,45.9526672,8.9278498,0.0,0.0,2,contextual,0.95,1.58,223.2,12.2,56.1,0.46,0.00146,0.0007,0.0,0.4147,0.4723,0.2322,es,2,contextual,0.95,Categorizing importance: 'first threat' to forest
177,877.2,879.07,4295673257012,4297542257012,La segunda se llama casa.,-0.037,-0.3019,0.641,0.0742,9.926,0.4268,0.427,scanning,45.9526711,8.9278755,0.0,0.0,1,concrete,0.95,1.87,219.8,23.9,67.0,0.695,0.00208,0.0008,0.0,0.4626,0.4694,0.5455,es,1,concrete,0.95,Naming a second specific threat to the forest
178,881.46,886.29,4299932257012,4304758257012,"Pero si tú evitas esas dos, el bosque solito se defiende.",-0.0594,-0.2011,1.137,0.2327,9.909,0.7776,0.516,walking,45.9526978,8.9279175,0.0,0.104,2,contextual,0.95,4.83,310.9,55.6,175.7,0.397,0.00351,0.00245,0.119,0.6103,0.5641,0.6296,es,2,contextual,0.95,General principle about forest resilience
179,887.53,888.43,4306000257012,4306901257012,que también es cómodo.,0.0285,-0.5658,0.642,0.0912,9.951,0.571,0.517,walking,45.9527054,8.9279308,0.0,0.222,3,aside,0.9,0.9,282.1,35.4,109.4,1.0,0.00226,0.00139,0.0,0.5101,0.5126,0.2573,es,3,aside,0.9,Off-hand personal remark
180,888.53,893.01,4307001257012,4311485257012,"Una vez que tú has entendido que no hay que fragmentar y no hay que cazar,",-0.1853,-0.2826,0.94,0.1668,9.97,0.5681,0.955,walking,45.9527016,8.927969,0.0,0.067,2,contextual,0.9,4.48,267.6,50.2,200.9,0.879,0.00356,0.0018,0.021,0.6873,0.6407,0.5083,es,2,contextual,0.9,"General principle, setting context"
181,893.89,897.92,4312362257012,4316392257012,"y defienden esas dos normas microscópicas,",-0.0101,-0.3612,0.741,0.0739,9.982,0.5046,0.43,scanning,45.9527168,8.9279842,0.0,0.45,2,contextual,0.9,4.03,279.2,39.8,162.8,0.913,0.00255,0.00136,0.048,0.5676,0.5184,0.3576,es,2,contextual,0.9,Elaboration on general principle
182,900.03,900.53,4318501257012,4319005257012,que logra regenerarse.,0.0629,-0.6399,0.48,0.0237,9.462,0.4121,0.974,walking,45.9527359,8.9280138,0.0,0.0,2,contextual,0.85,0.5,266.3,47.9,117.6,0.875,0.00161,0.00048,0.0,0.5755,0.52,0.6929,es,2,contextual,0.85,General outcome of norms
183,904.27,909.72,4322737257012,4328193257012,"Pero claro, si nosotros, por ejemplo, permitimos en un circuito turístico que solo haya caminos así...",0.0131,-0.1861,0.956,0.2606,9.937,0.4754,0.791,walking,45.9527702,8.9280453,0.0,0.019,2,contextual,0.9,5.45,256.0,48.2,221.9,0.801,0.00178,0.00068,0.0,0.5997,0.6001,0.5557,es,2,contextual,0.9,Framing a hypothetical scenario
184,912.6,913.14,4331073257012,4331614257012,Y miren la diferencia.,0.1271,-0.3755,0.795,0.0797,10.149,1.2917,0.45,scanning,45.952755,8.9280729,0.0,0.0,3,aside,0.95,0.54,294.7,32.0,114.3,0.765,0.00241,0.00077,0.0,0.7069,0.6117,0.4599,es,3,aside,0.95,Procedural instruction to observe
185,913.91,914.53,4332376257012,4332997257012,Aparentemente es minimal.,0.1086,-0.2424,0.773,0.3239,10.253,0.6639,0.451,scanning,45.9527588,8.9280748,0.0,0.0,2,contextual,0.8,0.62,280.6,50.1,168.1,0.75,0.00242,0.00073,0.0,0.5747,0.4697,0.578,es,2,contextual,0.8,"Initial, superficial observation/framing"
186,914.55,915.37,4333017257012,4333839257012,Esa es la antigua y esa es la moderna.,0.2154,-0.1581,0.865,0.0786,9.874,0.5676,0.481,scanning,45.9527626,8.9280806,0.0,0.0,1,concrete,0.95,0.82,312.2,55.1,191.4,0.923,0.00189,0.00056,0.0,0.6252,0.5719,0.7712,es,1,concrete,0.95,Identifying specific features/objects
187,915.39,916.05,4333859257012,4334520257012,Parece literal.,-0.0361,-0.2259,0.854,0.0785,10.185,0.7277,0.481,scanning,45.9527626,8.9280806,0.0,0.0,2,contextual,0.8,0.66,,,,0.0,0.00093,0.0003,0.0,0.4806,0.4017,0.2373,es,2,contextual,0.8,Comment on superficial appearance
188,922.46,924.38,4340928257012,4342850257012,"Pero no lo es, cambia todo.",-0.1951,-0.2994,0.82,0.1971,9.91,0.7197,0.0,scanning,45.9527512,8.9280939,0.0,0.0,2,contextual,0.85,1.92,263.7,12.3,33.4,0.279,0.00111,0.00025,0.0,0.5587,0.5661,0.6888,es,2,contextual,0.85,Generalization about profound impact
189,924.4,929.07,4342870257012,4347536257012,Miren el comportamiento de la vegetación en el viejo,-0.2075,-0.2155,1.044,0.1222,9.959,0.1427,0.369,dwelling,45.9527473,8.9280968,0.0,0.0,1,concrete,0.9,4.67,276.2,57.6,211.3,0.842,0.00159,0.00038,0.0,0.487,0.4917,0.6103,es,1,concrete,0.9,Describes specific feature's behavior
190,930.03,930.71,4348501257012,4349183257012,"En el viejo, en el antiguo,",-0.2549,-0.2588,0.771,0.0586,9.725,0.2518,0.22,scanning,45.9527435,8.928093,0.0,0.0,1,concrete,0.95,0.68,177.3,14.7,36.8,0.636,0.00098,0.00017,0.0,0.1978,0.2458,0.1922,es,1,concrete,0.95,Clarifying specific feature reference
191,935.16,937.4,4353631257012,4355873257012,"Los arbustos pueden crecer, pueden hacer su trabajo.",0.1186,-0.209,0.626,0.3309,9.975,0.8777,0.425,scanning,45.9527321,8.9281101,0.273,0.0,1,concrete,0.95,2.24,239.8,40.7,144.8,0.775,0.00189,0.00087,0.0,0.501,0.5077,0.6195,es,1,concrete,0.95,Explains how specific feature works
192,942.05,946.04,4360516257012,4364515257012,Aquí el movimiento de los carros no es solamente...,-0.3467,-0.2969,0.908,0.0647,9.963,0.2775,0.854,walking,45.9527283,8.9281492,0.025,0.0,1,concrete,0.9,3.99,254.9,49.6,200.3,0.568,0.00146,0.00047,0.0,0.6956,0.6814,0.7093,es,1,concrete,0.9,Introduces specific activity and impact
193,946.07,948.75,4364535257012,4367221257012,una fragmentación del hábitat desde el punto de vista espacial.,-0.3295,-0.1992,1.154,0.101,9.924,0.0642,0.478,dwelling,45.9527168,8.9281549,0.0,0.0,1,concrete,0.95,2.68,215.6,19.1,75.1,0.917,0.00118,0.00028,0.0,0.4224,0.4597,0.5592,es,1,concrete,0.95,Explains specific consequence (fragmentation)
194,948.77,949.55,4367241257012,4368023257012,Es también acústico.,-0.1104,-0.1561,1.19,0.0803,9.935,0.0341,0.447,dwelling,45.9527092,8.9281616,0.0,0.0,1,concrete,0.95,0.78,195.7,19.5,55.4,1.0,0.00079,0.00012,0.0,0.2701,0.3473,0.4874,es,1,concrete,0.95,Adds specific characteristic of impact
195,955.15,959.91,4373620257012,4378377257012,"O sea, si tú pasas con un motor 100 veces, ya la hierbita no va a crecer.",0.0768,-0.2533,0.824,0.3952,10.007,0.7659,0.519,walking,45.9527359,8.9281712,0.021,0.104,1,concrete,0.95,4.76,234.7,40.4,161.7,0.785,0.00163,0.00083,0.0,0.4616,0.5006,0.5283,es,1,concrete,0.95,Explains direct impact on features.
196,960.03,962.8,4378501257012,4381270257012,"Mira, por ejemplo, ahí hay todo el musgo y acá no hay.",-0.2042,-0.2655,1.084,0.1561,9.891,0.4015,0.221,scanning,45.9527397,8.9281721,0.071,0.0,1,concrete,0.95,2.77,201.5,26.7,90.0,0.356,0.00145,0.00046,0.0,0.4455,0.472,0.5096,es,1,concrete,0.95,Direct observation of physical features.
197,965.77,967.06,4384240257012,4385527257012,No es un problema de temperatura.,-0.0307,-0.2537,0.942,0.214,9.874,0.6469,0.44,scanning,45.9527435,8.9281569,0.538,0.0,1,concrete,0.95,1.29,217.8,69.4,221.4,0.927,0.00221,0.00271,0.366,0.3417,0.3225,0.2961,es,1,concrete,0.95,Clarifies cause of observed difference.
198,968.99,969.91,4387462257012,4388384257012,Es una huella humana diferente.,-0.2074,-0.2515,1.025,0.2934,9.866,0.7821,0.292,scanning,45.9527397,8.9281492,0.556,0.0,1,concrete,0.95,0.92,295.0,45.2,136.8,0.966,0.00263,0.00099,0.0,0.5876,0.5549,0.2914,es,1,concrete,0.95,Names the specific observed phenomenon.
199,969.99,976.33,4388464257012,4394797257012,Esa es la huella industrial motorizada y eso es el sendero natural.,-0.1984,-0.2078,1.093,0.2134,9.909,0.1053,0.428,dwelling,45.9527283,8.9281483,0.19,0.0,1,concrete,0.95,6.34,223.3,33.5,195.1,0.759,0.00156,0.00049,0.0,0.4621,0.4948,0.586,es,1,concrete,0.95,Names and differentiates types of trails.
200,978.73,980.41,4397202257012,4398884257012,No sé si los anteojos logran grabar eso.,-0.289,-0.2313,0.931,0.0671,9.922,0.1324,0.074,dwelling,45.9527283,8.9281559,0.0,0.0,3,aside,0.95,1.68,191.3,15.1,48.9,0.245,0.00098,0.00019,0.0,0.3128,0.37,0.3512,es,3,aside,0.95,Procedural comment about recording equipment.
201,980.43,981.5,4398904257012,4399965257012,Sí.,-0.3882,-0.2217,0.824,0.0175,9.928,0.0576,0.074,dwelling,45.9527321,8.928154,0.0,0.0,3,aside,0.95,1.07,194.6,6.1,21.3,0.676,0.00091,0.00016,0.0,0.3461,0.3925,0.4785,es,3,aside,0.95,"Filler, simple acknowledgment."
202,989.29,989.43,4407762257012,4407905257012,"Sí, sí.",0.2413,-0.1566,0.511,0.0,11.084,3.0477,0.424,scanning,45.9527435,8.9281387,0.0,0.0,3,aside,0.95,0.14,,,,0.0,0.00072,0.00013,0.0,,,,es,3,aside,0.95,"Filler, simple acknowledgment."
203,990.03,990.25,4408501257012,4408721257012,"Sí, sí, sí.",0.2478,-0.1879,0.51,0.0695,9.932,1.1682,0.424,scanning,45.9527473,8.9281397,0.0,0.0,3,aside,0.95,0.22,154.0,5.1,11.5,1.0,0.00923,0.00111,0.0,,,,es,3,aside,0.95,"Filler, simple acknowledgment."
204,999.68,1002.67,4418153257012,4421145257012,"Cada vez en su vida, cuando van a ver dos senderos,",-0.0684,-0.1238,0.992,0.2806,10.038,0.8945,0.074,scanning,45.9527512,8.9281454,0.0,0.0,2,contextual,0.95,2.99,287.5,41.9,215.5,0.904,0.00142,0.00034,0.0,0.6197,0.5922,0.8135,es,2,contextual,0.95,Framing a general observation for audience.
205,1004.24,1007.83,4422710257012,4426304257012,"Hay un lindísimo poema de Robert Frost, que nunca he estado acá.",0.0026,-0.3314,0.716,0.279,9.989,1.0668,0.593,walking,45.952755,8.9281683,0.0,0.0,2,contextual,0.95,3.59,284.7,49.8,175.7,0.85,0.00117,0.00041,0.0,0.5989,0.5543,0.6806,es,2,contextual,0.95,"Introduces external, tangential literary context."
206,1010.26,1018.16,4428734257012,4436633257012,porque es un poeta de Estados Unidos pero es como esa imagen dice Two roads diverged in a wood,0.0201,-0.286,0.937,0.3181,9.954,0.5022,0.422,scanning,45.9527702,8.9281483,0.0,0.0,2,contextual,0.95,7.9,201.2,57.2,283.3,0.668,0.00121,0.00039,0.0,0.4837,0.5216,0.5514,es,2,contextual,0.95,Elaborates on tangential literary context.
207,1018.26,1018.42,4436733257012,4436895257012,Gracias.,0.3263,-0.2247,1.005,0.0,9.969,0.024,0.863,walking,45.9527969,8.9281397,0.0,0.0,3,aside,0.95,0.16,69.6,5.4,13.6,1.0,0.00114,0.00016,0.0,,,,es,3,aside,0.95,Polite interjection.
208,1020.03,1022.92,4438501257012,4441393257012,one less travel by and that made all the difference,-0.2613,-0.2781,0.934,0.3384,9.951,0.3489,0.074,scanning,45.9528046,8.9281359,0.0,0.517,2,contextual,0.95,2.89,178.9,41.7,231.8,0.703,0.00129,0.00019,0.0,0.2065,0.3246,0.3923,en,2,contextual,0.95,Completes a tangential literary quote.
209,1026.15,1027.54,4444625257012,4446009257012,"Yes, very beautiful.",0.3104,-0.3071,0.89,0.0749,9.94,0.3325,0.073,scanning,45.9528008,8.9281368,0.0,0.0,3,aside,0.95,1.39,67.8,0.9,2.8,0.386,0.00087,0.00017,0.0,0.3135,0.3119,0.4187,en,3,aside,0.95,"Appreciative, off-topic side comment."
210,1028.22,1029.12,4446691257012,4447593257012,It's a poem about...,-0.1459,-0.1733,1.249,0.1913,10.107,1.6241,0.073,scanning,45.9528008,8.9281378,0.0,0.0,2,contextual,0.9,0.9,190.0,5.2,18.3,0.345,0.00086,0.0002,0.0,0.3669,0.3374,0.4194,en,2,contextual,0.9,"Introduces a poem, providing context."
211,1034.2,1036.11,4452668257012,4454583257012,Autor de música que habla de él.,0.0846,-0.3588,0.801,0.3946,10.013,1.1091,0.148,scanning,45.9528046,8.9281397,0.211,0.0,2,contextual,0.9,1.91,199.3,33.9,102.0,0.833,0.0011,0.00028,0.0,0.5482,0.5575,0.5841,en,2,contextual,0.9,"Mentions an author/artist, providing background."
212,1041.38,1045.85,4459854257012,4464315257012,Robert Frost has been someone who knew the forests very well.,-0.146,-0.2568,0.866,0.2983,10.063,0.8266,0.43,scanning,45.9528313,8.9281454,0.023,0.0,2,contextual,0.9,4.47,244.9,46.7,205.3,0.771,0.00158,0.00042,0.0,0.6749,0.674,0.4297,en,2,contextual,0.9,Provides background on Robert Frost and forests.
213,1046.27,1048.18,4464737257012,4466648257012,Who rose the virgin of wood?,0.2938,-0.294,1.003,0.2431,9.949,1.3728,0.668,walking,45.9528351,8.9281702,0.0,0.0,2,contextual,0.9,1.91,234.7,35.7,150.0,0.7,0.00156,0.00027,0.0,0.3831,0.4055,0.5931,en,2,contextual,0.9,"Poses a conceptual question, framing a theme."
214,1048.24,1048.48,4466708257012,4466949257012,And I?,0.1595,-0.3141,0.953,0.0384,10.033,0.5915,0.566,walking,45.9528351,8.9281797,0.0,0.0,3,aside,0.9,0.24,316.0,20.1,70.4,0.875,0.00107,0.00015,0.0,,,,en,3,aside,0.9,"Short, interjectory personal question."
215,1048.5,1049.44,4466969257012,4467914257012,I took the one that's right.,-0.0797,-0.3208,1.223,0.0718,9.967,0.3252,0.564,walking,45.9528389,8.9281816,0.0,0.0,3,aside,0.9,0.94,,,,0.0,0.00127,0.00018,0.0,0.5537,0.5617,0.3569,en,3,aside,0.9,Speaker's personal reflection or choice.
216,1050.05,1050.85,4468521257011,4469322257012,es literalmente esto sí,0.1244,-0.4295,0.664,0.0444,10.146,0.2148,0.564,walking,45.9528427,8.9281855,0.0,0.0,3,aside,0.9,0.8,,,,0.0,0.00079,0.00014,0.0,0.5624,0.584,0.5154,es,3,aside,0.9,"Short, emphatic filler/confirmation."
217,1058.96,1061.12,4477428257012,4479595257012,"Vamos, volvemos lamentablemente a la civilización.",-0.2394,-0.1615,1.28,0.2156,10.132,0.9594,0.074,scanning,45.9528542,8.928216,0.0,0.0,3,aside,0.9,2.16,289.6,46.0,145.9,0.485,0.00099,0.00026,0.0,0.4529,0.4668,0.5027,es,3,aside,0.9,Describes procedural movement and personal feeling.
218,1070.49,1071.77,4488957257012,4490238257012,"occidental de hacerle flujo a veces es esto, ¿no?",0.2801,-0.1796,1.016,0.0356,10.0,0.3565,0.872,walking,45.9529114,8.9282637,0.0,0.538,2,contextual,0.9,1.28,299.8,80.6,187.8,0.585,0.00125,0.00019,0.0,0.4756,0.4678,0.3872,es,2,contextual,0.9,General observation or cultural framing.
219,1080.03,1081.05,4498501257012,4499523257012,"O sea, tenemos que ponerle una barrera.",-0.2719,-0.412,0.768,0.0897,9.964,0.4518,0.422,scanning,45.9529381,8.9282522,0.0,0.0,2,contextual,0.9,1.02,265.7,55.2,176.2,0.844,0.00203,0.00047,0.0,0.5841,0.5457,0.6372,es,2,contextual,0.9,Describes general human intervention/action.
220,1081.11,1083.56,4499583257012,4502028257012,Me da risa porque la abeja...,-0.1832,-0.3241,0.767,0.1617,9.967,0.6004,0.222,scanning,45.9529419,8.928256,0.0,0.0,3,aside,0.9,2.45,248.1,57.8,197.6,0.61,0.00124,0.00062,0.0,0.4324,0.4555,0.422,es,3,aside,0.9,Expresses a personal reaction or feeling.
221,1087.81,1089.36,4506283257012,4507830257011,"O sea, cualquier animal puede pasar de acá.",-0.099,-0.2871,0.734,0.2083,9.902,0.2453,0.221,dwelling,45.9529495,8.9282551,0.0,0.0,1,concrete,0.9,1.55,219.0,44.1,195.5,0.776,0.00279,0.00199,0.02,0.6774,0.6326,0.5798,es,1,concrete,0.9,Direct observation of the space's permeability.
222,1092.33,1097.7,4510802257012,4516170257012,"O sea, no hay ninguna forma de impedir a la abeja, al zorro, a cualquiera de destrozar todo eso o de ayudarlo.",-0.1778,-0.4349,0.538,0.1035,9.85,0.1608,0.074,dwelling,45.9529533,8.9282656,1.0,0.593,1,concrete,0.9,5.37,223.6,36.2,202.6,0.792,0.00252,0.00144,0.0,0.6684,0.6561,0.5574,es,1,concrete,0.9,Describes natural interactions and lack of control.
223,1100.35,1104.42,4518818257012,4522889257012,Pero nosotros culturalmente estamos como...,-0.123,-0.2591,0.759,0.1467,9.898,0.1965,0.0,dwelling,45.9529533,8.9282675,0.0,0.0,2,contextual,0.9,4.07,262.2,42.9,177.3,0.719,0.00149,0.00042,0.0,0.4786,0.5093,0.4824,es,2,contextual,0.9,Starts a cultural generalization about human behavior.
224,1105.26,1109.95,4523731257012,4528417257012,nos sentimos en la necesidad de delimitar un jardín.,-0.1801,-0.203,0.946,0.2149,9.893,0.3075,0.0,scanning,45.9529572,8.9282665,0.0,0.0,2,contextual,0.9,4.69,268.1,57.8,235.9,0.83,0.00174,0.00064,0.0,0.5077,0.5247,0.4599,es,2,contextual,0.9,Completes a cultural generalization about human behavior.
225,1110.03,1112.46,4528501257012,4530927257012,"Como para decir, eso es el diseño humano, eso es el desorden.",-0.1757,-0.442,0.642,0.0767,9.911,0.3283,0.147,scanning,45.9529686,8.9282618,0.32,0.4,2,contextual,0.9,2.43,278.1,43.6,174.2,0.526,0.00159,0.00101,0.039,0.6248,0.6083,0.5497,es,2,contextual,0.9,Generalization about human design versus natural order.
226,1116.03,1121.19,4534495257012,4539656257012,Y esa cosa es un error gigante en la conservación del patrimonio biocultural.,-0.1262,-0.3476,0.774,0.249,9.944,0.3786,0.0,scanning,45.9529762,8.9282522,0.0,0.0,2,contextual,0.9,5.16,226.4,72.8,226.5,0.716,0.0012,0.00061,0.0,0.4636,0.4904,0.5031,es,2,contextual,0.9,"Broad critique of conservation, general concept."
227,1121.73,1127.64,4540198257012,4546108257012,"Es gigante y no es tanto por la elección de las flores, no es tanto eso, es el hecho de ponerle la barrera.",-0.0455,-0.2597,0.782,0.1937,9.921,0.3154,0.43,scanning,45.9529877,8.9282484,0.0,0.0,2,contextual,0.9,5.91,243.1,44.1,216.0,0.805,0.00166,0.00064,0.0,0.5879,0.5952,0.5759,es,2,contextual,0.9,Elaborates the error as the concept of barriers.
228,1129.49,1136.05,4547961257012,4554522257012,"O sea, tú puedes ayudar al bosque, tomas unas plantitas de flor, ponlas ahí, pero no necesitas poner la barrera.",-0.1081,-0.4049,0.839,0.2865,9.911,0.21,0.074,dwelling,45.9529991,8.9282522,0.077,0.123,2,contextual,0.9,6.56,259.3,47.4,200.4,0.782,0.00156,0.00092,0.015,0.6056,0.5831,0.5326,es,2,contextual,0.9,Illustrates the concept of barriers with hypothetical example.
229,1137.84,1139.91,4556308257012,4558377257012,La barrera es un problema nuestro.,-0.405,-0.1277,0.735,0.1946,9.965,0.3463,0.0,scanning,45.9529915,8.9282551,0.143,0.0,2,contextual,0.9,2.07,303.0,50.9,166.8,0.815,0.00172,0.00069,0.0,0.4734,0.5027,0.3837,es,2,contextual,0.9,Generalization about barriers being a human problem.
230,1140.03,1140.69,4558501257012,4559165257012,¿No es un problema del lugar?,0.1248,-0.1657,1.099,0.2321,10.001,0.4983,0.0,scanning,45.9529915,8.9282551,0.0,0.0,2,contextual,0.9,0.66,219.6,5.1,12.6,0.19,0.00072,0.00024,0.0,0.147,0.1948,0.2031,es,2,contextual,0.9,"Rhetorical question, reinforces concept of human-made problem."
231,1144.25,1146.82,4562720257012,4565287257012,"Ya, y ustedes van a ver mucho de esto en los jardines.",-0.2053,-0.2927,0.674,0.139,9.875,0.4914,0.614,walking,45.9529915,8.9282503,0.0,0.0,2,contextual,0.8,2.57,300.3,45.0,165.8,0.444,0.00266,0.00197,0.037,0.5268,0.4899,0.5771,es,2,contextual,0.8,"Frames future observations, links concept to gardens."
232,1146.86,1149.28,4565327257012,4567754257012,"O sea, cómo es el concepto de la barrera.",-0.3252,-0.1786,0.761,0.1886,10.024,0.9549,0.739,walking,45.9529915,8.9282293,0.0,0.0,3,aside,0.9,2.42,,,,0.0,0.00108,0.00034,0.0,0.3537,0.4015,0.3418,es,3,aside,0.9,"Metalinguistic, explicitly discusses the 'concept' itself."
233,1153.41,1156.63,4571883257012,4575100257012,¿Define un espacio controlado determinado?,-0.0235,-0.3609,0.659,0.2728,10.059,1.3452,1.124,walking,45.9529495,8.9283037,0.0,0.0,2,contextual,0.9,3.22,248.0,39.9,189.1,0.941,0.00142,0.00057,0.0,0.502,0.4877,0.5651,es,2,contextual,0.9,Defines the conceptual function of barriers (control).
234,1170.03,1174.83,4588501257012,4593298257012,"vienen del reconocimiento de la naturaleza, no vienen del olvido.",-0.0516,-0.0101,1.61,0.2416,9.991,0.4362,0.517,walking,45.9529228,8.9284248,0.0,0.542,2,contextual,0.8,4.8,223.3,31.8,124.5,0.616,0.00096,0.00041,0.0,0.4696,0.5188,0.3741,es,2,contextual,0.8,Generalization about origin of understanding nature.
235,1175.01,1179.88,4593479257012,4598351257012,"tipo de reconocimiento de las rocas, la orientación, que significa entender cómo se mueve el sol,",0.0535,-0.4072,0.82,0.1555,9.946,0.4481,0.518,walking,45.9529152,8.9284506,0.0,0.102,2,contextual,0.8,4.87,223.6,17.7,67.1,0.654,0.00103,0.00051,0.052,0.4255,0.4361,0.4765,es,2,contextual,0.8,Examples of *how* nature is recognized/understood.
236,1183.01,1183.11,4601478257012,4601579257012,Gracias.,0.0121,-0.2268,0.722,0.0,10.44,0.3975,0.67,walking,45.9529457,8.928483,0.0,0.0,3,aside,1.0,0.1,,,,0.0,0.00131,0.0002,0.0,,,,es,3,aside,1.0,"Social nicety, expression of gratitude."
237,1189.05,1192.78,4607519257012,4611253257012,y además la forma en que la misma naturaleza es representada.,0.0211,-0.2831,1.606,0.2972,9.97,0.5807,0.73,walking,45.9529572,8.9285402,0.0,0.0,2,contextual,0.8,3.73,265.7,43.5,140.6,0.504,0.00151,0.00055,0.0,0.6056,0.6073,0.6586,es,2,contextual,0.8,General statement about nature's representation.
238,1205.26,1205.54,4623732257012,4624012257012,Gracias.,0.1787,-0.1829,2.103,0.0241,10.602,0.4489,1.048,walking,45.9529686,8.928689,0.0,0.0,3,aside,1.0,0.28,,,,0.0,0.00158,0.0001,0.0,,,,es,3,aside,1.0,"Social nicety, expression of gratitude."
239,1214.07,1217.68,4632541257012,4636151257012,Y de eso surge el primer sistema topográfico que está en la mente de los habitantes.,0.1727,-0.0512,0.752,0.3566,10.09,1.0986,1.182,walking,45.9529762,8.9288073,0.0,0.167,2,contextual,0.8,3.61,127.4,28.1,135.0,0.982,0.00178,0.00055,0.0,0.4671,0.4306,0.5615,es,2,contextual,0.8,"Origin of conceptual topographic system, mental mapping."
240,1225.56,1229.32,4644033257012,4647793257012,"Ya, esto también es un sistema de captación.",-0.0697,-0.5065,0.578,0.2586,9.95,0.4821,0.074,scanning,45.9529648,8.9289055,0.0,0.0,1,concrete,1.0,3.76,237.6,33.8,111.8,0.22,0.00152,0.00037,0.0,0.6151,0.5784,0.6646,es,1,concrete,1.0,Names/explains a physical feature.
241,1229.34,1229.97,4647814257012,4648437257012,Obviamente que...,0.1687,-0.5732,0.445,0.1631,9.641,0.7291,0.223,scanning,45.9529686,8.9289017,0.0,0.0,3,aside,1.0,0.63,232.9,18.8,51.2,1.0,0.00203,0.0005,0.0,0.5348,0.5061,0.4612,es,3,aside,1.0,"Incomplete thought, filler."
242,1230.03,1230.19,4648501257012,4648662257012,Gracias.,-0.0103,-0.5102,0.445,0.0741,10.716,0.3775,0.223,scanning,45.9529686,8.928896,0.0,0.0,3,aside,1.0,0.16,200.3,9.2,25.1,1.0,0.00173,0.00046,0.0,,,,es,3,aside,1.0,Polite interjection.
243,1241.99,1242.23,4660465257012,4660705257012,Buongiorno,0.1714,-0.3757,0.554,0.006,11.219,0.6019,1.456,walking,45.9529152,8.9289598,0.0,0.0,3,aside,1.0,0.24,123.5,3.2,10.9,1.0,0.00871,0.00262,0.0,,,,es,3,aside,1.0,Greeting.
244,1251.01,1252.27,4669477257012,4670742257012,para que puedan pasar carros.,-0.1368,-0.2148,0.973,0.0946,9.762,0.5038,0.85,walking,45.9528198,8.9290199,0.0,0.0,2,contextual,0.9,1.26,203.6,18.5,68.1,0.925,0.00199,0.00047,0.0,0.6033,0.5689,0.6208,es,2,contextual,0.9,Discusses hypothetical design purpose.
245,1262.09,1264.46,4680563257012,4682927257012,Si eso hubiese sido pensado para carros en el siglo...,-0.1039,-0.2486,0.79,0.1388,10.063,0.4744,1.621,walking,45.9528427,8.9291868,0.0,0.0,2,contextual,0.9,2.37,283.2,42.9,153.8,0.813,0.00257,0.00079,0.0,0.5558,0.5255,0.6205,es,2,contextual,0.9,Continues hypothetical design purpose.
246,1272.95,1276.21,4691417257012,4694680257012,no lo hubieran dejado como bosque.,-0.1143,-0.3351,0.738,0.0869,10.015,0.4685,0.922,walking,45.952877,8.9293222,0.0,0.121,2,contextual,0.9,3.26,216.4,26.1,76.2,0.363,0.00097,0.00051,0.0,0.5291,0.5312,0.4396,es,2,contextual,0.9,Concludes on hypothetical design purpose.
247,1276.23,1277.39,4694700257012,4695861257012,El hecho de que una parte,-0.0265,-0.2411,0.723,0.0543,10.056,0.3255,0.924,walking,45.9529076,8.9293337,0.0,0.0,2,contextual,0.9,1.16,281.8,51.1,133.2,0.459,0.00113,0.00087,0.081,0.4101,0.402,0.4361,es,2,contextual,0.9,Introduces conceptual aspect of the place.
248,1281.58,1284.61,4700048257012,4703075257012,de la experiencia al lugar sagrado es el bosque,-0.1151,-0.2925,0.551,0.3225,9.972,0.8578,0.478,scanning,45.9529457,8.9293575,0.0,0.3,2,contextual,0.9,3.03,222.4,25.3,114.0,0.674,0.00212,0.00076,0.011,0.5235,0.5422,0.4626,es,2,contextual,0.9,Explains significance of the forest.
249,1286.81,1288.28,4705282257012,4706749257012,Es una idea que ha funcionado en la mente.,0.1483,-0.2542,0.634,0.0824,9.9,0.4036,0.721,walking,45.9529648,8.9293728,0.0,0.0,2,contextual,0.9,1.47,247.2,26.9,88.4,0.804,0.00215,0.00096,0.0,0.4597,0.453,0.4062,es,2,contextual,0.9,Discusses builders' conceptual idea.
250,1290.03,1293.63,4708501257012,4712105257012,de los constructores de esta montaña porque si no le costaba nada empedrarlo,0.1804,-0.1409,1.486,0.089,9.933,0.5256,0.788,walking,45.9529839,8.9294147,0.0,0.306,2,contextual,0.9,3.6,,,,0.0,0.00093,0.00032,0.0,0.3943,0.4436,0.5275,es,2,contextual,0.9,Explains builders' reasoning/intent.
251,1298.61,1299.81,4717077257012,4718280257012,"Además, las tres iglesias están alineadas.",-0.1011,-0.4657,0.587,0.1351,10.113,0.3744,0.886,walking,45.9529991,8.9294863,0.0,0.0,1,concrete,1.0,1.2,246.9,16.1,69.9,0.895,0.00248,0.00113,0.0,0.4653,0.455,0.4198,es,1,concrete,1.0,Describes physical arrangement of objects.
252,1305.54,1308.75,4724012257012,4727224257012,"Esta no es la más antigua, la más antigua es la que vamos a ver ahora.",-0.1618,-0.2657,0.766,0.287,9.934,0.5852,1.036,walking,45.953022,8.929534,0.0,0.0,1,concrete,1.0,3.21,226.1,24.1,112.7,0.911,0.00161,0.00055,0.0,0.5721,0.5348,0.4412,es,1,concrete,1.0,Describes object's age and future action.
253,1313.44,1319.89,4731907257012,4738357257012,"Ellos no sintieron la necesidad de empedrarlo, lo cual implica que el bosque...",0.011,-0.2655,0.923,0.2122,10.011,0.5661,0.847,walking,45.9530411,8.9296522,0.123,0.0,2,contextual,0.9,6.45,254.1,53.1,227.8,0.837,0.0018,0.00086,0.0,0.4767,0.5052,0.3723,es,2,contextual,0.9,Explains historical reasoning and implication.
254,1320.03,1320.71,4738501257012,4739183257012,que es uno de los protagonistas.,0.1151,-0.4454,0.712,0.1029,9.947,0.5039,0.297,scanning,45.9530525,8.9296665,0.0,0.0,2,contextual,0.9,0.68,301.8,45.5,123.6,1.0,0.0012,0.00032,0.0,0.4889,0.4359,0.4158,es,2,contextual,0.9,Interprets significance of the forest.
255,1325.77,1329.36,4744243257012,4747834257012,de la experiencia de un camino hacia lo sagrado.,0.0472,-0.2456,1.117,0.1034,9.961,0.5022,0.221,scanning,45.9530602,8.929678,0.0,0.0,2,contextual,0.9,3.59,222.3,61.3,249.4,0.894,0.00165,0.00049,0.0,0.4584,0.4723,0.4811,es,2,contextual,0.9,Introduces general topic/theme
256,1330.63,1336.01,4749105257012,4754482257012,"Eso a mí me parece muy actual, me parece una cosa que necesitamos escuchar.",-0.0491,-0.2959,1.052,0.2122,10.036,0.7508,0.449,scanning,45.9530487,8.9297132,0.0,0.019,3,aside,0.9,5.38,221.1,27.0,149.1,0.787,0.00164,0.0006,0.0,0.4428,0.4276,0.5342,es,3,aside,0.9,Speaker's personal opinion/reflection
257,1339.04,1340.42,4757508257012,4758891257012,"O sea, hace 500 años no era así.",-0.0154,-0.3048,0.606,0.0375,9.913,0.4501,0.446,scanning,45.9530525,8.929739,0.0,0.0,2,contextual,0.9,1.38,251.3,18.7,60.2,0.886,0.00215,0.00061,0.0,0.5238,0.4796,0.554,es,2,contextual,0.9,Provides historical context/framing
258,1341.42,1341.96,4759894257012,4760435257012,"O sea, era obvio.",-0.0502,-0.3232,0.617,0.0594,10.114,0.4645,1.05,walking,45.9530487,8.9297571,0.0,0.0,2,contextual,0.9,0.54,,,,0.0,0.00086,0.00028,0.0,0.4222,0.3778,0.4137,es,2,contextual,0.9,Elaboration on historical context
259,1342.03,1343.65,4760495257012,4762119257012,Pero ahora no lo es.,-0.0017,-0.2564,0.74,0.1333,9.737,0.3012,1.171,walking,45.9530449,8.9297857,0.0,0.0,2,contextual,0.9,1.62,253.2,66.9,186.9,0.745,0.00267,0.00218,0.216,0.5804,0.5634,0.6062,es,2,contextual,0.9,Continuation of contextual framing (then vs now)
260,1345.93,1349.97,4764404257012,4768437257012,"Porque si ustedes miran, la gente que hace un peregrinaje a Lourdes toma el tren",-0.0266,-0.3437,0.534,0.2472,9.924,0.6084,1.32,walking,45.9530411,8.9298782,0.0,0.0,2,contextual,0.9,4.04,243.7,22.8,130.5,0.992,0.00219,0.0009,0.0,0.6346,0.6102,0.4618,es,2,contextual,0.9,Illustrates contextual point with an example
261,1350.03,1351.12,4768501257012,4769586257012,"Toma el avión, toma el tren, toma el bus.",-0.2151,-0.1922,0.588,0.3163,10.026,1.2249,1.11,walking,45.9530373,8.9299116,0.0,0.0,2,contextual,0.9,1.09,236.3,23.1,69.5,0.914,0.00268,0.00103,0.0,0.6005,0.5827,0.5926,es,2,contextual,0.9,Continuation of contextual illustration
262,1353.61,1358.8,4772078257012,4777268257012,La piscina en ningún momento entra en contacto con ningún elemento de la naturaleza.,0.0234,-0.2473,0.653,0.247,9.95,0.7053,1.228,walking,45.9530678,8.9299583,0.0,0.058,2,contextual,0.9,5.19,278.5,41.6,181.7,0.712,0.00382,0.00244,0.135,0.6502,0.6012,0.6983,es,2,contextual,0.9,Specific detail supporting contextual illustration
263,1360.66,1365.72,4779132257012,4784190257012,"Y si ahí ha llegado la Virgen que me va a salvar, che, pero eso es un proceso, no es que tú...",-0.1621,-0.237,0.559,0.3125,9.94,0.7618,1.108,walking,45.9530563,8.9300222,0.0,0.22,1,concrete,0.85,5.06,263.7,37.4,184.8,0.78,0.00256,0.0015,0.057,0.6744,0.6436,0.6897,es,1,concrete,0.85,Defines core concept of sacred path
264,1368.31,1369.65,4786777257012,4788122257012,Pero Santiago sí que es más proceso.,-0.4725,-0.1692,0.496,0.0773,10.049,0.8527,1.111,walking,45.9530563,8.9301281,0.0,0.0,1,concrete,0.9,1.34,113.4,7.7,38.3,0.81,0.00659,0.00276,0.0,0.4307,0.5009,0.2992,es,1,concrete,0.9,Concrete example illustrating core concept
265,1369.77,1370.39,4788243257012,4788865257012,Exacto.,-0.4811,-0.1712,0.369,0.0474,9.781,0.2454,0.668,walking,45.9530602,8.9301348,0.0,0.0,3,aside,0.9,0.62,230.0,10.1,32.1,0.35,0.00293,0.0018,0.0,0.5014,0.5361,0.6809,es,3,aside,0.9,Simple affirmation/agreement
266,1370.41,1371.94,4788885257012,4790411257012,Y porque es un camino.,-0.4212,-0.1814,0.467,0.2134,10.009,0.6985,0.668,walking,45.9530602,8.9301395,0.0,0.133,1,concrete,0.9,1.53,245.0,21.7,57.9,0.292,0.0017,0.00087,0.0,0.4871,0.5007,0.4911,es,1,concrete,0.9,Explains fundamental nature of core concept
267,1373.78,1379.95,4792250257012,4798417257012,"Acabas de decir exactamente la solución a esto, la diferencia entre el turismo global",-0.1269,-0.3538,0.645,0.2469,9.941,0.5299,0.61,walking,45.9530754,8.9301882,0.0,0.0,2,contextual,0.85,6.17,248.4,38.5,168.2,0.87,0.00256,0.00135,0.036,0.599,0.5944,0.4944,es,2,contextual,0.85,Introduces key contextual distinction
268,1380.03,1380.47,4798501257012,4798942257012,de ciertos destinos.,-0.1021,-0.3772,0.618,0.1181,9.662,0.3419,0.664,walking,45.953083,8.9302073,0.0,0.0,2,contextual,0.9,0.44,214.6,15.4,68.1,0.929,0.00286,0.0019,0.0,0.5123,0.4981,0.5117,es,2,contextual,0.9,Continuation of contextual distinction
269,1383.91,1389.21,4802382257012,4807681257012,"y los verdaderos procesos de purificación y de llegada a lo sagrado,",-0.0832,-0.3076,0.74,0.2198,9.909,0.6353,0.589,walking,45.9531021,8.9302769,0.0,0.057,1,concrete,0.9,5.3,244.6,39.1,200.3,0.946,0.00219,0.00124,0.024,0.5191,0.5169,0.4917,es,1,concrete,0.9,Defines the true nature of sacred journey
270,1389.21,1390.15,4807681257012,4808623257012,La diferencia está en la palabra camino.,0.0821,-0.5496,0.625,0.0491,9.825,0.5409,1.118,walking,45.9531097,8.9303217,0.0,0.0,2,contextual,0.9,0.94,213.6,21.8,95.9,1.0,0.00202,0.00102,0.0,0.5568,0.5487,0.7108,es,2,contextual,0.9,Introduces the core concept/focus word.
271,1393.43,1396.16,4811903257012,4814629257012,es el camino que hace que tú te muevas,-0.1539,-0.2937,1.401,0.2193,10.039,0.5666,0.914,walking,45.9530907,8.930378,0.0,1.0,1,concrete,1.0,2.73,269.7,40.6,185.8,0.674,0.00187,0.00095,0.058,0.5415,0.4976,0.4083,es,1,concrete,1.0,Defines core function of 'camino'.
272,1398.1,1401.71,4816574257012,4820180257012,¿En relación con un diseño que ha sido realizado por seres humanos antes que tú?,-0.0905,-0.3332,0.506,0.2837,9.967,0.8417,0.591,walking,45.9530792,8.9304295,0.0,0.222,1,concrete,1.0,3.61,246.9,37.7,161.8,0.894,0.00232,0.00087,0.0,0.459,0.474,0.5395,es,1,concrete,1.0,Clarifies 'camino' design/origin.
273,1403.99,1408.6,4822463257012,4827074257012,y que ese mismo diseño viene de una topografía ancestral.,0.0314,-0.3234,0.968,0.3393,9.905,0.7919,0.612,walking,45.9530907,8.9304581,0.0,0.13,1,concrete,1.0,4.61,254.4,48.5,197.8,0.883,0.00228,0.00111,0.0,0.5559,0.5508,0.3968,es,1,concrete,1.0,Explains 'camino' origin.
274,1410.03,1413.36,4828501257012,4831826257012,"Tú haces eso, el solo hecho de caminar en una dirección, ¿cómo te arregla?",-0.045,-0.3123,1.095,0.3259,9.968,0.8779,0.724,walking,45.9531059,8.9304962,0.0,0.03,1,concrete,1.0,3.33,308.6,50.4,158.0,0.686,0.00262,0.00075,0.0,0.5818,0.5733,0.5927,es,1,concrete,1.0,Introduces the path's healing effect.
275,1417.52,1418.49,4835993257012,4836958257012,Literalmente te cura.,-0.2222,-0.2486,0.779,0.4427,9.892,0.8556,0.564,walking,45.9531364,8.9305458,0.0,1.0,1,concrete,1.0,0.97,287.5,55.8,182.1,1.0,0.00531,0.00254,0.065,0.5874,0.55,0.4229,es,1,concrete,1.0,States the path's healing effect.
276,1420.64,1426.47,4839115257012,4844942257012,"Literalmente, o sea, te has peleado con el novio, tu hija tiene un problema.",0.1051,-0.3835,0.654,0.0886,9.936,0.3492,0.85,walking,45.9531708,8.9305553,0.0,0.169,2,contextual,1.0,5.83,265.0,45.3,235.8,0.913,0.00281,0.00152,0.087,0.6563,0.6172,0.5749,es,2,contextual,1.0,Provides examples supporting healing claim.
277,1427.28,1432.75,4845747257012,4851216257012,"te van a botar del trabajo, que son las cosas que les sucede a todo el planeta.",0.0929,-0.2393,0.778,0.1528,9.919,0.5118,0.93,walking,45.9532051,8.930582,0.0,0.222,2,contextual,1.0,5.47,272.1,43.7,202.4,0.754,0.00306,0.00176,0.07,0.6439,0.6147,0.6169,es,2,contextual,1.0,Provides examples supporting healing claim.
278,1432.77,1434.99,4851236257012,4853459257012,"A todo el mundo nos ha sucedido una cosa así, por lo menos una.",-0.0147,-0.3824,0.547,0.1082,10.036,0.4779,1.698,walking,45.9532661,8.9305754,0.0,0.045,2,contextual,1.0,2.22,255.3,31.0,148.0,0.886,0.00263,0.00105,0.0,0.6581,0.6318,0.5069,es,2,contextual,1.0,Generalization reinforcing examples.
279,1437.84,1439.95,4856305257012,4858417257012,Y el hecho de estar en contacto,0.181,-0.0716,1.201,0.0451,9.969,0.4608,1.281,walking,45.9533234,8.9305744,0.0,0.0,1,concrete,1.0,2.11,256.6,37.1,160.7,0.894,0.0022,0.00094,0.0,0.5896,0.5678,0.4553,es,1,concrete,1.0,Explains mechanism of healing.
280,1440.03,1440.95,4858501257012,4859423257012,con la naturaleza bioquímicamente,0.1375,-0.1263,0.874,0.1057,9.958,0.7588,1.276,walking,45.9533386,8.9305668,0.0,0.0,1,concrete,1.0,0.92,232.5,26.2,80.9,0.862,0.00214,0.00161,0.138,0.3645,0.3392,0.4726,es,1,concrete,1.0,Explains mechanism of healing.
281,1446.56,1447.02,4865032257012,4865493257012,te vuelve a centrar.,-0.0662,-0.1565,0.784,0.0164,9.968,0.4192,0.737,walking,45.9533768,8.9306126,0.0,0.75,1,concrete,1.0,0.46,250.1,17.1,45.4,0.933,0.00339,0.00132,0.0,0.4444,0.4258,0.2453,es,1,concrete,1.0,Explains mechanism of healing.
282,1447.04,1449.31,4865513257012,4867777257012,"Y hay naciones, Finlandia, Suecia, que ya",-0.269,-0.1981,0.958,0.3269,9.868,0.768,0.737,walking,45.953373,8.9306202,0.0,0.783,2,contextual,1.0,2.27,282.9,51.5,184.3,0.521,0.0026,0.00155,0.056,0.6006,0.6045,0.6553,es,2,contextual,1.0,Provides real-world examples/context.
283,1452.65,1456.46,4871123257012,4874926257012,hacen terapias forestales.,-0.3041,-0.2616,0.707,0.3674,9.973,0.657,0.849,walking,45.9533997,8.9306583,0.0,0.579,2,contextual,1.0,3.81,246.4,30.3,156.7,0.55,0.00199,0.00101,0.0,0.6309,0.6092,0.6833,es,2,contextual,1.0,Provides real-world examples/context.
284,1456.56,1457.64,4875026257012,4876107257012,"O sea, es como una medicina.",0.27,-0.1557,2.302,0.0589,10.155,0.4418,0.897,walking,45.9534187,8.9306736,0.0,0.0,2,contextual,1.0,1.08,230.6,35.5,134.6,0.824,0.00252,0.00095,0.0,0.5713,0.5476,0.4072,es,2,contextual,1.0,"Generalization, analogy for the effect."
285,1458.46,1459.6,4876928257012,4878071257012,"Que casi da risa, pero no es.",0.1131,-0.1541,3.352,0.047,10.032,0.471,0.61,walking,45.9534302,8.9306831,0.0,0.0,3,aside,1.0,1.14,274.0,61.8,186.8,0.861,0.0022,0.00144,0.0,0.7674,0.7358,0.8771,es,3,aside,1.0,"emotional reaction/comment, not factual content."
286,1459.62,1461.97,4878091257012,4880438257012,Ahora aquí por ejemplo hay guayaquil.,0.0169,-0.1992,1.999,0.3023,10.016,1.0633,0.61,walking,45.9534378,8.9306974,0.0,0.292,1,concrete,1.0,2.35,222.7,43.1,214.5,0.892,0.00272,0.00154,0.054,0.6824,0.6538,0.6589,es,1,concrete,1.0,names a specific plant/feature.
287,1467.82,1468.72,4886293257012,4887195257012,Ya es bambú.,0.1229,-0.2564,0.983,0.0397,9.973,0.3666,0.614,walking,45.9534683,8.9307451,0.0,0.0,1,concrete,1.0,0.9,194.8,7.5,22.8,0.379,0.00094,0.00025,0.0,0.5768,0.5095,0.3977,es,1,concrete,1.0,identifies a specific plant.
288,1468.74,1469.31,4887215257012,4887776257012,Pobrecito.,0.2717,-0.1759,1.983,0.0876,10.067,0.4727,0.613,walking,45.9534683,8.9307508,0.0,0.0,3,aside,1.0,0.57,206.5,9.7,29.1,1.0,0.00276,0.00138,0.0,0.4886,0.4991,0.2858,es,3,aside,1.0,"emotional reaction, not factual."
289,1469.33,1469.95,4887796257012,4888417257012,No tiene nada que ver.,0.3273,-0.4197,0.618,0.0298,9.966,0.4205,0.613,walking,45.9534683,8.9307508,0.0,0.0,3,aside,1.0,0.62,258.4,39.9,141.8,1.0,0.00148,0.00076,0.0,0.6464,0.6273,0.7646,es,3,aside,1.0,comment on perceived irrelevance of an object.
290,1470.03,1470.75,4888501257012,4889223257012,Lo han puesto ahí de extranjero.,0.2893,-0.309,0.709,0.1277,9.83,1.1132,0.613,walking,45.9534721,8.9307566,0.0,0.0,2,contextual,0.9,0.72,250.1,63.2,147.5,0.783,0.00139,0.00064,0.0,0.7176,0.6708,0.6838,es,2,contextual,0.9,explains contextual origin/status of a plant.
291,1470.83,1472.78,4889304257012,4891250257012,"No sé, a quién se le ocurre, ¿no?",-0.1002,-0.238,1.017,0.0774,10.029,0.443,0.613,walking,45.9534721,8.9307737,0.0,0.15,3,aside,1.0,1.95,224.1,18.5,44.5,0.148,0.00141,0.00075,0.033,0.5609,0.5554,0.6853,es,3,aside,1.0,"rhetorical question, expressing opinion."
292,1476.61,1479.08,4895082257012,4897549257012,A ver si se ve acá el agrifollo que ha crecido mejor.,0.1527,-0.3682,1.04,0.1098,9.945,0.3396,0.919,walking,45.9534912,8.9308147,0.0,0.0,1,concrete,1.0,2.47,294.7,44.6,205.9,0.897,0.00151,0.00063,0.0,0.6394,0.6016,0.4863,es,1,concrete,1.0,"directs attention to specific plant, comments on growth."
293,1479.1,1479.78,4897569257012,4898251257012,"Aquí lo ven, miren.",0.2146,-0.3631,0.862,0.0642,9.76,0.264,1.295,walking,45.9534988,8.9308195,0.0,0.0,3,aside,1.0,0.68,352.1,43.0,98.3,0.591,0.00113,0.00019,0.0,0.6726,0.592,0.4861,es,3,aside,1.0,"procedural instruction, directs visual attention."
294,1484.63,1488.29,4903104257012,4906764257012,"El agresor abajo, miremos que acá tiene las espinas un",-0.1313,-0.3598,0.631,0.133,9.99,0.353,0.856,walking,45.9535484,8.9308462,0.081,0.0,1,concrete,1.0,3.66,272.2,41.4,195.9,0.861,0.00178,0.00048,0.0,0.6851,0.6441,0.5786,es,1,concrete,1.0,describes a physical feature of the plant.
295,1489.66,1496.05,4908127257012,4914516257012,si vamos arriba arriba arriba arriba arriba las espinas ya no van a ser tanto,-0.0504,-0.131,0.719,0.1219,10.004,0.2351,0.429,dwelling,45.9535332,8.9308634,0.206,0.556,1,concrete,1.0,6.39,253.8,71.8,278.6,0.755,0.00242,0.00227,0.37,0.5546,0.5723,0.5914,es,1,concrete,1.0,describes how plant's features change with height.
296,1497.87,1497.93,4916338257012,4916401257012,Ok.,-0.2007,-0.4896,0.453,0.0,9.849,0.1297,0.148,dwelling,45.953537,8.9308701,0.0,0.0,3,aside,1.0,0.06,,,,,,,,,,,es,3,aside,1.0,common filler word.
297,1500.03,1501.07,4918501257012,4919543257012,"Ahí se ve mejor, ahí se ve detrás, se ve un poco.",0.1512,-0.4601,0.508,0.0551,10.01,0.4361,0.448,scanning,45.9535332,8.9308701,0.0,0.0,3,aside,1.0,1.04,253.7,46.6,190.2,1.0,0.00142,0.00033,0.0,0.5158,0.5575,0.5562,es,3,aside,1.0,"procedural, comments on visual clarity/location."
298,1501.11,1503.66,4919583257012,4922126257012,¿Esto y esto son la misma planta?,-0.1136,-0.2255,0.612,0.1608,9.999,0.5004,0.448,scanning,45.9535179,8.9308662,0.0,0.0,1,concrete,1.0,2.55,225.1,29.1,139.6,0.625,0.001,0.00025,0.0,0.4929,0.5278,0.3668,es,1,concrete,1.0,asks about identity of specific plants.
299,1506.89,1510.29,4925365257012,4928759257012,"A ver, es que está un poco confundido con otras.",-0.0193,-0.4125,0.622,0.1572,9.97,0.1301,0.43,dwelling,45.9535255,8.9308605,0.0,0.382,1,concrete,1.0,3.4,227.3,32.5,117.0,0.766,0.00122,0.00044,0.009,0.5427,0.5332,0.5758,es,1,concrete,1.0,"describes current state of plants, affecting identification."
300,1510.31,1510.97,4928779257012,4929442257012,"O sea, esto es un...",-0.3597,-0.5865,0.696,0.015,9.932,0.1862,0.426,dwelling,45.9535332,8.9308634,0.0,0.0,1,concrete,0.9,0.66,249.3,42.8,178.3,1.0,0.00158,0.00051,0.0,0.3444,0.3491,0.5683,es,1,concrete,0.9,Leading to object identification.
301,1511.67,1511.91,4930145257012,4930385257012,Avellano.,-0.3297,-0.4349,0.495,0.0195,9.934,0.0221,0.0,dwelling,45.9535332,8.9308624,0.0,0.0,1,concrete,1.0,0.24,,,,0.0,0.00095,0.00011,0.0,,,,es,1,concrete,1.0,Names a specific plant.
302,1518.63,1523.56,4937097257012,4942030257012,eso es una... no lo puedo hacérselo ver busco otra planta que se vea un poco mejor,-0.0281,-0.2627,0.439,0.3511,9.952,0.454,0.295,scanning,45.9535217,8.930891,0.0,0.0,3,aside,1.0,4.93,270.1,52.7,220.8,0.703,0.0026,0.00185,0.148,0.523,0.5039,0.4388,es,3,aside,1.0,"Procedural, expert managing demonstration."
303,1525.48,1528.12,4943955257012,4946588257012,Esto es acebo.,0.2195,-0.1829,0.585,0.2152,10.001,0.6963,0.074,scanning,45.9535294,8.9308987,0.0,0.0,1,concrete,1.0,2.64,177.0,78.3,260.7,0.675,0.0036,0.00298,0.277,0.3648,0.4009,0.5244,es,1,concrete,1.0,Names a specific plant.
304,1530.11,1532.78,4948581257012,4951253257012,Las verdes pequeñas tienen menos espinas que estas.,-0.0591,-0.1599,0.594,0.3332,10.073,1.2222,0.073,scanning,45.9535255,8.9308949,0.0,0.667,1,concrete,1.0,2.67,285.5,46.0,164.7,0.988,0.00205,0.00098,0.06,0.5595,0.5304,0.4585,es,1,concrete,1.0,Describes a feature of the named plant.
305,1534.67,1535.87,4953142257012,4954343257012,"Piano, piano le perdo.",-0.5355,-0.2005,0.411,0.0758,10.027,0.9334,0.0,scanning,45.9535255,8.9308929,0.0,0.833,3,aside,0.9,1.2,312.6,101.2,258.8,0.789,0.00602,0.00524,0.105,0.6139,0.525,0.6774,es,3,aside,0.9,"Personal comment, self-reflection."
306,1535.89,1537.21,4954363257012,4955684257012,"Cuesta, cuesta, vete a bolas rojas.",-0.4304,-0.177,0.417,0.0465,9.909,0.2344,0.0,dwelling,45.9535255,8.9308929,0.0,0.923,3,aside,0.8,1.32,163.0,12.6,37.3,0.905,0.01012,0.00789,0.238,0.4967,0.4943,0.4565,es,3,aside,0.8,Expert's personal struggle or procedural direction.
307,1539.94,1541.9,4958407257012,4960368257012,Creo que en España la íbamos a hacer.,-0.1856,-0.2766,0.436,0.1735,10.009,0.6064,0.147,scanning,45.9535217,8.9308949,0.0,0.6,3,aside,1.0,1.96,287.7,43.0,120.2,0.452,0.00451,0.00577,0.581,0.5817,0.5277,0.4996,es,3,aside,1.0,Off-topic comment about past plans.
308,1549.78,1550.24,4968245257012,4968708257012,"Sí, sí, sí, sí, acebo.",0.3144,-0.4074,0.464,0.136,9.836,1.1568,0.916,walking,45.953537,8.9309301,0.0,0.0,1,concrete,1.0,0.46,170.9,17.2,45.1,0.533,0.01351,0.01344,0.4,0.4911,0.5256,0.4467,es,1,concrete,1.0,Re-confirms object identification.
309,1555.28,1559.97,4973746257012,4978437257012,Miren qué sucede cuando el ser humano se apodera del espacio.,-0.1484,-0.176,0.923,0.2511,10.072,0.6876,1.186,walking,45.9535637,8.9310045,0.0,0.277,2,contextual,0.9,4.69,268.6,58.6,202.7,0.592,0.0014,0.00047,0.0,0.6534,0.6228,0.6521,es,2,contextual,0.9,"Generalization, framing human impact on space."
310,1561.92,1562.17,4980391257012,4980640257012,una...,0.0194,-0.2836,0.622,0.0291,10.786,0.4658,1.276,walking,45.9536133,8.9310207,0.0,0.333,3,aside,1.0,0.25,122.0,9.5,32.6,1.0,0.00884,0.00366,0.0,,,,es,3,aside,1.0,"Incomplete thought, filler."
311,1568.42,1570.81,4986888257012,4989278257012,Hay muchas formas para respetar la diferencia de propiedades.,-0.152,-0.2353,0.797,0.2057,9.98,0.5449,0.739,walking,45.9536591,8.9310455,0.0,0.0,2,contextual,0.9,2.39,313.6,36.7,139.2,0.52,0.00134,0.00025,0.0,0.473,0.4748,0.5046,es,2,contextual,0.9,Generalization about property respect.
312,1575.3,1577.13,4993773257012,4995598257012,Y no necesariamente la reja.,-0.1156,-0.2786,0.766,0.3322,10.047,0.579,0.926,walking,45.9536972,8.9310923,0.0,0.0,2,contextual,0.9,1.83,249.0,51.3,224.8,0.983,0.00154,0.00036,0.0,0.5922,0.6005,0.471,es,2,contextual,0.9,Elaboration on property management methods.
313,1579.27,1579.45,4997738257012,4997919257012,La valla.,0.2972,-0.3229,0.595,0.0,9.004,1.0127,0.997,walking,45.9537201,8.9311123,0.0,0.0,3,aside,0.8,0.18,191.1,2.7,7.8,1.0,0.00089,0.00013,0.0,,,,es,3,aside,0.8,Clarifies terminology as a synonym.
314,1588.02,1588.76,5006488257012,5007231257012,"Fence, sí, fence.",-0.1522,-0.2027,0.621,0.2524,10.141,1.1208,0.432,scanning,45.9537277,8.9311275,0.0,0.0,3,aside,1.0,0.74,132.7,49.8,178.3,0.792,0.00456,0.00401,0.208,0.2961,0.3334,0.4411,es,3,aside,1.0,"Metalinguistic remark, providing translation."
315,1588.8,1588.9,5007272257012,5007372257012,Reja.,-0.4344,-0.1781,0.774,0.0,9.963,0.7837,0.562,walking,45.9537201,8.9311295,0.0,0.0,1,concrete,1.0,0.1,,,,0.0,0.00035,0.00014,0.0,,,,es,1,concrete,1.0,Naming a specific object.
316,1588.92,1589.16,5007392257012,5007633257012,Treta.,0.3272,-0.3026,0.522,0.1396,10.347,3.2563,0.562,walking,45.9537201,8.9311295,0.0,0.0,3,aside,1.0,0.24,176.6,2.0,6.1,1.0,0.00102,0.00024,0.0,,,,es,3,aside,1.0,"Exclamation, side comment."
317,1590.03,1593.88,5008501257012,5012345257012,"Questa è per entrambi i lati, no?",-0.1775,-0.265,0.842,0.2313,9.994,0.7201,0.667,walking,45.9537315,8.9311495,0.0,0.0,1,concrete,1.0,3.85,295.0,53.6,187.7,0.554,0.00179,0.0007,0.017,0.5506,0.5414,0.4921,it,1,concrete,1.0,Question about object's characteristic/function.
318,1593.95,1596.14,5012425257012,5014608257012,Questo non è obbligatorio nella vita.,-0.3408,-0.2672,0.765,0.2834,10.018,0.8313,0.852,walking,45.9537544,8.9311752,0.0,0.0,2,contextual,1.0,2.19,228.2,68.3,213.0,0.739,0.00156,0.00056,0.0,0.6614,0.6037,0.6568,it,2,contextual,1.0,General philosophical statement.
319,1596.16,1596.5,5014628257012,5014968257012,Vediamo se qui...,-0.4444,-0.2917,0.787,0.2825,10.318,1.548,0.852,walking,45.9537582,8.9311819,0.0,0.0,3,aside,1.0,0.34,237.6,49.9,127.6,0.909,0.00121,0.00029,0.0,,,,it,3,aside,1.0,"Procedural talk, indicating action."
320,1597.02,1597.5,5015487257012,5015967257012,questo è... devo cercare,-0.0381,-0.347,0.818,0.0616,10.173,0.2948,0.852,walking,45.9537659,8.9311819,0.0,0.0,3,aside,1.0,0.48,257.4,9.0,25.2,0.5,0.0032,0.00179,0.0,0.2202,0.2739,0.3955,it,3,aside,1.0,"Self-correction, procedural talk."
321,1608.8,1609.14,5027266257012,5027607257012,"No, qua io credo.",-0.073,-0.5926,0.27,0.0106,9.768,0.1187,0.074,dwelling,45.9537964,8.9312067,1.0,0.333,3,aside,1.0,0.34,99.8,6.0,18.9,1.0,0.00714,0.00214,0.0,,,,it,3,aside,1.0,"Self-correction, expressing belief/location."
322,1616.61,1618.24,5035079257012,5036713257012,"Come in italiano cuesta, agro?",-0.0834,-0.2756,0.433,0.1185,9.856,0.6093,0.073,scanning,45.9538002,8.9312124,0.188,0.0,3,aside,1.0,1.63,171.3,25.6,95.0,0.961,0.01363,0.00557,0.02,0.4456,0.4871,0.4308,it,3,aside,1.0,"Metalinguistic comment, asking for term."
323,1620.03,1620.37,5038501257012,5038842257012,¿Ves aquí abajo?,-0.0909,-0.5699,0.244,0.0282,9.624,0.391,0.073,scanning,45.9538002,8.9312143,1.0,1.0,3,aside,1.0,0.34,116.6,9.2,23.0,1.0,0.00373,0.0008,0.0,,,,es,3,aside,1.0,"Procedural, guiding listener's attention."
324,1620.39,1621.29,5038862257012,5039763257012,No es una jovenza de la hoja.,-0.0967,-0.6461,0.251,0.0304,9.819,0.0504,0.073,dwelling,45.9538002,8.9312153,1.0,1.0,1,concrete,1.0,0.9,278.1,62.7,169.7,0.517,0.00218,0.00102,0.0,0.5434,0.4988,0.4858,es,1,concrete,1.0,Explaining characteristic of a feature.
325,1626.24,1627.22,5044711257012,5045694257012,Es una decisión de la planta.,-0.0652,-0.5486,0.182,0.0107,9.796,0.0284,0.0,dwelling,45.9538002,8.9312153,1.0,1.0,1,concrete,1.0,0.98,213.4,22.1,117.2,0.903,0.00111,0.00037,0.0,0.3864,0.4347,0.3582,es,1,concrete,1.0,Explains the mechanism/reason of a feature.
326,1629.65,1629.85,5048120257012,5048320257012,"Sí, acebo.",0.025,-0.2361,0.208,0.0654,10.416,3.5417,0.0,scanning,45.9538002,8.9312153,0.5,1.0,1,concrete,1.0,0.2,127.8,3.6,9.7,0.714,0.00527,0.0033,0.0,,,,es,1,concrete,1.0,Naming a specific plant.
327,1629.87,1631.13,5048340257012,5049603257012,"Aquí arriba, mira, aquí es ultra claro.",0.1364,-0.2302,0.418,0.2354,9.944,0.6343,0.0,scanning,45.9538002,8.9312153,0.0,0.0,3,aside,0.9,1.26,104.2,15.9,68.8,0.9,0.00362,0.00168,0.0,0.299,0.3701,0.4889,es,3,aside,0.9,"Guiding attention, emphatic observation."
328,1631.15,1631.65,5049623257012,5050125257012,Mira.,-0.244,-0.1435,0.419,0.1116,10.245,1.0829,0.221,scanning,45.953804,8.9312181,0.0,0.0,3,aside,1.0,0.5,342.6,5.4,13.8,0.25,0.00167,0.00052,0.0,0.4808,0.4908,0.393,es,3,aside,1.0,"Procedural, guiding listener's attention."
329,1637.67,1637.89,5056138257012,5056360257012,¿Ves?,-0.1884,-0.2337,0.529,0.005,9.993,0.1259,0.221,dwelling,45.9537926,8.9311991,0.0,0.0,3,aside,1.0,0.22,,,,0.0,0.00056,9e-05,0.0,,,,es,3,aside,1.0,"Procedural, checking listener's observation."
330,1639.89,1642.8,5058363257012,5061272257012,Tiene una y si crece más las va a perder completamente.,-0.2444,-0.2172,0.796,0.0755,10.027,0.4507,0.074,scanning,45.9537926,8.9312,0.0,0.0,1,concrete,1.0,2.91,304.8,30.7,107.7,0.516,0.00152,0.00048,0.0,0.4074,0.4147,0.4141,es,1,concrete,1.0,Direct observation of a physical feature.
331,1643.4,1644.39,5061874257012,5062857257012,Míralas de ahí arriba.,0.033,-0.1843,0.514,0.054,10.086,0.3747,0.074,scanning,45.9537926,8.9312019,0.0,0.0,1,concrete,1.0,0.99,256.2,42.2,149.5,0.871,0.00183,0.00057,0.0,0.6385,0.5711,0.4307,es,1,concrete,1.0,Directs attention to a concrete feature.
332,1644.41,1647.48,5062877257012,5065947257012,"Ya no tienen una sola, ¿lo ves?",-0.0507,-0.2847,0.607,0.0489,10.01,0.1013,0.074,dwelling,45.9537888,8.9312029,0.032,0.0,1,concrete,1.0,3.07,283.4,43.5,146.1,0.49,0.00113,0.00033,0.0,0.4841,0.49,0.6015,es,1,concrete,1.0,Direct observation of a physical feature.
333,1647.54,1648.12,5066007257012,5066589257012,Fantástico.,-0.0859,-0.4028,0.378,0.0641,10.178,0.4025,0.074,scanning,45.9537888,8.931201,0.0,0.0,3,aside,1.0,0.58,242.7,40.9,112.4,1.0,0.00142,0.00036,0.0,0.4358,0.4415,0.6203,es,3,aside,1.0,"Expressive interjection, not content."
334,1656.12,1657.45,5074593257012,5075917257012,una bula rosa è la stessa pianta lei è la stessa,-0.2351,-0.3578,0.456,0.0655,9.972,0.2977,0.429,scanning,45.953804,8.93118,0.0,0.231,1,concrete,1.0,1.33,125.6,12.3,42.5,0.833,0.00548,0.00355,0.167,0.1362,0.2095,0.3629,it,1,concrete,1.0,Identifies and describes a specific plant.
335,1664.73,1669.42,5083199257012,5087893257012,Perché lei ha combattuto per resistere fino a qua contro ogni forma di predatore.,-0.1405,-0.3909,0.543,0.1369,9.971,0.4652,0.0,scanning,45.9538002,8.9311724,0.0,0.0,2,contextual,1.0,4.69,273.4,60.4,223.2,0.701,0.00178,0.00094,0.0,0.6235,0.5827,0.7366,it,2,contextual,1.0,Explains the plant's history and struggle.
336,1672.61,1678.65,5091083257012,5097121257012,e poi è arrivato un punto in cui è ok non è più pericoloso,-0.0638,-0.2447,0.766,0.1478,9.971,0.3797,0.0,scanning,45.9538002,8.9311724,0.0,0.117,2,contextual,1.0,6.04,185.9,63.8,248.1,0.741,0.00394,0.00458,0.55,0.4399,0.4421,0.3625,it,2,contextual,1.0,Continues contextual explanation of plant's state.
337,1680.31,1685.19,5098782257012,5103658257012,basta spingere è interessantissimo questo film,0.1407,-0.2846,0.715,0.261,10.005,0.977,0.56,walking,45.9538269,8.93116,0.0,0.0,3,aside,1.0,4.88,276.1,68.8,181.8,0.19,0.0008,0.00045,0.039,0.3819,0.3868,0.389,it,3,aside,1.0,Off-topic comment about a film.
338,1686.53,1689.36,5105001257012,5107832257012,"E molte piante ragionano qui, ma noi non le vediamo.",-0.0308,-0.274,0.49,0.1428,10.02,0.4568,0.45,scanning,45.9538345,8.9311686,0.0,0.0,2,contextual,1.0,2.83,225.6,44.9,174.5,0.775,0.0018,0.00036,0.0,0.4212,0.4691,0.5918,it,2,contextual,1.0,Generalization about plant behavior and perception.
339,1692.1,1692.24,5110570257012,5110711257012,Grazie.,0.1713,-0.3298,0.613,0.0,9.852,0.1541,0.367,dwelling,45.9538422,8.9311848,0.0,0.0,3,aside,1.0,0.14,69.0,0.6,1.6,1.0,0.00076,0.00011,0.0,,,,it,3,aside,1.0,"Common courtesy, not content."
340,1696.75,1697.82,5115224257012,5116290257012,Molte piante prendono questo genere di decisioni.,-0.0495,-0.4109,0.21,0.0303,10.081,0.4814,0.222,scanning,45.9538422,8.9311981,0.0,0.0,2,contextual,1.0,1.07,292.3,42.4,144.4,0.912,0.00171,0.00034,0.0,0.4926,0.4834,0.3793,it,2,contextual,1.0,Generalization about plant behavior.
341,1705.55,1706.05,5124016257012,5124518257012,Com'è la mia stessa vita?,-0.288,-0.4202,0.334,0.1095,9.833,0.5017,0.43,scanning,45.953846,8.9312143,0.0,0.0,3,aside,1.0,0.5,126.3,5.8,23.5,0.938,0.0097,0.00448,0.062,0.3452,0.3739,0.4708,it,3,aside,1.0,"Personal, off-topic, rhetorical question."
342,1710.03,1710.21,5128501257012,5128681257012,Chímiche.,-0.4644,-0.1726,0.475,0.0185,9.953,0.5145,0.881,walking,45.953846,8.9312658,0.0,0.0,1,concrete,0.9,0.18,,,,0.0,0.00125,0.00067,0.0,,,,es,1,concrete,0.9,Identifies a characteristic or substance.
343,1710.23,1711.01,5128701257012,5129482257012,"No existe en España, no existe.",0.3854,-0.3398,0.41,0.1517,10.045,1.1219,0.881,walking,45.953846,8.9312658,0.0,0.0,1,concrete,1.0,0.78,120.5,24.0,71.3,0.72,0.00642,0.00645,0.32,0.3396,0.4188,0.4617,es,1,concrete,1.0,States geographical presence/absence of subject.
344,1711.03,1713.65,5129502257012,5132124257012,En España yo no lo he visto.,-0.043,-0.2137,0.819,0.2672,10.217,1.3398,0.954,walking,45.9538536,8.9312849,0.0,0.0,1,concrete,0.9,2.62,168.0,38.9,115.0,0.732,0.00745,0.00722,0.427,0.261,0.3261,0.4204,es,1,concrete,0.9,Reaffirms subject's absence in Spain.
345,1722.81,1725.95,5141275257012,5144421257012,¿En serio?,-0.0736,-0.326,0.711,0.3436,9.961,1.5176,0.589,walking,45.9539032,8.931304,0.0,0.0,3,aside,0.9,3.14,144.8,20.9,76.5,0.535,0.00731,0.0053,0.303,0.3335,0.3866,0.4777,es,3,aside,0.9,"Conversational interjection, expressing surprise."
346,1725.97,1727.55,5144441257012,5146024257012,¿Le llaman sticky... sticky bugs?,0.5096,-0.3271,0.291,0.1273,10.01,1.1321,0.589,walking,45.9539032,8.9313231,0.0,0.0,1,concrete,0.95,1.58,139.5,16.0,57.0,0.84,0.00789,0.00317,0.0,0.4741,0.5304,0.4713,es,1,concrete,0.95,Asking for the name of the object.
347,1727.93,1728.76,5146405257012,5147226257012,"Creo, sí, Sticky Bugs.",0.1717,-0.3125,0.848,0.3326,10.035,1.0942,0.669,walking,45.9538994,8.9313297,0.0,0.0,1,concrete,0.95,0.83,165.6,52.3,143.3,0.654,0.00467,0.00446,0.269,0.3891,0.4358,0.5204,es,1,concrete,0.95,Confirming the name of the object.
348,1728.78,1734.08,5147246257012,5152552257012,"Pero en España yo creo que no, yo nunca los he visto, los he conocido en Zúrich.",-0.1304,-0.2553,0.699,0.2816,10.062,0.9072,0.914,walking,45.9539032,8.9313641,0.0,0.0,2,contextual,0.9,5.3,147.9,38.3,186.7,0.723,0.00701,0.00631,0.386,0.3841,0.4222,0.4353,es,2,contextual,0.9,Providing personal historical/geographical context of the object.
349,1739.48,1739.91,5157948257012,5158376257012,"Ah, claro.",-0.383,-0.2336,0.524,0.0545,9.855,1.5671,0.996,walking,45.953949,8.9314346,0.0,0.0,3,aside,0.9,0.43,152.1,21.7,53.7,0.929,0.00772,0.00375,0.071,0.2284,0.256,0.227,es,3,aside,0.9,"Conversational filler, acknowledgment."
350,1740.03,1740.73,5158501257012,5159203257012,¿sabes que no puedes matarlas?,-0.2268,-0.216,0.818,0.2418,10.417,1.1975,1.07,walking,45.9539528,8.9314423,0.0,0.0,1,concrete,0.95,0.7,121.2,5.3,13.4,0.5,0.00379,0.00261,0.045,0.2467,0.2869,0.3682,es,1,concrete,0.95,Explaining a characteristic of the object.
351,1752.16,1756.17,5170634257012,5174639257012,"Por eso le llaman sticky bugs, creo que en inglés, porque es muy... Huelen, huelen, sí.",0.1326,-0.3146,0.432,0.3861,10.087,0.9368,0.85,walking,45.9540291,8.9315119,0.05,0.4,1,concrete,0.9,4.01,136.3,12.2,76.1,0.905,0.0135,0.00717,0.127,0.4507,0.4877,0.6375,es,1,concrete,0.9,Explaining name origin via object's physical feature.
352,1759.67,1760.41,5178143257012,5178876257012,"Nos vemos, pato.",0.2115,-0.145,0.741,0.1988,10.151,1.2314,1.073,walking,45.9540596,8.9315796,0.0,0.0,3,aside,0.95,0.74,120.9,15.3,67.9,0.833,0.00855,0.00597,0.125,0.4431,0.4905,0.4475,es,3,aside,0.95,"Off-topic interaction, saying goodbye."
353,1764.79,1765.39,5183257257012,5183859257012,"huele, oler.",-0.2369,-0.1852,0.534,0.102,9.823,0.918,1.035,walking,45.9541054,8.9316263,0.167,0.0,3,aside,0.95,0.6,130.5,11.9,48.3,0.895,0.012,0.0042,0.0,0.2331,0.2183,0.4224,es,3,aside,0.95,"Metalinguistic remark, discussing a word."
354,1765.51,1768.4,5183980257012,5186871257012,"Oler es a tu smell, oler.",0.3091,-0.3435,0.46,0.2831,10.023,0.9605,0.959,walking,45.9541245,8.9316387,0.621,0.138,3,aside,0.95,2.89,173.9,62.8,260.3,0.879,0.0083,0.00681,0.341,0.4309,0.4655,0.5762,es,3,aside,0.95,"Metalinguistic remark, translating a word."
355,1770.03,1772.82,5188501257012,5191292257012,but the verb when you conjugate it is .,-0.1473,-0.204,0.656,0.3824,10.041,0.8936,1.375,walking,45.9541626,8.9316616,0.036,0.357,3,aside,0.95,2.79,134.8,30.6,127.4,0.966,0.01016,0.00538,0.091,0.3747,0.4153,0.5671,en,3,aside,0.95,"Metalinguistic remark, discussing grammar/conjugation."
356,1778.19,1779.94,5196664257012,5198406257012,"All ribs, like almost all of them.",-0.0003,-0.2939,0.685,0.4092,9.996,0.9831,0.927,walking,45.9542236,8.9317141,0.529,0.0,1,concrete,0.85,1.75,65.8,3.1,12.3,0.273,0.00251,0.00139,0.0,0.3682,0.3909,0.4487,en,1,concrete,0.85,Concrete observation about a physical feature ('ribs').
357,1782.76,1786.46,5201232257012,5204934257012,Italian and Portuguese for me it's like a mix,0.0894,-0.3047,0.652,0.3443,9.984,1.2157,0.925,walking,45.9542656,8.931735,0.081,0.0,3,aside,0.95,3.7,268.6,47.6,169.0,0.828,0.00148,0.00067,0.026,0.604,0.5621,0.8464,en,3,aside,0.95,"Off-topic chatter, personal opinion on languages."
358,1786.68,1790.19,5205154257012,5208661257012,So every time there's like either a word that's similar to Italian or Portuguese.,0.1146,-0.1662,0.534,0.3006,10.04,1.4411,0.726,walking,45.9542809,8.9317579,0.314,0.0,3,aside,0.95,3.51,271.7,41.8,179.4,0.927,0.00182,0.00038,0.0,0.4389,0.3931,0.439,en,3,aside,0.95,"Off-topic chatter, discussing language similarities."
359,1790.23,1794.16,5208701257012,5212629257012,But sometimes there are words that I've never heard before.,0.2163,-0.2172,1.049,0.3692,10.063,1.3597,0.86,walking,45.9542999,8.9317913,0.425,0.05,3,aside,0.95,3.93,276.5,37.8,154.2,0.593,0.00239,0.00112,0.008,0.4938,0.4402,0.5602,en,3,aside,0.95,"Off-topic chatter, discussing new words."
360,1795.45,1796.01,5213921257012,5214484257012,"Yeah, always.",0.0132,-0.1335,0.584,0.1822,9.921,0.7831,1.028,walking,45.9543266,8.9318056,0.0,0.0,3,aside,1.0,0.56,139.4,32.0,111.8,1.0,0.01274,0.00657,0.0,0.3047,0.319,0.3699,en,3,aside,1.0,Conversational filler or agreement.
361,1796.28,1797.12,5214745257012,5215590257012,There's always.,-0.3323,-0.2649,0.785,0.0637,10.003,0.9692,1.028,walking,45.9543304,8.9318142,0.0,0.375,3,aside,1.0,0.84,107.2,5.9,16.5,0.556,0.00784,0.00499,0.0,0.2947,0.4141,0.4148,en,3,aside,1.0,Conversational filler or agreement.
362,1800.05,1800.33,5218521257012,5218803257012,oloroso,0.0148,-0.1291,1.693,0.2725,10.906,3.2509,0.669,walking,45.9543495,8.9318409,0.333,0.0,3,aside,0.9,0.28,,,,0.0,0.00144,0.00032,0.0,,,,en,3,aside,0.9,Part of metalinguistic discussion about words.
363,1805.06,1807.05,5223530257012,5225524257012,Oloroso would be the adjective.,0.2143,-0.2785,0.45,0.3693,9.958,0.7827,0.889,walking,45.9543839,8.9318838,0.053,0.0,3,aside,1.0,1.99,142.8,42.6,174.6,0.952,0.00864,0.00503,0.19,0.392,0.466,0.5168,en,3,aside,1.0,Metalinguistic discussion: explaining a word's grammatical form.
364,1807.1,1807.58,5225565257012,5226048257012,Like smelly.,0.604,-0.3453,0.262,0.0216,9.755,0.3326,0.883,walking,45.9543839,8.9318953,0.4,0.0,3,aside,1.0,0.48,240.1,13.9,52.7,0.938,0.00174,0.0009,0.0,0.3498,0.285,0.4148,en,3,aside,1.0,Metalinguistic discussion: explaining a word's meaning.
365,1811.68,1812.94,5230149257012,5231412257012,Puzzling.,0.2257,-0.2113,0.732,0.3599,10.048,1.3496,0.925,walking,45.9544144,8.9319229,0.0,0.0,3,aside,0.9,1.26,353.7,5.0,14.2,0.175,0.002,0.00027,0.0,0.5247,0.4254,0.4481,en,3,aside,0.9,"Searching for a word, self-correction, or filler."
366,1822.29,1822.87,5240759257012,5241340257012,feather uh,-0.3269,-0.2587,0.845,0.0715,9.781,1.5753,0.668,walking,45.9544716,8.9320078,0.0,0.0,3,aside,0.9,0.58,113.8,3.5,9.8,0.579,0.00454,0.00218,0.0,0.0245,0.1152,0.2864,en,3,aside,0.9,"Searching for a word, self-correction, or filler."
367,1832.57,1833.01,5251038257012,5251479257012,Okay.,0.6502,-0.2416,0.59,0.0603,9.93,1.6227,0.516,walking,45.9545059,8.9320726,0.0,0.0,3,aside,1.0,0.44,266.1,18.2,59.9,0.929,0.00154,0.00028,0.0,0.7965,0.6616,0.56,en,3,aside,1.0,Filler or conversational turn-taking.
368,1833.13,1833.33,5251599257012,5251799257012,No.,0.5075,-0.2367,0.298,0.0094,9.677,0.4636,0.516,walking,45.9545059,8.9320726,0.0,0.0,3,aside,1.0,0.2,,,,0.0,0.00099,0.0003,0.0,,,,en,3,aside,1.0,Self-correction or simple agreement/disagreement.
369,1840.36,1841.66,5258828257012,5260130257012,Olor is neutral.,0.2219,-0.2582,0.833,0.255,10.047,0.6132,0.98,walking,45.9545288,8.9321032,0.154,0.154,3,aside,1.0,1.3,153.6,34.9,118.1,0.756,0.01084,0.00813,0.195,0.3745,0.4175,0.4146,en,3,aside,1.0,Metalinguistic discussion: explaining word connotation.
370,1841.76,1847.19,5260230257012,5265659257012,"Oloroso is something which smells a lot, but is neutral as well.",-0.2244,-0.2213,0.773,0.1822,9.982,0.787,0.958,walking,45.9545441,8.9321308,0.37,0.259,3,aside,1.0,5.43,147.5,30.3,133.5,0.765,0.01075,0.00866,0.288,0.3401,0.4308,0.3119,en,3,aside,1.0,Metalinguistic discussion: explaining word connotation.
371,1847.51,1849.04,5265980257012,5267514257012,The positive would be fragante.,0.3988,-0.2135,0.7,0.2069,10.0,0.5727,0.958,walking,45.9545708,8.9321594,0.0,0.067,3,aside,1.0,1.53,165.1,28.4,81.8,0.958,0.0168,0.00712,0.083,0.5466,0.5571,0.6345,en,3,aside,1.0,Metalinguistic discussion: providing a related word.
372,1851.39,1852.11,5269857257012,5270579257012,Fragrant it would be.,-0.5895,-0.3082,0.476,0.0903,10.017,0.5576,1.173,walking,45.9545975,8.9322004,0.0,0.0,3,aside,1.0,0.72,95.3,6.9,18.9,0.391,0.00224,0.00161,0.0,0.3586,0.406,0.4494,en,3,aside,1.0,Metalinguistic discussion: translating or confirming meaning.
373,1852.15,1855.74,5270619257012,5274206257012,"The negative, apestoso, apestar, apestar.",0.0307,-0.2382,0.787,0.3887,9.977,1.1323,1.171,walking,45.9546127,8.9322214,0.0,0.0,3,aside,1.0,3.59,148.2,35.9,142.7,0.823,0.01186,0.00818,0.177,0.4249,0.4647,0.5853,en,3,aside,1.0,Metalinguistic discussion: providing a related word.
374,1867.78,1869.2,5286247257012,5287671257012,"Non so, per me non è... No, sì, ma è la mia lingua materna.",-0.0324,-0.2551,0.931,0.2255,10.031,1.1693,1.051,walking,45.9546814,8.9324045,0.0,0.357,3,aside,1.0,1.42,138.1,8.1,35.8,0.978,0.01458,0.00431,0.0,0.3239,0.4031,0.4052,it,3,aside,1.0,Personal comment and self-correction about language.
375,1882.58,1882.72,5301046257012,5301186257012,Grazie.,-0.123,-0.3913,0.593,0.0,9.368,0.269,1.226,walking,45.9547424,8.9325628,0.0,0.0,3,aside,1.0,0.14,241.0,12.9,32.9,1.0,0.00196,0.00026,0.0,,,,it,3,aside,1.0,"Social nicety, off-topic chatter."
376,1890.49,1893.62,5308962257012,5312087257012,non so di cosa stiamo parlando,-0.032,-0.298,0.663,0.3856,10.018,1.2655,0.918,walking,45.9547844,8.9326944,0.0,0.065,3,aside,1.0,3.13,220.0,35.9,136.3,0.724,0.00268,0.00121,0.0,0.5646,0.5243,0.5247,it,3,aside,1.0,Metalinguistic remark about the conversation.
377,1896.77,1897.5,5315243257012,5315966257012,Grazie.,-0.0366,-0.3234,1.368,0.1362,9.973,0.7692,0.852,walking,45.9548073,8.9327412,0.0,0.0,3,aside,1.0,0.73,,,,0.0,0.00234,0.00035,0.0,0.5249,0.4866,0.5387,it,3,aside,1.0,"Social nicety, off-topic chatter."
378,1902.6,1903.26,5321065257012,5321728257012,E che cosa contiene tutto?,0.4631,-0.2978,0.405,0.1615,10.028,2.385,0.726,walking,45.9548225,8.9328041,0.0,0.0,3,aside,0.9,0.66,124.6,13.1,50.2,1.0,0.00681,0.00327,0.0,0.4505,0.4226,0.4384,it,3,aside,0.9,Procedural question seeking information.
379,1903.28,1903.64,5321748257012,5322110257012,"Ah, il patrimonio.",0.3557,-0.2631,0.304,0.0325,9.62,0.4899,0.726,walking,45.9548225,8.9328041,0.0,0.0,2,contextual,0.9,0.36,133.1,5.0,18.7,1.0,0.00772,0.003,0.0,,,,it,2,contextual,0.9,Frames a general concept/topic (heritage).
380,1906.72,1907.4,5325190257012,5325872257012,insegnare ai ragazzi e ai bambini.,-0.5207,-0.2676,0.996,0.0574,10.143,0.455,0.846,walking,45.954834,8.9328403,0.0,0.0,2,contextual,0.9,0.68,,,,0.0,0.00185,0.00057,0.0,0.3656,0.4128,0.6168,it,2,contextual,0.9,Ancillary elaboration about purpose.
381,1913.35,1917.92,5331822257012,5336392257012,"Quello lì è il tarassaco, questo qui è una pianta medicinale pazzesca.",-0.1017,-0.2807,1.471,0.2854,10.043,0.6183,1.182,walking,45.9548607,8.9329357,0.0,0.0,1,concrete,1.0,4.57,206.4,19.4,88.8,0.42,0.00115,0.00049,0.0,0.3065,0.352,0.5059,it,1,concrete,1.0,Names and describes specific plant (dandelion).
382,1920.03,1921.28,5338501257012,5339745257012,Pregunta.,-0.0405,-0.2691,0.75,0.3815,10.135,1.1879,0.45,scanning,45.9548798,8.9329624,0.0,0.0,3,aside,1.0,1.25,195.5,16.9,71.9,0.95,0.00072,0.00017,0.0,0.492,0.4777,0.6433,it,3,aside,1.0,Procedural interjection ('Question').
383,1924.38,1926.23,5342855257012,5344697257012,Dobbiamo fare qui o tornare sinistra?,-0.1074,-0.2708,0.535,0.0683,10.029,0.3746,0.443,scanning,45.9548912,8.9329519,0.0,0.722,3,aside,1.0,1.85,171.4,46.7,156.9,0.983,0.01345,0.00664,0.086,0.5151,0.5063,0.5755,it,3,aside,1.0,Procedural question about navigation for walk.
384,1930.58,1931.08,5349048257012,5349551257012,"ah lo stesso, ok ok ok ok",-0.4965,-0.2779,0.569,0.0636,10.077,0.7143,0.449,scanning,45.954895,8.9329443,0.0,0.6,3,aside,1.0,0.5,164.5,21.7,60.4,1.0,0.01421,0.00788,0.0,0.4791,0.5082,0.369,it,3,aside,1.0,Procedural response and filler.
385,1945.87,1946.05,5364340257012,5364521257012,Grazie.,-0.1762,-0.3648,0.201,0.0,9.795,0.3367,0.517,walking,45.9549294,8.9329929,0.0,1.0,3,aside,1.0,0.18,225.4,16.1,38.3,1.0,0.00066,0.0001,0.0,,,,it,3,aside,1.0,"Social nicety, off-topic chatter."
386,1950.51,1955.95,5368983257012,5374424257012,"Diciamo che è mediamente rilassante, è un disinfiammante fantastico nelle foglie.",-0.0041,-0.4947,0.577,0.224,9.968,0.8088,0.479,scanning,45.954937,8.9330063,0.0,0.204,1,concrete,1.0,5.44,245.3,37.2,180.7,0.719,0.00122,0.00034,0.0,0.5878,0.5504,0.6091,it,1,concrete,1.0,Explains plant's properties and how it works.
387,1958.11,1959.62,5376584257012,5378087257012,"Questa parte è ultra disinfiammante, se hai una pieloni fritte per esempio.",0.1855,-0.5612,0.709,0.0204,9.893,0.6373,0.074,scanning,45.9549522,8.9330177,0.0,0.4,1,concrete,1.0,1.51,225.6,64.5,240.9,0.729,0.00297,0.00287,0.312,0.2785,0.3019,0.4394,it,1,concrete,1.0,Explains plant's properties and specific use.
388,1966.03,1966.59,5384503257012,5385064257012,Qual è il nome?,-0.2159,-0.2932,1.053,0.0337,9.702,0.4364,0.562,walking,45.9549637,8.9330406,0.0,0.0,3,aside,1.0,0.56,132.4,3.9,11.5,0.944,0.01458,0.00363,0.0,0.3891,0.4294,0.2727,it,3,aside,1.0,Procedural question seeking object's name.
389,1966.71,1967.52,5385185257012,5385987257012,Come si chiama?,-0.2806,-0.2219,0.562,0.0149,9.854,0.2295,0.562,walking,45.9549637,8.9330444,0.0,0.0,3,aside,1.0,0.81,163.3,44.3,141.7,0.923,0.00534,0.00297,0.0,0.4547,0.4823,0.5392,it,3,aside,1.0,Procedural question seeking object's name.
390,1967.56,1968.1,5386027257012,5386569257012,Tarassaco.,-0.3245,-0.2041,0.566,0.022,9.989,0.3224,0.667,walking,45.9549675,8.9330511,0.0,0.0,1,concrete,0.9,0.54,216.8,15.1,58.8,1.0,0.00533,0.00194,0.0,0.5706,0.4974,0.4175,it,1,concrete,0.9,Naming a specific plant.
391,1968.12,1968.52,5386589257012,5386990257012,Tarassaco.,-0.4111,-0.3717,0.433,0.0699,9.705,0.7626,0.667,walking,45.9549675,8.9330511,0.0,0.25,1,concrete,0.9,0.4,,,,0.0,0.00236,0.00059,0.0,0.4814,0.5198,0.56,it,1,concrete,0.9,Naming a specific plant.
392,1972.77,1972.97,5391235257012,5391436257012,Infusione?,-0.4225,-0.1251,0.44,0.0024,9.039,0.2909,0.61,walking,45.9549904,8.9330797,0.0,1.0,1,concrete,0.9,0.2,137.9,1.4,4.0,1.0,0.01421,0.00162,0.0,,,,it,1,concrete,0.9,Query about plant's use.
393,1981.56,1984.36,5400029257012,5402833257012,anche il fiore è calmante e disinfiammante,0.0915,-0.1262,0.845,0.2006,9.965,0.4078,1.124,walking,45.9550438,8.9331303,0.0,0.0,1,concrete,0.9,2.8,,,,0.0,0.00115,0.0003,0.0,0.4675,0.4444,0.4313,it,1,concrete,0.9,Explains plant's properties.
394,1992.87,1993.54,5411343257012,5412007257012,"Facciamo qua, dove lo facciamo?",-0.3126,-0.4408,0.441,0.1029,9.872,0.7175,0.847,walking,45.9550934,8.9332266,0.0,1.0,3,aside,0.9,0.67,186.7,14.9,60.3,0.905,0.00064,0.00015,0.0,0.4049,0.4031,0.523,it,3,aside,0.9,Procedural question about location.
395,1995.69,1996.35,5414161257012,5414822257012,Una domanda mi sembra meglio qua.,-0.2456,-0.6959,0.314,0.0052,9.697,0.3569,0.926,walking,45.9551125,8.9332418,0.0,1.0,3,aside,0.9,0.66,131.8,14.1,44.9,1.0,0.00207,0.00059,0.0,0.4901,0.4572,0.386,it,3,aside,0.9,Procedural comment about location.
396,1996.37,1996.99,5414842257012,5415462257012,Forse lì al parcheggio.,-0.2973,-0.5447,0.26,0.0264,9.861,0.2695,0.926,walking,45.9551125,8.9332418,0.0,1.0,3,aside,0.9,0.62,152.4,9.9,28.5,0.95,0.00203,0.00043,0.0,0.4625,0.4543,0.5156,it,3,aside,0.9,Suggests an alternative location.
397,1997.05,1997.99,5415522257012,5416463257012,Forse al parcheggio.,-0.1648,-0.6965,0.239,0.0225,9.799,0.4942,0.926,walking,45.9551163,8.9332476,0.0,1.0,3,aside,0.9,0.94,165.9,5.0,17.0,0.767,0.00177,0.00042,0.0,0.3433,0.3644,0.4659,it,3,aside,0.9,Suggests an alternative location.
398,2004.63,2006.2,5423105257012,5424669257012,stiamo andando a quella chiesa adesso giriamo,-0.2103,-0.2462,0.832,0.2391,10.33,1.1713,0.897,walking,45.9551735,8.9332867,0.0,0.0,3,aside,0.9,1.57,264.6,47.1,184.8,0.6,0.00133,0.00048,0.0,0.5467,0.5483,0.3613,it,3,aside,0.9,Describes the tour's current movement.
399,2010.99,2013.42,5429464257012,5431893257012,Se volete vi faccio arrampicare il libro.,-0.2486,-0.2112,0.718,0.3712,10.026,1.3098,0.995,walking,45.955246,8.9333172,0.0,0.0,3,aside,0.8,2.43,214.0,28.1,106.1,0.921,0.00139,0.00046,0.0,0.496,0.5025,0.4301,it,3,aside,0.8,"Offer, potentially a joke."
400,2027.95,2028.05,5446422257012,5446522257012,mh mh,0.0875,-0.2174,0.835,0.0,10.151,0.3249,0.96,walking,45.9553261,8.9334898,0.0,0.0,3,aside,0.9,0.1,186.3,0.9,2.1,1.0,0.00086,0.00011,0.0,,,,it,3,aside,0.9,Filler sound.
401,2040.05,2042.91,5458521257012,5461378257012,Andiamo a vedere San Giorgio Sant'Andrea.,-0.099,-0.2733,1.418,0.3055,10.089,1.0556,1.027,walking,45.9554062,8.9335861,0.0,0.138,1,concrete,0.9,2.86,204.1,7.1,17.6,0.1,0.00154,0.0003,0.0,0.4504,0.4762,0.5586,it,1,concrete,0.9,Names a specific destination.
402,2044.05,2046.38,5462517257012,5464845257012,Vedete dove sorge questa... Qui c'è un'emergenza...,-0.027,-0.2646,0.879,0.3778,10.069,1.6113,1.172,walking,45.9554367,8.9336252,0.0,0.0,1,concrete,0.9,2.33,302.3,57.4,142.5,0.137,0.00323,0.00076,0.0,0.6182,0.5812,0.6039,it,1,concrete,0.9,Points out a physical feature.
403,2054.66,2057.84,5473132257011,5476315257011,questa composizione molto molto simile a quello che abbiamo visto,0.0221,-0.306,0.875,0.2436,9.978,0.5419,0.925,walking,45.9555168,8.9336643,0.0,0.0,1,concrete,0.9,3.18,73.5,3.2,10.3,0.11,0.00212,0.00038,0.0,0.4342,0.4463,0.2778,it,1,concrete,0.9,Describes feature and comparison.
404,2063.38,2064.58,5481845257012,5483046257012,Alla Madonna dell'Ombro.,0.1216,-0.2113,0.902,0.1995,10.103,0.7302,1.281,walking,45.9555779,8.9337206,0.0,0.167,1,concrete,0.9,1.2,67.5,5.0,22.3,0.947,0.00326,0.00064,0.0,0.5423,0.482,0.3515,it,1,concrete,0.9,Names a specific reference point.
405,2064.68,2066.04,5483147257012,5484508257012,Lì è la chiesa?,0.3324,-0.1774,0.608,0.0697,9.943,0.4275,1.281,walking,45.9555893,8.9337254,0.0,0.077,1,concrete,0.9,1.36,65.0,0.1,0.4,1.0,0.0022,0.00031,0.0,0.5155,0.4617,0.3964,it,1,concrete,0.9,Identifies a specific physical feature.
406,2070.61,2070.67,5489075257012,5489136257012,Ok.,0.0252,-0.4376,1.065,0.0,13.293,0.3235,1.269,walking,45.9556389,8.9337349,0.0,0.0,3,aside,1.0,0.06,,,,,,,,,,,es,3,aside,1.0,"Filler word, acknowledgment."
407,2071.99,2072.45,5490456257011,5490918257011,En el medio.,-0.7345,-0.2139,0.719,0.0509,9.474,1.3345,1.078,walking,45.955658,8.9337387,0.0,0.0,1,concrete,0.9,0.46,70.4,3.7,15.0,0.667,0.00247,0.00031,0.0,0.6373,0.6602,0.6136,es,1,concrete,0.9,Locates a specific physical feature.
408,2072.65,2073.19,5491118257012,5491659257011,"Sí, sí.",-0.6687,-0.2135,0.46,0.0111,9.94,0.3425,1.078,walking,45.9556656,8.9337454,0.0,0.0,3,aside,1.0,0.54,70.1,5.1,18.8,1.0,0.00292,0.00042,0.0,0.5966,0.5059,0.443,es,3,aside,1.0,"Affirmation, filler."
409,2079.8,2081.17,5498275257011,5499642257012,"Ah, querías evitar la piscina.",-0.4082,-0.3057,0.466,0.3534,10.184,0.9868,0.931,walking,45.9557152,8.9337912,0.0,0.0,3,aside,0.8,1.37,151.5,20.4,64.4,0.953,0.01672,0.00906,0.186,0.6567,0.6432,0.4465,es,3,aside,0.8,Personal comment on preference/past action.
410,2081.59,2082.68,5500065257011,5501150257011,Es que es horrenda.,-0.5055,-0.2607,0.517,0.0691,10.202,0.5825,0.858,walking,45.9557343,8.9337969,0.0,0.0,3,aside,0.9,1.09,280.0,59.9,151.5,0.543,0.00228,0.00118,0.0,0.4958,0.4628,0.4055,es,3,aside,0.9,Subjective opinion about a feature.
411,2084.13,2085.31,5502598257012,5503780257012,"No sé, o sea, vale la pena ver una cosa así.",-0.0435,-0.1955,0.826,0.1657,10.079,1.0346,0.852,walking,45.9557457,8.9338026,0.0,0.833,3,aside,0.8,1.18,281.3,38.6,165.5,0.784,0.00331,0.00196,0.054,0.5651,0.532,0.3641,es,3,aside,0.8,"Reflective opinion, not core content."
412,2085.33,2087.65,5503800257012,5506124257012,"Bueno, como contraste a lo mejor, para valorizar.",-0.199,-0.2877,0.737,0.373,10.046,0.8498,0.518,walking,45.9557571,8.9338064,0.304,0.478,2,contextual,0.8,2.32,219.2,74.4,197.3,0.822,0.00226,0.00069,0.0,0.5939,0.5938,0.4392,es,2,contextual,0.8,Suggests interpretive framing for observation.
413,2092.0,2094.34,5510472257012,5512813257011,La carretera en sí misma es un complejo.,-0.1951,-0.3171,0.668,0.3573,9.999,0.8346,0.853,walking,45.9558105,8.9338198,0.0,0.304,1,concrete,0.9,2.34,217.6,84.7,234.5,0.865,0.00807,0.00811,0.5,0.5774,0.5524,0.4092,es,1,concrete,0.9,Names and describes a major physical feature.
414,2100.03,2100.75,5518501257012,5519224257012,...el impacto de la globalización...,-0.2247,-0.3742,1.411,0.1545,9.955,1.2842,0.862,walking,45.9558716,8.9338064,0.0,0.0,2,contextual,0.9,0.72,,,,0.0,0.00103,0.00028,0.0,0.4911,0.5063,0.4122,es,2,contextual,0.9,Introduces a broad generalization or theme.
415,2105.35,2108.66,5523820257012,5527132257011,"interviniendo para los carros, para los buses, donde sea necesario.",0.0073,-0.3029,1.439,0.248,10.136,0.4447,0.878,walking,45.9559288,8.9337902,0.0,0.0,1,concrete,0.8,3.31,237.3,33.3,187.2,0.625,0.00189,0.00064,0.0,0.5226,0.485,0.4958,es,1,concrete,0.8,Explains the physical feature's function.
416,2111.57,2115.51,5530043257011,5533983257012,"Y todo el resto, si tú solo observas el área...",0.0628,-0.3228,0.987,0.3273,10.088,0.6107,1.287,walking,45.9559975,8.9338017,0.0,0.0,3,aside,0.9,3.94,296.6,51.4,220.3,0.556,0.00152,0.00068,0.0,0.5093,0.5109,0.4405,es,3,aside,0.9,Procedural comment about observation method.
417,2116.74,2118.26,5535207257012,5536732257012,"Si tú solo la miras, puedes evitar de fragmentarla.",0.051,-0.282,0.912,0.0667,9.888,0.3265,0.993,walking,45.9560318,8.9338007,0.0,0.0,3,aside,0.9,1.52,295.9,47.6,190.1,0.75,0.00203,0.0005,0.0,0.5617,0.5421,0.5277,es,3,aside,0.9,Methodological advice on observation.
418,2123.01,2129.97,5541485257011,5548437257012,"Ahora, uno de los problemas principales son esos restaurantes, la posada, los hoteles,",0.1275,-0.2709,0.879,0.2117,10.05,0.6316,1.295,walking,45.9561005,8.9338026,0.0,0.029,1,concrete,0.9,6.96,257.0,42.1,182.3,0.606,0.00224,0.00077,0.0,0.5639,0.5619,0.4951,es,1,concrete,0.9,Identifies features and their problematic nature.
419,2130.03,2135.6,5548501257012,5554070257012,"El grotto, por ejemplo, viene de la cueva que tiene una historia multimilenaria.",0.0704,-0.2732,0.868,0.351,10.021,0.7428,1.278,walking,45.9561806,8.9338198,0.0,0.107,2,contextual,0.7,5.57,248.8,50.6,202.3,0.503,0.00256,0.00079,0.0,0.6315,0.6032,0.556,es,2,contextual,0.7,Provides historical context for a feature.
420,2135.6,2140.28,5554070257012,5558751257012,"Y bueno, el uso del grotto de hoy es secularizado, pero por lo menos le hacemos algo, cuidamos ahí.",0.1283,-0.286,0.7,0.3146,10.001,0.5423,0.857,walking,45.9562111,8.9338274,0.0,0.191,1,concrete,0.9,4.68,67.5,3.4,12.7,0.517,0.00465,0.00187,0.027,0.6096,0.5841,0.5307,es,1,concrete,0.9,Describes current use/function of grotto
421,2140.8,2141.34,5559273257012,5559814257012,"el vino, los quesos.",0.1182,-0.2074,0.56,0.0657,9.925,0.3301,0.663,walking,45.956234,8.9338093,0.0,0.0,1,concrete,0.9,0.54,97.3,7.0,19.4,1.0,0.00339,0.00088,0.0,0.4623,0.4595,0.5282,es,1,concrete,0.9,Specifies concrete activities mentioned previously
422,2141.36,2146.17,5559834257012,5564644257012,Pero la idea del jardín que yo les he mostrado,-0.1508,-0.2513,0.718,0.2445,10.118,0.5838,0.734,walking,45.9562378,8.9337854,0.0,0.0,2,contextual,0.85,4.81,93.6,50.7,164.0,0.636,0.00286,0.00076,0.0,0.5174,0.513,0.5432,es,2,contextual,0.85,Introduces conceptual 'idea of the garden'
423,2146.86,2149.6,5565325257012,5568070257012,"allá en el bosquecito, esa reja donde como hay una separación con el mundo natural.",0.0929,-0.1888,0.766,0.2422,10.062,0.6566,0.892,walking,45.9562302,8.9337463,0.0,0.071,2,contextual,0.8,2.74,230.8,18.1,54.6,0.465,0.00301,0.00143,0.0,0.5478,0.5646,0.5204,es,2,contextual,0.8,Elaborates on conceptual separation within garden idea
424,2153.75,2159.93,5572218257012,5578397257012,esa cosa se explota cuando llegan esos restaurantes los restaurantes empiezan a,-0.0803,-0.1734,0.895,0.2675,10.159,0.5865,0.452,scanning,45.9561806,8.9337072,0.0,0.0,2,contextual,0.85,6.18,73.2,16.0,68.8,0.706,0.00379,0.00128,0.0,0.6497,0.6092,0.6354,es,2,contextual,0.85,Discusses exploitation of the garden concept
425,2160.03,2161.4,5578501257012,5579866257012,plantas al azar y todas esas son amazónicas,-0.1035,-0.0421,0.745,0.1108,9.998,0.4285,0.436,scanning,45.9561691,8.9337082,0.0,0.071,1,concrete,0.95,1.37,71.9,3.5,12.7,0.837,0.00299,0.00094,0.0,0.5189,0.4348,0.4202,es,1,concrete,0.95,Identifies plants and their origin
426,2165.99,2168.79,5584458257011,5587261257012,La palma es africana y la palma es invasiva.,-0.0384,-0.0711,0.849,0.1454,10.006,0.3646,0.61,walking,45.956131,8.9336882,0.0,0.0,1,concrete,0.95,2.8,67.2,2.2,8.4,0.386,0.00241,0.00103,0.0,0.6664,0.6425,0.7351,es,1,concrete,0.95,"Identifies plant, origin, and characteristic"
427,2168.81,2169.53,5587281257012,5588001257012,Es un problema gigante.,-0.0342,-0.085,0.996,0.0887,9.911,0.4534,0.61,walking,45.9561157,8.9336729,0.0,0.0,2,contextual,0.9,0.72,314.8,46.6,106.8,0.522,0.00365,0.00147,0.0,0.6354,0.5616,0.6184,es,2,contextual,0.9,Generalization about the plant's invasive nature
428,2172.43,2176.33,5590904257012,5594803257012,Cada palma con semillas vivas.,-0.2581,-0.0159,1.024,0.1539,10.217,0.4939,0.515,walking,45.956089,8.9336596,0.0,0.0,1,concrete,0.95,3.9,314.1,40.7,169.0,0.648,0.00223,0.00129,0.008,0.5525,0.5671,0.589,es,1,concrete,0.95,Specific detail about plant's propagation mechanism
429,2176.99,2178.76,5595460257011,5597226257011,"Debería, produce una papeleta, una multa de 10.000 francos.",-0.2843,-0.2877,1.034,0.1485,10.154,0.3726,0.48,scanning,45.9560699,8.9336481,0.0,0.235,1,concrete,0.95,1.77,288.2,43.6,152.6,1.0,0.00221,0.00079,0.0,0.4699,0.4373,0.3567,es,1,concrete,0.95,States concrete rule/consequence related to plant
430,2182.09,2183.81,5600557257012,5602281257012,Por decir lo invasivo que es.,-0.4431,-0.3979,0.529,0.0357,9.969,0.0973,0.477,dwelling,45.9560661,8.93365,0.0,0.118,3,aside,0.9,1.72,294.7,27.6,72.9,0.37,0.00291,0.00232,0.074,0.6128,0.5586,0.5243,es,3,aside,0.9,Speaker's metacommentary on previous statement
431,2184.27,2189.95,5602743257012,5608417257012,"Eso, en cambio, es el lilio de San Juan, que es una planta de acá.",-0.0344,-0.2974,1.043,0.103,9.986,0.1661,0.221,dwelling,45.9560661,8.9336624,0.0,0.0,1,concrete,0.95,5.68,283.6,39.2,170.9,0.747,0.00132,0.00039,0.0,0.5884,0.5827,0.6742,es,1,concrete,0.95,Identifies specific plant and its origin
432,2192.06,2197.92,5610534257011,5616389257011,"que es muy importante y muy hermosa y también muy simbólica, pero los ponen para la belleza.",0.0344,-0.4647,0.396,0.1811,9.923,0.2134,0.22,dwelling,45.9560585,8.93365,0.172,0.034,1,concrete,0.85,5.86,260.3,49.4,220.6,0.842,0.00282,0.00118,0.005,0.5854,0.5824,0.6359,es,1,concrete,0.85,Describes plant's attributes and purpose of placement
433,2198.18,2201.15,5616649257012,5619617257012,no lo ponen para el significado.,-0.136,-0.3011,0.524,0.2565,9.894,0.2423,0.149,dwelling,45.9560585,8.9336424,0.0,0.069,1,concrete,0.85,2.97,246.2,54.3,214.9,0.602,0.0025,0.0014,0.0,0.4772,0.5216,0.5248,es,1,concrete,0.85,Clarifies the plant's purpose/reason for placement
434,2201.59,2204.41,5620058257012,5622884257012,Eso es también un punto importante.,0.0817,-0.4073,0.399,0.0849,9.892,0.2268,0.074,dwelling,45.9560585,8.9336348,0.0,0.286,3,aside,0.9,2.82,251.3,49.6,212.0,0.854,0.00219,0.00131,0.0,0.5295,0.5396,0.5437,es,3,aside,0.9,Speaker's general evaluation of topic importance
435,2204.43,2205.56,5622904257012,5624027257012,Todas esas plantas vienen con una historia.,0.1988,-0.3249,0.486,0.0168,9.952,0.187,0.0,dwelling,45.9560585,8.9336338,0.0,1.0,2,contextual,0.9,1.13,242.2,53.3,154.3,0.944,0.003,0.00094,0.0,0.5043,0.5176,0.7028,es,2,contextual,0.9,"General statement, framing the topic of plants."
436,2205.98,2206.15,5624448257012,5624619257012,Gracias.,-0.0335,-0.2607,0.474,0.0,9.967,0.1391,0.0,dwelling,45.9560585,8.9336329,0.0,0.0,3,aside,0.95,0.17,,,,0.0,0.00105,0.00012,0.0,,,,es,3,aside,0.95,"Polite interjection, not substantive content."
437,2206.86,2210.38,5625325257012,5628848257012,"Si nosotros volvemos a conectar el diseño de los jardines y de las plantas con los monumentos,",0.1267,-0.3803,0.511,0.1066,9.846,0.3727,0.0,scanning,45.9560585,8.9336329,0.0,0.056,2,contextual,0.9,3.52,266.2,47.2,176.5,0.739,0.00221,0.00103,0.0,0.4705,0.4922,0.5093,es,2,contextual,0.9,Hypothetical framing about connecting designs and monuments.
438,2214.06,2218.83,5632531257012,5637296257012,vamos a enriquecer de una manera fantástica el patrimonio.,0.056,-0.379,0.385,0.1402,9.884,0.2614,0.45,scanning,45.9560547,8.9336386,0.0,0.0,2,contextual,0.9,4.77,282.7,43.6,171.1,0.747,0.00241,0.00129,0.007,0.5972,0.5937,0.6515,es,2,contextual,0.9,"Consequence of hypothetical, still framing a concept."
439,2218.85,2219.97,5637316257012,5638437257012,"En cambio, ¿qué hacemos?",0.109,-0.4619,0.45,0.0028,9.922,0.0278,0.516,walking,45.9560547,8.9336252,0.0,0.25,3,aside,0.9,1.12,310.5,25.4,118.6,0.972,0.00315,0.00183,0.0,0.4807,0.4932,0.4301,es,3,aside,0.9,"Rhetorical question, procedural, introduces contrast."
440,2220.03,2223.38,5638501257012,5641849257012,"como la palma, o sea, una planta invasiva que destruye el sotobosque, que es ilegal",-0.0303,-0.4474,0.545,0.1746,9.913,0.0247,0.368,dwelling,45.9560547,8.9336138,0.0,0.529,1,concrete,0.95,3.35,289.8,27.6,112.1,0.686,0.00346,0.00139,0.0,0.5512,0.5617,0.4503,es,1,concrete,0.95,"Describes specific plant, its properties and impact."
441,2228.03,2228.11,5646500257012,5646584257012,Gracias.,-0.158,-0.4231,0.611,0.0,9.915,0.0137,0.221,dwelling,45.9560547,8.9336205,0.0,0.0,3,aside,0.95,0.08,,,,,,,,,,,es,3,aside,0.95,"Polite interjection, not substantive content."
442,2228.76,2229.44,5647225257012,5647907257012,¿Y por qué la ponemos?,0.1238,-0.482,0.628,0.0156,9.912,0.0654,0.222,dwelling,45.9560585,8.9336243,0.0,0.0,3,aside,0.9,0.68,222.1,14.8,46.3,1.0,0.00204,0.00061,0.0,0.4003,0.3933,0.5217,es,3,aside,0.9,"Rhetorical question, procedural, asks for reason."
443,2229.46,2236.01,5647927257012,5654482257012,"Porque en los años 20, 30 del siglo XX nació la idea de la Riviera.",0.1102,-0.4079,0.615,0.0335,9.913,0.1182,0.074,dwelling,45.9560623,8.9336233,0.0,0.0,2,contextual,0.95,6.55,257.6,41.7,153.1,0.668,0.00199,0.00071,0.0,0.4227,0.4471,0.5781,es,2,contextual,0.95,Provides historical context for the situation.
444,2236.75,2238.12,5655224257012,5656586257012,Porque el Ticino se volvió la sala de la soledad.,-0.3884,-0.1904,0.764,0.1928,9.911,0.5452,0.0,scanning,45.9560661,8.9336243,0.0,0.143,2,contextual,0.9,1.37,70.7,6.2,18.3,0.465,0.00169,0.00053,0.0,0.3914,0.4421,0.3007,es,2,contextual,0.9,Further historical and contextual explanation.
445,2242.3,2248.91,5660772257012,5667376257012,se volvió el lugar donde tú ibas al mar en un país donde no había el mar.,-0.032,-0.3838,0.818,0.2356,9.931,0.2047,0.0,dwelling,45.9560661,8.9336243,0.0,0.424,2,contextual,0.9,6.61,199.7,75.8,277.4,0.768,0.00278,0.00135,0.034,0.4794,0.4713,0.5453,es,2,contextual,0.9,"Elaborates on historical context, the 'Riviera' idea."
446,2248.93,2249.97,5667396257012,5668437257012,"Total, pusieron palmas por todos lados.",0.0264,-0.2635,2.706,0.1509,9.945,0.5588,0.0,scanning,45.9560661,8.9336243,0.0,0.364,2,contextual,0.85,1.04,72.2,2.8,10.6,0.576,0.00234,0.00044,0.0,0.4516,0.4601,0.5255,es,2,contextual,0.85,Resulting action derived from historical context.
447,2250.03,2250.47,5668501257012,5668942257012,Porque además crecían.,-0.0902,-0.2508,2.119,0.2251,9.897,0.5881,0.0,scanning,45.9560661,8.9336243,0.0,0.2,2,contextual,0.9,0.44,276.8,16.3,47.0,0.643,0.00311,0.00079,0.0,0.5425,0.4851,0.4459,es,2,contextual,0.9,Additional contextual reason for the action.
448,2250.49,2252.94,5668962257012,5671408257012,Porque así había bastante sol como para que crecieran.,-0.1492,-0.2353,0.708,0.1324,9.986,0.5125,0.0,scanning,45.9560661,8.9336243,0.0,0.0,2,contextual,0.9,2.45,311.7,31.3,100.1,0.26,0.00252,0.00154,0.0,0.6304,0.6481,0.7082,es,2,contextual,0.9,Contextual detail explaining growth conditions.
449,2253.18,2253.64,5671648257012,5672109257012,La palma,-0.4083,-0.1435,0.633,0.1072,10.254,0.3425,0.0,scanning,45.9560661,8.9336252,0.0,0.0,1,concrete,0.95,0.46,260.9,44.3,112.8,1.0,0.0029,0.0009,0.0,0.6433,0.6032,0.4972,es,1,concrete,0.95,Naming or referencing the specific object: the palm.
450,2257.41,2265.37,5675878257012,5683837257012,"está acostumbrada, y este tipo de palma que es la palma de Fortuny, está acostumbrada a chupar las raíces desde muy fondo.",-0.1917,-0.2457,0.589,0.3545,9.967,0.4992,0.0,scanning,45.9560661,8.9336252,0.0,0.1,1,concrete,0.9,7.96,239.3,41.7,235.4,0.839,0.00202,0.00102,0.008,0.5852,0.6023,0.6089,es,1,concrete,0.9,Explains how the palm works
451,2265.39,2266.65,5683857257012,5685119257012,y muy rápida porque es desértica.,-0.3816,-0.2931,0.45,0.0548,9.943,0.1153,0.0,dwelling,45.9560661,8.9336252,0.0,0.25,1,concrete,0.9,1.26,199.8,84.7,212.0,0.625,0.00213,0.00146,0.0,0.6709,0.662,0.4928,es,1,concrete,0.9,Describes a characteristic of the palm
452,2266.67,2268.99,5685139257012,5687464257012,El resultado es que ella se come todo el sotobosque.,-0.3727,-0.3275,0.506,0.0647,9.891,0.1346,0.0,dwelling,45.9560661,8.9336252,0.0,0.783,1,concrete,0.9,2.32,258.4,39.1,149.7,0.616,0.00188,0.00093,0.0,0.4939,0.5086,0.4431,es,1,concrete,0.9,Describes the concrete effect of the palm
453,2271.38,2277.91,5689848257012,5696380257012,"Si no tienes otro bosque, no crecen las florecitas y las plantitas que hemos visto allá.",0.0023,-0.2598,0.691,0.3701,9.993,0.6705,0.0,scanning,45.9560661,8.9336252,0.0,0.277,1,concrete,0.9,6.53,260.4,56.9,228.4,0.556,0.00148,0.00068,0.02,0.4837,0.5084,0.4657,es,1,concrete,0.9,Explains a concrete ecological consequence
454,2278.01,2278.64,5696480257012,5697105257012,"Si no crecen las plantitas,",0.0361,-0.001,0.768,0.0222,10.028,0.1263,0.0,dwelling,45.9560661,8.9336262,0.0,0.0,1,concrete,0.9,0.63,,,,0.0,0.00077,0.00047,0.0,0.4181,0.417,0.3405,es,1,concrete,0.9,Continues concrete ecological chain
455,2280.03,2281.45,5698501257012,5699925257012,"No vienen los insectos, sino vienen los roedores.",-0.419,-0.2634,0.719,0.0979,9.935,0.0758,0.0,dwelling,45.9560661,8.9336262,0.0,0.0,1,concrete,0.9,1.42,154.0,70.3,158.7,0.756,0.00171,0.00054,0.0,0.3859,0.4436,0.2895,es,1,concrete,0.9,Continues concrete ecological chain
456,2282.08,2286.13,5700547257012,5704598257012,"Si no vienen esos dos, no vienen los pequeños animales.",-0.4668,-0.2702,0.828,0.1082,9.94,0.103,0.0,dwelling,45.9560661,8.9336262,0.0,0.2,1,concrete,0.9,4.05,291.2,55.7,170.9,0.425,0.00237,0.00063,0.0,0.4956,0.5219,0.4483,es,1,concrete,0.9,Continues concrete ecological chain
457,2286.63,2288.82,5705099257012,5707289257012,Y así se rompe toda la cadena por una planta.,-0.4478,-0.2869,0.577,0.0526,9.942,0.1174,0.0,dwelling,45.9560661,8.9336252,0.0,0.0,1,concrete,0.9,2.19,260.7,63.6,217.2,0.333,0.0022,0.00052,0.0,0.5526,0.5331,0.679,es,1,concrete,0.9,Summarizes the concrete ecological impact
458,2294.49,2295.94,5712963257012,5714407257012,¿Por qué la ponen?,0.2143,-0.2043,0.867,0.2544,9.986,0.5864,0.0,scanning,45.9560661,8.9336262,0.0,0.0,2,contextual,0.8,1.45,371.2,23.7,65.7,0.457,0.00178,0.00047,0.0,0.6318,0.5836,0.586,es,2,contextual,0.8,Asks for contextual reason for human action
459,2295.98,2296.6,5714447257012,5715068257012,Porque es lindo.,-0.5675,-0.2341,0.709,0.1838,10.029,1.106,0.0,scanning,45.9560661,8.9336262,0.0,0.0,2,contextual,0.8,0.62,260.4,42.4,128.9,0.95,0.00168,0.00021,0.0,0.612,0.5726,0.6258,es,2,contextual,0.8,Provides contextual reason for human action
460,2296.62,2297.14,5715088257012,5715609257012,"Caramba, pone otra.",-0.2056,-0.2353,1.757,0.1272,10.038,0.6955,0.0,scanning,45.9560661,8.9336262,0.0,0.6,3,aside,0.9,0.52,287.9,50.6,148.0,0.941,0.00373,0.0023,0.118,0.7087,0.6369,0.6672,es,3,aside,0.9,"Personal interjection, opinion, suggestion"
461,2297.2,2297.64,5715670257012,5716111257012,Pone otra.,0.1991,-0.3065,1.574,0.0737,9.939,0.4342,0.0,scanning,45.9560661,8.9336262,0.0,0.0,3,aside,0.9,0.44,248.4,14.1,43.6,0.929,0.00237,0.0008,0.0,0.4394,0.4391,0.5596,es,3,aside,0.9,"Personal interjection, opinion, suggestion"
462,2297.66,2298.2,5716131257012,5716672257012,¿Qué te cuesta?,-0.3019,-0.1304,1.594,0.0592,10.02,1.2899,0.0,scanning,45.9560661,8.9336262,0.0,0.0,3,aside,0.9,0.54,315.4,29.4,109.9,0.647,0.00144,0.00048,0.0,0.6576,0.599,0.7064,es,3,aside,0.9,"Rhetorical question, expressive comment"
463,2302.27,2308.78,5720742257012,5727255257012,"Eso, por ejemplo, es un tema importantísimo con lo cual hay que hablar con los restaurantes,",0.0269,-0.2163,1.844,0.3416,10.187,1.5256,0.517,walking,45.9560585,8.9336224,0.0,0.0,2,contextual,0.8,6.51,270.6,48.7,208.1,0.716,0.00141,0.0005,0.0,0.4609,0.471,0.4819,es,2,contextual,0.8,"Generalizes problem, frames course of action"
464,2310.03,2316.03,5728501257012,5734495257012,"con los hoteles, ayudarles, o sea, no hacerle ver que lo han hecho todo mal, aun si sabemos que lo han",-0.1819,-0.2213,1.747,0.2784,10.065,0.5619,0.897,walking,45.9560089,8.9335976,0.0,0.0,2,contextual,0.8,6.0,231.0,79.1,298.5,0.681,0.00209,0.00088,0.032,0.5169,0.538,0.4818,es,2,contextual,0.8,Discusses strategy for broader issue
465,2318.03,2318.53,5736500257012,5737003257012,A que cambien.,-0.0335,-0.1353,1.963,0.0138,10.824,0.332,0.854,walking,45.9559708,8.9335794,0.0,0.0,2,contextual,0.8,0.5,65.0,0.0,0.0,1.0,0.00308,0.00123,0.0,0.4499,0.4576,0.4329,es,2,contextual,0.8,General observation about environmental change.
466,2323.99,2327.68,5742460257012,5746147257012,"Además, hay una cantidad de flora acá fenomenal de la cual hemos hablado de dos o tres visibles.",0.0029,-0.2221,1.264,0.3312,10.027,1.0722,0.519,walking,45.9559174,8.933548,0.0,0.0,1,concrete,1.0,3.69,280.8,49.6,202.4,0.784,0.00194,0.0006,0.0,0.6568,0.6298,0.6451,es,1,concrete,1.0,Describes specific natural features (flora).
467,2331.66,2337.8,5750135257012,5756269257012,Pero hay muchísimas flores maravillosas que crecen en cualquier momento del año.,-0.1259,-0.3764,1.168,0.2024,9.933,0.5834,0.479,scanning,45.9558754,8.9335299,0.0,0.0,1,concrete,1.0,6.14,253.8,47.5,207.9,0.917,0.00153,0.00062,0.0,0.6083,0.6111,0.4799,es,1,concrete,1.0,Describes specific natural features (flowers).
468,2337.84,2339.66,5756309257012,5758133257012,"Hay árboles lindísimos que puedes plantar, puedes explicar.",-0.2621,-0.3771,0.54,0.0588,10.172,0.4347,0.879,walking,45.9558449,8.9335203,0.0,0.0,1,concrete,1.0,1.82,254.4,30.3,148.5,0.789,0.0013,0.00038,0.0,0.5935,0.5777,0.6212,es,1,concrete,1.0,Describes specific natural features (trees).
469,2339.68,2339.92,5758155257012,5758394257012,Gracias.,-0.2709,-0.3355,0.549,0.0181,8.619,0.4435,0.865,walking,45.9558372,8.9335136,0.0,0.0,3,aside,1.0,0.24,,,,0.0,0.00071,0.00014,0.0,,,,es,3,aside,1.0,"Polite interjection, off-topic chatter."
470,2340.03,2343.76,5758501257012,5762229257012,puedes contar la historia del bosque a la gente que vaya a comer.,-0.118,-0.2462,1.014,0.1964,10.031,0.5489,0.847,walking,45.9558296,8.9335032,0.0,0.0,2,contextual,0.9,3.73,304.8,38.9,157.0,0.915,0.00191,0.00069,0.0,0.6759,0.6557,0.6771,es,2,contextual,0.9,Application of contextual information (history).
471,2343.78,2346.2,5762249257012,5764674257012,"O sea, todo lo que yo he dicho caminando,",-0.1957,-0.2978,0.857,0.1462,10.079,0.4506,0.726,walking,45.955822,8.9334764,0.0,0.0,3,aside,1.0,2.42,308.0,40.9,144.7,0.592,0.0011,0.00045,0.0,0.62,0.5812,0.4259,es,3,aside,1.0,Metalinguistic comment about speaker's own discourse.
472,2347.51,2352.69,5765977257012,5771162257012,podría ser puesto en el jardín de los restaurantes y de los supermercados.,-0.0155,-0.1796,0.914,0.1912,10.071,0.4456,0.56,walking,45.9557991,8.9334555,0.0,0.0,2,contextual,0.9,5.18,317.3,36.1,138.6,0.296,0.0016,0.00069,0.006,0.5288,0.5272,0.4488,es,2,contextual,0.9,Framing/application of previous concrete information.
473,2356.4,2359.41,5774870257012,5777883257012,"Aquí hay una iglesia que a mí me fascina, que no hemos visto y no vamos a ver adentro.",0.0816,-0.1929,0.869,0.2524,10.119,1.1996,0.617,walking,45.9557648,8.9334116,0.0,0.0,1,concrete,1.0,3.01,275.5,28.0,102.1,0.611,0.00262,0.00065,0.0,0.6456,0.6087,0.5797,es,1,concrete,1.0,Describes specific tangible object (church).
474,2361.78,2364.41,5780253257012,5782884257012,Pero lo que hay afuera merece la subida.,-0.1854,-0.2184,0.518,0.3081,10.001,0.9112,0.662,walking,45.9557571,8.9333782,0.0,0.0,1,concrete,1.0,2.63,272.4,38.2,129.9,0.542,0.00259,0.00149,0.0,0.5089,0.5023,0.4292,es,1,concrete,1.0,Describes attributes of specific object (church).
475,2365.16,2366.22,5783627257012,5784692257012,"Es chiquito, solo está ahí.",-0.2571,-0.286,0.564,0.0324,9.844,0.3723,0.786,walking,45.9557533,8.9333611,0.9,0.0,1,concrete,1.0,1.06,65.0,0.0,0.0,0.324,0.00136,0.00043,0.0,0.47,0.5139,0.345,es,1,concrete,1.0,Describes physical attributes of church.
476,2368.08,2369.08,5786547257012,5787552257012,"Bueno, a mí siempre me regañan porque digo,",-0.0576,-0.3544,0.454,0.2627,10.381,0.6449,0.887,walking,45.9557571,8.9333258,0.0,0.0,3,aside,1.0,1.0,305.4,31.8,120.1,0.5,0.00255,0.00056,0.0,0.5449,0.4961,0.5468,es,3,aside,1.0,"Personal anecdote, procedural lead-in."
477,2370.03,2370.27,5788501257012,5788743257012,hasta arriba,-0.1054,-0.1704,0.554,0.034,9.824,0.3697,0.665,walking,45.9557571,8.9333076,0.0,0.0,3,aside,0.8,0.24,,,,0.0,0.00161,0.00042,0.0,,,,es,3,aside,0.8,Procedural talk for observation viewpoint.
478,2381.74,2386.19,5800212257012,5804663257012,de este asiento es que van a notar que la iglesia,-0.1976,-0.2206,0.463,0.1822,10.171,0.8018,0.659,walking,45.9557724,8.9331856,0.0,0.0,3,aside,0.8,4.45,267.9,59.9,216.5,0.279,0.00185,0.00074,0.0,0.5817,0.5833,0.6608,es,3,aside,0.8,Procedural instruction for observation.
479,2388.56,2394.22,5807030257012,5812687257012,"Ella también no está mirando, o sea, lo es, está mirando al monte San Giorgio, pero ¿quién tiene delante?",-0.1986,-0.1606,0.622,0.2594,10.144,1.0383,0.589,walking,45.9557838,8.9331474,0.0,0.0,1,concrete,0.9,5.66,264.0,53.9,182.7,0.367,0.00208,0.00132,0.034,0.5882,0.5444,0.671,es,1,concrete,0.9,Describes orientation of physical object (church).
480,2395.08,2398.1,5813546257012,5816573257012,tiene un cementerio delante.,-0.221,-0.2879,1.03,0.2595,9.896,1.0662,0.148,scanning,45.95578,8.9331303,0.0,0.0,1,concrete,1.0,3.02,230.1,89.8,292.2,0.789,0.00205,0.00077,0.0,0.6612,0.6552,0.7122,es,1,concrete,1.0,Direct observation of a specific feature.
481,2398.18,2399.97,5816653257012,5818437257012,"Su propio cementerio está delante, no está atrás.",-0.0567,-0.3426,0.835,0.2848,9.995,1.452,0.22,scanning,45.95578,8.9331236,0.0,0.111,1,concrete,1.0,1.79,204.8,30.2,121.1,0.804,0.00242,0.00166,0.089,0.417,0.4824,0.2468,es,1,concrete,1.0,Specific description of a physical feature's location.
482,2400.03,2400.23,5818501257012,5818702257012,En el 95%.,-0.3223,-0.1633,0.419,0.0053,12.421,0.499,0.443,scanning,45.95578,8.9331179,0.0,1.0,2,contextual,0.9,0.2,,,,0.0,0.00168,0.00034,0.0,,,,es,2,contextual,0.9,"Incomplete, sets up a generalization/statistic."
483,2405.47,2409.14,5823935257012,5827608257012,"de las iglesias católicas del planeta, el cementerio está atrás.",0.2385,-0.2617,1.056,0.1661,10.096,0.6471,0.665,walking,45.9557838,8.9330626,0.0,0.0,2,contextual,1.0,3.67,263.2,41.0,180.6,0.852,0.0022,0.00065,0.0,0.6434,0.6131,0.7209,es,2,contextual,1.0,Generalization about typical church layout globally.
484,2411.57,2414.97,5830042257012,5833437257012,"Cuando el cementerio está adelante, sucede algo.",-0.1185,-0.3911,0.6,0.2659,9.951,0.9446,0.736,walking,45.9557724,8.9330225,0.0,0.0,2,contextual,1.0,3.4,299.9,42.0,151.2,0.505,0.002,0.0019,0.402,0.5965,0.5756,0.7766,es,2,contextual,1.0,"Framing, introduces significance or interpretation."
485,2416.4,2419.47,5834873257012,5837943257012,"O sea, los antepasados están ahí puestos a contacto con algo que por alguna razón es más importante",0.2428,-0.2857,0.638,0.11,9.959,0.4951,0.074,scanning,45.95578,8.9330082,0.0,0.0,2,contextual,1.0,3.07,287.9,45.5,210.2,0.979,0.00153,0.00078,0.0,0.5552,0.4884,0.5525,es,2,contextual,1.0,Interpretation of cultural/historical significance.
486,2434.79,2437.04,5853260257012,5855507257012,"Bueno, el bosque, un poquito de bosque que era.",0.09,-0.2015,0.855,0.3079,10.021,0.8894,0.431,scanning,45.955822,8.93293,0.0,0.0,1,concrete,1.0,2.25,272.4,23.7,125.5,0.239,0.00199,0.00095,0.0,0.4653,0.4592,0.4641,es,1,concrete,1.0,Direct observation of a physical feature (forest).
487,2437.06,2438.5,5855527257012,5856971257012,Eso a mí me gusta.,-0.1032,-0.2781,0.909,0.3684,10.012,0.8273,0.482,scanning,45.9558144,8.9329309,0.0,0.0,3,aside,1.0,1.44,230.6,13.0,40.7,0.283,0.00129,0.00058,0.0,0.4581,0.5082,0.4163,es,3,aside,1.0,Personal opinion/comment from the expert.
488,2441.53,2446.46,5860002257012,5864934257012,"En ambas esas iglesias, aunque uno solo haya ese pequeño camino,",-0.0601,-0.2411,0.644,0.2117,9.986,0.5283,0.45,scanning,45.9558182,8.9329338,0.0,0.0,2,contextual,0.9,4.93,306.3,32.8,145.0,0.787,0.00192,0.00061,0.0,0.4099,0.4499,0.4583,es,2,contextual,0.9,Sets context or condition for what follows.
489,2447.38,2451.91,5865848257012,5870376257012,"tiene la oportunidad de conocer, entrar en contacto, entender las hallas que son estas alatas.",-0.1055,-0.1882,1.02,0.2271,9.982,0.5632,0.514,walking,45.9558372,8.9329233,0.0,0.0,1,concrete,1.0,4.53,241.6,24.9,106.7,0.845,0.00189,0.00089,0.0,0.457,0.4735,0.4957,es,1,concrete,1.0,Explains what specific features (beeches) are.
490,2455.51,2459.95,5873982257012,5878417257012,Y en comparación con esas más oscuras que son casi,-0.16,-0.3097,0.656,0.2032,10.006,0.8101,0.148,scanning,45.9558487,8.9329185,0.045,0.0,1,concrete,1.0,4.44,218.7,14.1,98.6,0.576,0.00142,0.00038,0.0,0.3684,0.4116,0.4665,es,1,concrete,1.0,Describes characteristics for comparison of features.
491,2460.03,2460.53,5878501257012,5879003257012,"Ya lo reconocen, ¿no?",-0.0658,-0.3522,0.559,0.0661,9.83,0.4568,0.074,scanning,45.9558449,8.9329214,0.0,0.0,3,aside,1.0,0.5,,,,0.0,0.00135,0.00026,0.0,0.4728,0.5517,0.7428,es,3,aside,1.0,Direct question to audience (procedural).
492,2460.59,2461.26,5879063257012,5879725257012,Ya los ven fácilmente.,0.1005,-0.3433,0.444,0.0141,9.984,0.2458,0.074,dwelling,45.9558487,8.9329224,0.0,0.0,3,aside,1.0,0.67,161.4,49.5,121.0,0.857,0.00536,0.00394,0.143,0.5422,0.5042,0.627,es,3,aside,1.0,Direct comment to audience (interactive).
493,2467.36,2468.9,5885825257012,5887369257012,¿Y a qué arrasaron con toda la vegetación?,-0.1895,-0.195,0.605,0.1949,9.83,1.3518,0.451,scanning,45.9558601,8.9329224,0.0,0.188,2,contextual,1.0,1.54,123.9,11.6,47.1,0.918,0.00898,0.00411,0.061,0.232,0.307,0.318,es,2,contextual,1.0,Asks for explanation or cause of a state.
494,2468.98,2469.9,5887449257012,5888371257012,Por un área pequeña.,-0.1212,-0.2074,0.491,0.0469,10.077,0.5032,0.432,scanning,45.955864,8.9329233,0.0,0.0,1,concrete,1.0,0.92,111.4,4.9,14.9,0.724,0.00442,0.00278,0.138,0.3128,0.3868,0.5296,es,1,concrete,1.0,Describes the extent of a physical area.
495,2476.28,2478.73,5894752257012,5897200257012,"Subiendo acá, empezamos a ver qué significa orientarse donde hay una montaña.",-0.3136,-0.1949,1.116,0.2006,10.13,0.7074,0.731,walking,45.9558983,8.9329462,0.0,0.0,2,contextual,0.9,2.45,310.3,33.2,120.7,0.623,0.00124,0.00038,0.0,0.562,0.5215,0.5083,es,2,contextual,0.9,Framing the concept of orientation in mountains.
496,2482.68,2489.91,5901147257012,5908377257012,lo que no hemos visto adentro en la Madonna del Longhero lo vamos a ver afuera de aquí,-0.1203,-0.1998,1.314,0.3442,10.129,0.8754,0.79,walking,45.9559364,8.933033,0.0,0.0,2,contextual,0.9,7.23,292.9,32.9,155.2,0.606,0.00164,0.00084,0.027,0.6281,0.5545,0.5432,es,2,contextual,0.9,"Sets up a contrast, guides the tour."
497,2490.05,2490.33,5908521257012,5908801257012,¡Suscríbete!,0.472,-0.1024,0.572,0.0504,8.032,0.4089,0.665,walking,45.9559479,8.9330645,0.0,0.0,3,aside,0.9,0.28,,,,0.0,0.00113,0.00047,0.0,,,,es,3,aside,0.9,"Call to action, off-topic for the walk."
498,2502.82,2506.0,5921295257012,5924466257012,Esto es un muro hecho según el sistema antiguo.,0.2476,-0.3069,0.588,0.1519,9.874,0.6918,0.898,walking,45.9560089,8.9331961,0.0,0.0,1,concrete,0.9,3.18,301.0,25.7,146.8,0.45,0.00108,0.00038,0.0,0.7965,0.7259,0.2678,es,1,concrete,0.9,Identifies and describes a physical feature.
499,2508.1,2510.27,5926574257012,5928738257012,"Hay una roca desbastada, hay pequeñas cuñas que sirven para ajustar.",-0.0716,-0.403,0.303,0.1347,9.988,0.4745,0.591,walking,45.956028,8.9331741,0.0,0.409,1,concrete,0.9,2.17,252.8,34.5,148.0,0.721,0.00272,0.00124,0.0,0.4003,0.3872,0.3892,es,1,concrete,0.9,Describes parts and function of the wall.
500,2516.75,2516.81,5935217257012,5935277257012,Ok.,-0.2211,-0.6812,0.398,0.0,9.602,1.448,0.074,scanning,45.9560394,8.9331799,0.0,0.0,3,aside,0.9,0.06,,,,,,,,,,,es,3,aside,0.9,"Filler word, acknowledgement."
501,2516.83,2518.48,5935297257012,5936948257012,"¿Pero en los años 50, 60?",-0.037,-0.4785,0.362,0.1143,9.963,0.2836,0.074,scanning,45.9560394,8.9331799,0.0,0.0,2,contextual,0.9,1.65,304.3,34.9,110.3,0.288,0.00241,0.00178,0.038,0.3889,0.3728,0.4352,es,2,contextual,0.9,"Introduces historical context, sets up contrast."
502,2521.83,2523.64,5940299257012,5942107257012,introdujeron esto que no es necesario,0.0013,-0.4831,0.332,0.1507,9.909,0.1549,0.0,dwelling,45.9560394,8.9331799,0.0,0.0,1,concrete,0.9,1.81,196.7,16.9,59.8,0.509,0.00141,0.00021,0.0,0.3836,0.4298,0.4505,es,1,concrete,0.9,Describes a specific introduced construction element.
503,2528.1,2530.15,5946567257012,5948616257012,y esto quita la transpiración de la pared.,-0.0778,-0.4752,0.372,0.1764,10.052,0.8156,0.0,scanning,45.9560394,8.9331799,0.0,0.0,1,concrete,0.9,2.05,224.9,44.7,211.1,0.831,0.00178,0.00075,0.0,0.3825,0.4385,0.3672,es,1,concrete,0.9,Explains effect of element on the wall.
504,2532.39,2534.51,5950855257012,5952980257012,Aquí hasta ahí se van así con el dedo.,-0.2029,-0.1873,0.405,0.2201,9.937,0.1911,0.0,dwelling,45.9560394,8.9331799,0.0,0.0,1,concrete,0.9,2.12,197.3,30.3,110.7,0.731,0.00115,0.00028,0.0,0.4625,0.5066,0.5258,es,1,concrete,0.9,Describes a specific construction detail/technique.
505,2534.53,2536.11,5953000257012,5954584257012,Pero ese es el muro como debería ser.,0.0339,-0.3302,0.379,0.2463,9.946,0.0894,0.0,dwelling,45.9560394,8.9331799,0.0,0.0,2,contextual,0.9,1.58,328.0,33.3,109.9,0.4,0.00151,0.00076,0.0,0.6233,0.6212,0.7223,es,2,contextual,0.9,"Evaluative comment, states ideal construction method."
506,2540.26,2540.32,5958734257012,5958785257012,Gracias.,-0.1511,-0.3383,0.351,0.0,12.213,0.5693,0.0,scanning,45.9560394,8.9331799,0.0,0.0,3,aside,0.9,0.06,,,,,,,,,,,es,3,aside,0.9,Polite interjection.
507,2551.9,2553.71,5970374257012,5972179257012,¡Gracias por ver el video!,0.0991,-0.3263,0.934,0.2433,9.932,0.9203,0.952,walking,45.9560661,8.9331341,0.0,0.0,3,aside,0.9,1.81,341.6,32.0,106.6,0.544,0.00176,0.00039,0.0,0.5982,0.5109,0.439,es,3,aside,0.9,Off-topic sign-off to audience.
508,2559.16,2560.32,5977630257012,5978795257012,el techo de cementerio y esta iglesia.,-0.4326,-0.1115,0.63,0.1333,9.976,0.8329,0.423,scanning,45.9560318,8.9330959,0.0,0.0,1,concrete,0.9,1.16,310.6,48.0,138.4,1.0,0.00094,0.00022,0.0,0.5409,0.4804,0.6223,es,1,concrete,0.9,Names specific physical objects/structures.
509,2560.34,2560.69,5978815257012,5979156257012,¿Lo ves?,-0.2388,-0.1056,0.738,0.0224,9.934,0.1124,0.423,dwelling,45.9560318,8.9330959,0.0,0.0,3,aside,0.9,0.35,225.4,12.8,42.1,1.0,0.00117,0.00022,0.0,,,,es,3,aside,0.9,"Procedural question, seeking confirmation."
510,2566.0,2567.51,5984471257012,5985981257012,"Es casi, casi mediodía.",0.1039,-0.3172,0.761,0.0995,9.924,0.5317,0.147,scanning,45.9560394,8.9330931,0.0,0.067,3,aside,0.9,1.51,286.8,14.4,48.5,0.792,0.00134,0.0005,0.0,0.5444,0.5213,0.4504,es,3,aside,0.9,"Time observation, not core content."
511,2567.55,2567.99,5986022257012,5986465257012,Vamos a ver.,-0.1607,-0.4585,0.386,0.0147,10.083,1.3449,0.147,scanning,45.9560394,8.9330912,0.8,1.0,3,aside,0.9,0.44,,,,0.0,0.00134,0.00023,0.0,0.4877,0.4687,0.5318,es,3,aside,0.9,"Procedural, indicating next action."
512,2589.09,2589.16,6007563257012,6007626257012,Ok.,-0.1685,-0.5984,0.326,0.0,9.802,0.027,0.0,dwelling,45.9560394,8.9330864,0.0,0.0,3,aside,1.0,0.07,,,,,,,,,,,es,3,aside,1.0,Filler word.
513,2593.58,2594.84,6012047257012,6013309257012,acá lo vemos súper bien.,-0.1384,-0.583,0.301,0.0454,9.816,0.0393,0.0,dwelling,45.9560394,8.9330854,1.0,1.0,3,aside,0.9,1.26,224.2,13.2,53.9,0.7,0.00164,0.00036,0.0,0.5088,0.5549,0.5341,es,3,aside,0.9,Directing attention to a feature.
514,2594.86,2595.06,6013329257012,6013530257012,¿Ves?,-0.0873,-0.4693,0.251,0.0033,9.779,0.0527,0.0,dwelling,45.9560394,8.9330854,1.0,1.0,3,aside,0.9,0.2,69.9,7.7,20.8,1.0,0.00134,0.00035,0.0,,,,es,3,aside,0.9,"Conversational check, confirming observation."
515,2595.08,2597.64,6013550257012,6016115257012,Está mirando la punta de la montaña que se encuentra acá.,-0.1086,-0.5244,0.272,0.0479,9.816,0.1064,0.0,dwelling,45.9560394,8.9330854,1.0,1.0,1,concrete,1.0,2.56,140.5,85.8,235.4,0.716,0.00112,0.00037,0.0,0.3695,0.4102,0.5094,es,1,concrete,1.0,Describes concrete feature (mountain peak).
516,2601.77,2604.06,6020236257012,6022526257012,Y si pongo la brújula lo vamos a ver más.,-0.0992,-0.5526,0.307,0.0497,9.813,0.1156,0.074,dwelling,45.9560356,8.9330845,1.0,1.0,2,contextual,0.9,2.29,180.2,113.3,247.8,0.5,0.00129,0.00025,0.0,0.3002,0.349,0.3815,es,2,contextual,0.9,Explains method for a concrete observation.
517,2614.55,2615.28,6033023257012,6033746257012,"Ya ves, ese es el sur.",-0.1435,-0.5572,0.389,0.0818,9.962,0.3643,0.428,scanning,45.9560394,8.9330759,0.0,0.0,1,concrete,1.0,0.73,65.0,0.0,0.0,0.261,0.00106,0.00027,0.0,0.3753,0.3748,0.3831,es,1,concrete,1.0,States concrete fact about direction/orientation.
518,2615.7,2615.8,6034168257012,6034268257012,Sí.,-0.0742,-0.4988,0.509,0.0,10.278,0.3983,0.368,scanning,45.9560394,8.933073,0.0,1.0,3,aside,1.0,0.1,,,,0.0,0.00078,0.00018,0.0,,,,es,3,aside,1.0,Filler/affirmation.
519,2619.01,2625.43,6037482257012,6043897257012,"O sea, para que la iglesia fuera orientada correctamente debería tener la puerta aquí.",-0.225,-0.3347,0.429,0.1489,9.929,0.7379,0.074,scanning,45.9560432,8.9330692,0.0,0.469,2,contextual,0.9,6.42,239.8,39.3,175.8,0.567,0.01698,0.05377,0.905,0.4887,0.4571,0.5114,es,2,contextual,0.9,Contextualizes church orientation based on prior fact.
520,2626.92,2627.64,6045393257012,6046115257012,Hacia el monte San Giorgio.,-0.0153,-0.2483,0.542,0.2458,10.009,0.789,0.074,scanning,45.9560471,8.9330654,0.0,0.143,2,contextual,0.9,0.72,186.6,15.7,74.4,1.0,0.00162,0.00025,0.0,0.3488,0.3496,0.4824,es,2,contextual,0.9,Specifies location within contextual elaboration.
521,2633.18,2638.4,6051653257012,6056871257012,Tengo una pequeña app que trabajar con los fotógrafos me obliga a conocer.,-0.183,-0.5161,0.553,0.0882,9.9,0.4125,0.0,scanning,45.9560432,8.9330645,0.0,0.135,2,contextual,1.0,5.22,247.9,49.7,212.6,0.78,0.00164,0.00098,0.11,0.4055,0.4345,0.4491,es,2,contextual,1.0,Expert's background about a tool used.
522,2640.03,2641.12,6058501257012,6059589257012,para simular la orientación del Sol.,-0.1797,-0.6439,0.383,0.0274,9.878,0.226,0.0,dwelling,45.9560432,8.9330635,0.0,0.0,2,contextual,0.9,1.09,111.7,6.6,29.8,1.0,0.00618,0.00185,0.0,0.363,0.3865,0.5534,es,2,contextual,0.9,Explains app's purpose relevant to orientation.
523,2643.61,2644.07,6062078257012,6062539257012,"con las horas, ¿no?",-0.2462,-0.3213,0.3,0.2194,10.166,0.1965,0.0,dwelling,45.9560432,8.9330635,0.0,1.0,2,contextual,0.9,0.46,,,,0.0,0.00179,0.00029,0.0,0.3885,0.3673,0.4243,es,2,contextual,0.9,Clarifies app functionality (temporal aspect).
524,2644.11,2644.29,6062579257012,6062760257012,Sí.,-0.3363,-0.2449,0.391,0.0869,9.46,0.4792,0.0,scanning,45.9560432,8.9330635,0.0,0.5,3,aside,1.0,0.18,273.4,1.5,3.2,0.5,0.00207,0.00064,0.0,,,,es,3,aside,1.0,Filler/affirmation.
525,2644.35,2649.58,6062820257012,6068052257012,"O sea, ha subido acá, ha subido detrás de esa montaña, ha ido así, tin, tin, tin, tin, tin, tin,",-0.2383,-0.3838,0.661,0.122,10.033,0.4461,0.0,scanning,45.9560432,8.9330635,0.66,0.0,1,concrete,1.0,5.23,233.1,37.1,190.0,0.787,0.00192,0.0009,0.067,0.5142,0.5236,0.5314,es,1,concrete,1.0,Describes movement path in space.
526,2651.67,2652.27,6070137257012,6070740257012,"A la una, a la una.",0.1114,-0.3464,0.568,0.057,10.662,1.7915,0.0,scanning,45.9560432,8.9330635,1.0,0.0,1,concrete,1.0,0.6,,,,0.0,0.001,0.00047,0.0,0.3969,0.3717,0.3465,es,1,concrete,1.0,Specifies a concrete time point.
527,2655.62,2658.22,6074093257012,6076695257012,"que va a ser el mediodía solar, porque estamos con hora legal, va a ser exactamente...",0.0491,-0.3624,0.433,0.04,9.974,0.1428,0.0,dwelling,45.9560432,8.9330635,0.0,0.077,2,contextual,1.0,2.6,217.5,13.4,49.2,0.463,0.00183,0.0008,0.012,0.3806,0.4494,0.5732,es,2,contextual,1.0,Clarifies term 'solar midday' versus legal time.
528,2662.57,2664.05,6081035257012,6082520257012,"Entonces, no solo ella se pone acá.",0.1501,-0.3374,1.373,0.0562,9.996,0.1463,0.0,dwelling,45.9560471,8.9330635,0.0,1.0,1,concrete,1.0,1.48,143.5,61.1,149.9,0.702,0.00121,0.00086,0.0,0.2396,0.3347,0.3395,es,1,concrete,1.0,Describes object's position/movement.
529,2664.07,2665.88,6082540257012,6084345257012,Puedes hacerlo de nuevo.,-0.0721,-0.4079,0.421,0.1201,9.997,0.7348,0.0,scanning,45.9560471,8.9330626,0.0,0.222,3,aside,1.0,1.81,245.9,47.5,182.4,0.561,0.00406,0.00213,0.018,0.4982,0.5233,0.4065,es,3,aside,1.0,Procedural instruction for an action.
530,2665.89,2667.94,6084365257012,6086411257012,A ver.,-0.3375,-0.2912,0.979,0.3392,10.04,1.2795,0.0,scanning,45.9560471,8.9330626,0.3,0.05,3,aside,1.0,2.05,184.1,2.9,9.5,0.185,0.00167,0.00068,0.0,0.5386,0.5766,0.5996,es,3,aside,1.0,"Filler, procedural 'let's see'."
531,2670.05,2670.71,6088521257012,6089182257012,"Es acá, es donde va subiendo.",0.0338,-0.4,0.547,0.0806,10.053,0.3354,0.0,scanning,45.9560471,8.9330626,0.0,0.714,1,concrete,1.0,0.66,,,,0.0,0.00206,0.00045,0.0,0.5925,0.6004,0.463,es,1,concrete,1.0,Describes current position/movement.
532,2670.73,2673.72,6089202257012,6092187257012,"A las 10 era acá, a las 11 era acá, ahora es mediodía.",0.0052,-0.3165,0.538,0.1751,9.944,0.2524,0.0,scanning,45.9560471,8.9330626,0.0,0.0,1,concrete,1.0,2.99,234.6,11.6,53.3,0.404,0.00185,0.00072,0.0,0.4048,0.4385,0.4699,es,1,concrete,1.0,States specific positions at times.
533,2677.84,2679.89,6096314257012,6098361257012,Y a la una va a ser acá.,0.0764,-0.2776,0.53,0.0249,9.954,0.0436,0.147,dwelling,45.9560471,8.9330549,0.0,0.238,1,concrete,1.0,2.05,236.5,10.9,39.1,0.308,0.00196,0.00102,0.031,0.4356,0.4914,0.3204,es,1,concrete,1.0,States specific future position at time.
534,2679.97,2683.2,6098441257012,6101672257012,"Va a ser exactamente, lo ves, en la punta de la montaña.",0.0835,-0.3351,0.515,0.0506,9.96,0.1248,0.147,dwelling,45.9560509,8.9330502,0.0,0.406,1,concrete,1.0,3.23,276.2,42.3,146.5,0.584,0.00225,0.00093,0.04,0.5763,0.5776,0.3474,es,1,concrete,1.0,Describes precise physical location.
535,2684.65,2687.84,6103117257012,6106307257012,"O sea, la gente que ha construido esa iglesia y le ha puesto la puerta acá.",0.1075,-0.3733,0.451,0.0968,9.934,0.0644,0.074,dwelling,45.9560585,8.9330473,0.0,0.0,2,contextual,1.0,3.19,275.6,68.8,272.9,0.94,0.00171,0.00063,0.03,0.6048,0.5675,0.5229,es,2,contextual,1.0,Historical context of church construction/placement.
536,2690.59,2691.73,6109055257012,6110196257012,Y la ha orientado acá.,-0.0868,-0.3857,0.991,0.0658,9.998,0.593,0.22,scanning,45.9560623,8.933054,0.0,0.182,2,contextual,1.0,1.14,246.2,46.5,171.3,0.667,0.00229,0.00095,0.0,0.6208,0.6324,0.7617,es,2,contextual,1.0,Describes design choice/orientation.
537,2691.75,2695.85,6110216257012,6114321257012,"Y le ha puesto delante los antepasados, su familia.",0.0174,-0.1794,0.786,0.146,9.985,0.2715,0.074,scanning,45.9560585,8.9330578,0.024,0.39,2,contextual,1.0,4.1,265.7,47.8,209.7,0.674,0.00178,0.00071,0.0,0.6033,0.6146,0.7791,es,2,contextual,1.0,Explains cultural/ancestral practice.
538,2696.59,2698.12,6115062257012,6116589257012,lo ha puesto delante a lo más sagrado.,0.0401,-0.1418,1.186,0.2492,9.974,0.528,0.0,scanning,45.9560585,8.9330578,0.0,0.0,2,contextual,1.0,1.53,162.0,95.2,226.8,0.875,0.00456,0.0037,0.062,0.5008,0.4777,0.5092,es,2,contextual,1.0,Explains cultural significance of placement.
539,2700.03,2702.94,6118501257012,6121407257012,y lo puso para que estuviera exactamente al sur delante de la montaña.,0.269,-0.2512,0.896,0.1624,10.053,0.9561,0.147,scanning,45.9560585,8.9330635,0.0,0.0,2,contextual,1.0,2.91,314.3,45.9,131.7,0.275,0.00277,0.00135,0.0,0.5009,0.4986,0.5959,es,2,contextual,1.0,Explains purpose/reason for orientation.
540,2707.34,2709.53,6125808257012,6127997257012,No es ultra interesante esta cosa.,-0.0554,-0.2965,0.716,0.0617,10.007,0.1437,0.221,dwelling,45.9560547,8.933053,0.0,0.273,3,aside,0.9,2.19,237.5,58.7,201.0,0.783,0.0012,0.00027,0.0,0.3315,0.3873,0.6036,es,3,aside,0.9,Subjective comment or evaluation
541,2709.55,2710.15,6128017257012,6128620257012,"O sea, ellos sabían.",0.0329,-0.3129,1.456,0.0445,10.09,0.3712,0.221,scanning,45.9560509,8.9330473,0.0,0.333,2,contextual,0.9,0.6,65.0,0.0,0.0,0.316,0.00132,0.00043,0.0,0.2881,0.3023,0.4569,es,2,contextual,0.9,Introduces general knowledge or premise
542,2712.76,2716.25,6131231257012,6134719257012,Ellos sabían que orientar los espacios sagrados te ponía en conexión con lo que trasciende.,-0.1292,-0.2748,1.748,0.1003,9.987,0.2071,0.074,dwelling,45.9560509,8.9330463,0.0,0.0,1,concrete,1.0,3.49,240.3,40.4,140.0,0.518,0.00188,0.00072,0.0,0.4841,0.5297,0.4396,es,1,concrete,1.0,Explains core belief/practice about sacred spaces
543,2720.72,2728.58,6139190257012,6147050257012,"Ahora, puede que esto ellos lo hayan medido, que no es tan difícil, es suficiente venir acá veinte veces,",-0.0049,-0.321,1.07,0.1102,9.949,0.1369,0.0,dwelling,45.9560509,8.9330473,0.0,0.241,2,contextual,1.0,7.86,242.1,65.5,329.1,0.614,0.00199,0.00071,0.0,0.563,0.5819,0.5006,es,2,contextual,1.0,Hypothesizes methodology for acquiring knowledge
544,2728.6,2728.84,6147070257012,6147311257012,Al mediodía.,0.0288,-0.2032,1.044,0.0006,10.089,0.3846,0.0,scanning,45.9560509,8.9330473,0.0,0.5,2,contextual,1.0,0.24,,,,0.0,0.0013,0.00017,0.0,,,,es,2,contextual,1.0,Completes explanation of methodology
545,2730.03,2731.47,6148501257012,6149943257012,y ver la punta donde está el sol al mediodía.,-0.0341,-0.17,1.805,0.0469,9.908,0.324,0.0,scanning,45.9560509,8.9330473,0.0,0.0,2,contextual,1.0,1.44,66.2,2.6,13.6,0.739,0.00268,0.00149,0.0,0.5534,0.4966,0.5472,es,2,contextual,1.0,Continues explanation of methodology
546,2734.22,2735.26,6152686257012,6153728257012,Pero también ellos pueden haberlo encontrado.,0.0516,-0.1899,0.695,0.0473,9.938,0.327,0.0,scanning,45.9560509,8.9330473,0.0,0.273,2,contextual,1.0,1.04,292.8,52.2,147.4,0.848,0.00337,0.00102,0.0,0.4809,0.4593,0.4871,es,2,contextual,1.0,Offers alternative hypothesis for discovery
547,2735.28,2737.5,6153749257012,6155974257012,Y para esta iglesia yo pienso que lo han encontrado.,-0.383,-0.2326,0.455,0.102,9.943,0.3318,0.0,scanning,45.9560509,8.9330473,0.0,0.091,2,contextual,1.0,2.22,278.0,44.9,118.7,0.286,0.00277,0.00166,0.071,0.4337,0.4807,0.5669,es,2,contextual,1.0,Applies hypothesis to specific site
548,2738.49,2739.53,6156956257012,6157999257012,Les voy a mostrar el porqué.,-0.0418,-0.4771,0.375,0.1014,9.937,0.3329,0.0,scanning,45.9560509,8.9330473,0.0,0.3,3,aside,1.0,1.04,249.2,47.1,106.1,0.273,0.00295,0.00098,0.0,0.4983,0.5076,0.5608,es,3,aside,1.0,"Procedural, indicates future action"
549,2742.22,2746.09,6160685257012,6164557257012,Vamos bajando porque si no nunca vamos a llegar a tiempo.,0.1714,-0.4135,0.489,0.1951,9.962,0.6957,0.43,scanning,45.9560547,8.9330492,0.0,0.103,3,aside,1.0,3.87,126.2,67.7,176.2,0.455,0.00273,0.00256,0.107,0.3604,0.3822,0.3036,es,3,aside,1.0,Procedural instruction and timing
550,2765.6,2765.95,6184070257012,6184424257012,Grazie.,0.1227,-0.3041,0.739,0.1564,10.035,0.4216,0.852,walking,45.9560623,8.9331789,0.0,0.0,3,aside,1.0,0.35,,,,0.0,0.00779,0.00108,0.0,,,,it,3,aside,1.0,Social pleasantry or filler
551,2815.63,2815.91,6234103257012,6234384257012,A San Giorgio?,-0.1067,-0.2991,0.848,0.1456,9.709,0.361,0.562,walking,45.9559593,8.9328403,0.0,0.0,3,aside,0.9,0.28,371.3,12.4,34.8,0.556,0.00133,0.00015,0.0,,,,it,3,aside,0.9,Clarification question or inquiry
552,2820.03,2820.24,6238501257012,6238707257012,Un saludo.,0.0349,-0.2632,0.547,0.0117,8.292,0.3329,0.074,scanning,45.9559555,8.9328365,0.0,0.0,3,aside,1.0,0.21,165.3,29.5,60.8,1.0,0.01723,0.00215,0.0,,,,es,3,aside,1.0,Social pleasantry or greeting
553,2827.69,2828.29,6246162257012,6246764257012,Y es Monta San Giorgio.,-0.1665,-0.3015,0.458,0.0826,10.269,0.4689,1.346,walking,45.9559937,8.9328022,0.0,0.0,1,concrete,1.0,0.6,185.9,47.5,136.4,0.947,0.00634,0.00561,0.053,0.5191,0.49,0.2763,es,1,concrete,1.0,Names a specific location/feature
554,2831.98,2836.21,6250452257012,6254678257012,"El Baptisterio está en la base de la montaña, en el punto donde la montaña recibe más agua.",-0.0163,-0.2705,0.618,0.2482,10.006,0.4964,0.562,walking,45.9560471,8.9327717,0.0,0.0,1,concrete,1.0,4.23,312.6,52.5,170.3,0.346,0.00254,0.00133,0.008,0.5848,0.5642,0.6286,es,1,concrete,1.0,Describes location and feature of Baptistery
555,2839.59,2844.03,6258062257012,6262495257012,"O sea, cuando los cristianos todavía no son legales,",-0.3317,-0.2611,0.595,0.2314,10.093,0.6921,0.478,scanning,45.9561119,8.9327755,0.0,0.0,2,contextual,0.9,4.44,293.1,43.6,161.5,0.266,0.00479,0.00239,0.029,0.5639,0.5225,0.6655,es,2,contextual,0.9,Historical background about legality of Christians.
556,2844.14,2848.96,6262615257012,6267433257012,"al principio del 300 después de Cristo, todavía son ilegales.",-0.2893,-0.1873,0.671,0.1617,10.014,0.5777,0.851,walking,45.9561272,8.9327803,0.0,0.082,2,contextual,0.9,4.82,73.6,10.7,30.7,0.179,0.0047,0.00155,0.0,0.5675,0.569,0.7074,es,2,contextual,0.9,Historical background about legality of Christians.
557,2849.06,2849.95,6267534257012,6268417257012,Ellos están usando,-0.4541,-0.2665,0.526,0.0568,10.255,0.6943,1.276,walking,45.9561539,8.9327812,0.0,0.0,1,concrete,0.9,0.89,65.0,0.0,0.0,0.143,0.0044,0.00121,0.0,0.6523,0.5662,0.5158,es,1,concrete,0.9,Describes a specific action involving a structure.
558,2850.03,2851.4,6268501257012,6269868257012,un templo romano para hacer los primeros bautismos,-0.3965,-0.3116,0.517,0.2311,9.925,0.5516,0.86,walking,45.9561653,8.9327822,0.0,0.0,1,concrete,0.9,1.37,337.1,21.6,74.2,0.512,0.00394,0.00177,0.0,0.5584,0.5345,0.3829,es,1,concrete,0.9,Describes a specific action involving a structure.
559,2855.24,2858.66,6273715257012,6277129257012,Y el monumento más antiguo de toda Suiza está en Riva San Vitale.,-0.2739,-0.2325,0.527,0.1393,9.938,0.3552,0.432,scanning,45.9561653,8.9327745,0.0,0.0,1,concrete,0.95,3.42,277.9,41.4,170.9,0.776,0.00384,0.00122,0.0,0.5962,0.5761,0.5914,es,1,concrete,0.95,States a concrete fact about a monument's location.
560,2860.97,2865.6,6279439257012,6284072257012,en la base del cono de eyección donde hay la acumulación más grande de agua.,-0.2885,-0.037,0.429,0.0341,9.89,0.1617,0.074,dwelling,45.9561577,8.9327736,0.0,0.0,1,concrete,0.95,4.63,251.7,44.9,188.1,0.655,0.00242,0.00102,0.007,0.5599,0.5658,0.5698,es,1,concrete,0.95,Describes a specific geographical feature and characteristic.
561,2866.1,2871.19,6284573257012,6289659257012,"O sea, ese riachuelo con la agüita, con la fuente que hemos visto, multiplíquenlo.",-0.3149,-0.2784,0.534,0.0572,9.972,0.305,0.073,scanning,45.9561577,8.9327745,0.235,0.02,1,concrete,0.85,5.09,269.4,34.6,169.7,0.681,0.00162,0.0007,0.025,0.591,0.5642,0.5339,es,1,concrete,0.85,Illustrates a concrete concept about water accumulation.
562,2871.25,2875.22,6289719257012,6293689257012,"Lo más grande, la parte más grande que recibe más agua es donde está el Baptisterio.",-0.2774,-0.3684,0.484,0.054,9.943,0.2507,0.073,scanning,45.9561615,8.9327803,0.0,0.0,1,concrete,0.95,3.97,269.2,54.2,200.3,0.96,0.00278,0.0014,0.016,0.6704,0.6352,0.7025,es,1,concrete,0.95,Connects a feature to the Baptistery's location.
563,2875.28,2878.21,6293749257012,6296676257012,Los romanos lo saben.,-0.2553,-0.2918,0.534,0.2315,9.976,0.271,0.0,scanning,45.9561615,8.9327812,0.0,0.069,2,contextual,0.9,2.93,286.4,68.8,191.4,0.37,0.0038,0.00287,0.185,0.5879,0.6017,0.3613,es,2,contextual,0.9,General statement providing historical context.
564,2879.21,2879.35,6297678257012,6297822257012,y los,-0.4212,-0.3376,0.469,0.0,9.902,0.0435,0.0,dwelling,45.9561615,8.9327812,0.0,1.0,3,aside,0.9,0.14,343.9,7.2,22.0,1.0,0.0015,0.0002,0.0,,,,es,3,aside,0.9,"Incomplete word, likely filler/hesitation."
565,2880.03,2883.71,6298501257012,6302184257012,"No sabemos hasta cuándo, pero los cristianos ponen ahí el Baptisterio.",-0.1397,-0.2332,0.682,0.3064,9.959,0.0964,0.0,dwelling,45.9561615,8.9327812,0.0,1.0,1,concrete,0.85,3.68,263.8,55.4,214.0,0.836,0.00293,0.00108,0.0,0.6785,0.6633,0.7625,es,1,concrete,0.85,Core information about Christians placing the Baptistery.
566,2885.88,2889.1,6304346257012,6307573257012,"Entonces, el hecho de que sea la montaña sagrada es ahí.",-0.3594,-0.3427,0.404,0.0218,9.95,0.0767,0.0,dwelling,45.9561615,8.9327812,0.0,0.0,2,contextual,0.9,3.22,231.9,80.6,300.6,0.871,0.00216,0.00104,0.0,0.5966,0.5855,0.5402,es,2,contextual,0.9,Framing statement about the mountain's significance.
567,2889.12,2890.2,6307593257012,6308675257012,Es como 700 años antes de Manfredo.,-0.3154,-0.356,0.445,0.0239,9.933,0.0791,0.0,dwelling,45.9561615,8.9327812,0.0,0.0,2,contextual,0.9,1.08,252.5,40.2,122.1,0.618,0.00206,0.00092,0.0,0.3667,0.3586,0.4272,es,2,contextual,0.9,Provides historical timeline for context.
568,2893.77,2898.22,6312243257012,6316691257012,"Entonces Manfredo lo sabe, pero lo codifica más porque va a vivir arriba, pone las plantas.",-0.342,-0.3667,0.521,0.2041,9.946,0.1261,0.0,dwelling,45.9561615,8.9327812,0.0,0.0,1,concrete,0.9,4.45,246.3,41.4,212.1,0.764,0.00247,0.00143,0.014,0.6334,0.6286,0.5967,es,1,concrete,0.9,Describes Manfredo's specific actions related to the site.
569,2900.59,2904.23,6319055257012,6322702257012,Pero si vamos a Tremona hay toda una secuencia neolítica delirante.,-0.3475,-0.2722,0.456,0.0273,9.924,0.0929,0.0,dwelling,45.9561615,8.9327822,0.0,0.0,2,contextual,0.85,3.64,228.6,37.9,149.6,0.921,0.00178,0.00089,0.0,0.6398,0.6182,0.6353,es,2,contextual,0.85,Introduces tangential historical context from another site.
570,2905.15,2909.97,6323624257012,6328437257012,300 kilogramos de cerámica expresamente rota y ofrendada.,-0.2962,-0.3318,0.453,0.0613,9.97,0.296,0.0,scanning,45.9561615,8.9327822,0.0,0.0,1,concrete,1.0,4.82,242.3,50.8,177.2,0.775,0.00169,0.00061,0.0,0.5519,0.5704,0.6355,es,1,concrete,1.0,Describes a specific object/offering
571,2910.05,2910.25,6328521257012,6328722257012,un trémulo,-0.3025,-0.4076,0.443,0.002,9.755,0.4712,0.0,scanning,45.9561615,8.9327822,0.0,0.0,3,aside,0.6,0.2,,,,0.0,0.00093,0.00032,0.0,,,,es,3,aside,0.6,"Brief, incomplete, unclear utterance"
572,2915.03,2919.09,6333496257012,6337560257012,"Monedas, o sea, toda la gente subía a la montaña, hacía una ofrenda, quizás antes de cruzar los Alpes.",-0.2367,-0.3781,0.45,0.0581,9.957,0.1015,0.0,dwelling,45.9561615,8.9327822,0.0,0.0,2,contextual,1.0,4.06,260.8,45.9,187.4,0.843,0.00219,0.00084,0.016,0.6181,0.5932,0.7158,es,2,contextual,1.0,Describes historical practice/context of offerings
573,2922.43,2925.06,6340904257012,6343528257012,"Porque era difícil, tú podías morir.",-0.3499,-0.3233,0.569,0.0396,9.96,0.1909,0.0,dwelling,45.9561615,8.9327822,0.0,0.0,2,contextual,1.0,2.63,230.8,33.2,187.6,0.843,0.0013,0.00045,0.0,0.5663,0.5577,0.4959,es,2,contextual,1.0,Explains reason/difficulty of journey
574,2925.08,2926.24,6343548257012,6344710257012,"Había los Alpes, o sea, no era...",-0.2672,-0.3054,0.464,0.0068,9.929,0.098,0.0,dwelling,45.9561615,8.9327822,0.0,0.0,2,contextual,0.9,1.16,66.4,3.4,11.4,0.324,0.00137,0.00041,0.0,0.5711,0.5482,0.4214,es,2,contextual,0.9,"Sets the scene, emphasizes difficulty"
575,2928.54,2929.2,6347013257012,6347674257012,El gotardo con el autopiso.,-0.3757,-0.3063,0.494,0.0245,9.933,0.0271,0.0,dwelling,45.9561615,8.9327822,0.0,0.0,2,contextual,0.9,0.66,,,,0.0,0.0024,0.00057,0.0,0.3017,0.2902,0.2766,es,2,contextual,0.9,Provides modern reference for contrast
576,2929.22,2929.86,6347694257012,6348335257012,"O sea, eran los Alpes.",-0.3248,-0.3208,0.496,0.0115,9.947,0.0643,0.0,dwelling,45.9561615,8.9327822,0.0,0.0,2,contextual,1.0,0.64,205.5,13.5,39.4,1.0,0.00233,0.00088,0.0,0.5259,0.519,0.4905,es,2,contextual,1.0,Reinforces previous contextual point
577,2929.97,2931.85,6348435257012,6350318257012,Tenías que subir y bajar.,-0.2752,-0.3623,0.481,0.0234,9.94,0.0371,0.0,dwelling,45.9561615,8.9327822,0.0,0.0,2,contextual,1.0,1.88,228.2,41.6,112.4,0.424,0.00141,0.0005,0.0,0.4617,0.4712,0.4305,es,2,contextual,1.0,Elaborates on the difficulty/effort
578,2931.87,2934.03,6350338257012,6352501257012,Y si era invierno podía ser grave.,-0.2993,-0.2997,0.445,0.0108,9.941,0.0405,0.0,dwelling,45.9561615,8.9327822,0.0,0.095,2,contextual,1.0,2.16,253.0,45.8,118.3,0.338,0.00239,0.00088,0.0,0.6285,0.6258,0.6526,es,2,contextual,1.0,Adds contextual detail about winter
579,2937.86,2939.87,6356330257012,6358337257012,"Entonces, la única montaña acá en la parte",-0.2405,-0.2848,0.524,0.0901,9.998,0.5365,0.898,walking,45.9561348,8.9327822,0.0,0.1,1,concrete,0.9,2.01,212.7,22.8,77.7,0.508,0.00191,0.00068,0.0,0.4692,0.495,0.5837,es,1,concrete,0.9,Introduces a specific physical feature
580,2940.03,2943.74,6358501257012,6362209257012,"Cuando terminan los llanos de Milán y sube la primera y única montaña de la cual tú ves,",-0.2116,-0.278,0.469,0.0297,9.947,0.1368,0.898,walking,45.9561119,8.932765,0.027,0.243,1,concrete,1.0,3.71,220.3,51.4,210.1,0.621,0.00164,0.00051,0.0,0.5385,0.5469,0.6438,es,1,concrete,1.0,Describes location of specific mountain
581,2948.35,2952.84,6366818257012,6371309257012,"Todo el arco alpino, o sea, del Monte Rosa hasta todo, es el Monte San Giorgio.",-0.2007,-0.2166,0.425,0.0169,9.924,0.0333,0.0,dwelling,45.9560928,8.9327545,0.0,0.111,1,concrete,1.0,4.49,232.0,59.7,212.2,0.809,0.00089,0.00062,0.113,0.5068,0.523,0.6481,es,1,concrete,1.0,Names and locates specific mountain
582,2954.12,2957.55,6372592257012,6376015257012,"Y está ultra bien ubicado para entender la estacionalidad, medir.",-0.2539,-0.3087,0.54,0.0363,9.93,0.1466,0.0,dwelling,45.9560928,8.9327536,0.0,0.353,1,concrete,1.0,3.43,237.3,40.9,211.9,0.898,0.00121,0.00042,0.0,0.4674,0.4839,0.5198,es,1,concrete,1.0,Explains the mountain's utility/function
583,2959.17,2964.43,6377637257012,6382905257012,los movimientos del cielo cuando subimos a la Vía y Monte y se va a ver tan claramente.,-0.1956,-0.2714,0.509,0.0493,9.94,0.2546,0.0,scanning,45.9560928,8.9327536,0.0,0.0,1,concrete,1.0,5.26,207.5,24.1,97.0,0.648,0.00099,0.00024,0.0,0.4226,0.4641,0.6605,es,1,concrete,1.0,Explains observational utility of mountain
584,2965.16,2965.84,6383626257012,6384307257012,Es tan claro.,-0.2179,-0.2646,0.445,0.0597,9.86,0.2183,0.0,dwelling,45.9560928,8.9327536,0.0,0.0,1,concrete,1.0,0.68,176.3,10.9,44.9,0.955,0.00082,0.00012,0.0,0.4159,0.4834,0.5979,es,1,concrete,1.0,Reinforces clarity of observation from site
585,2966.24,2969.53,6384708257012,6387996257012,"Si lo ha entendido yo, cualquiera puede.",-0.0018,-0.1878,0.346,0.0869,9.943,0.297,0.0,scanning,45.9560928,8.9327545,0.0,0.0,3,aside,0.9,3.29,231.6,29.3,205.8,0.592,0.00124,0.00037,0.0,0.5332,0.5495,0.5988,es,3,aside,0.9,"Personal, self-referential comment."
586,2969.55,2969.97,6388016257012,6388437257012,Manfredo lo entendió.,-0.1629,-0.1712,1.004,0.251,9.939,0.468,0.0,scanning,45.9560928,8.9327545,0.0,0.0,3,aside,0.9,0.42,239.2,46.6,121.8,1.0,0.00182,0.00049,0.0,0.536,0.4876,0.6222,es,3,aside,0.9,"Personal, anecdotal comment."
587,2970.03,2978.03,6388501257012,6396500257012,la gente de Río San Vital lo supo infinitamente porque decidió poner su super templo en la parte donde había más agua,-0.3643,-0.3346,0.594,0.1124,9.981,0.1292,0.0,dwelling,45.9560928,8.9327545,0.0,0.0,2,contextual,0.85,8.0,244.7,42.7,176.1,0.912,0.00137,0.00037,0.0,0.5981,0.5845,0.6531,es,2,contextual,0.85,Historical example of human-land interaction.
588,2978.35,2979.72,6396821257012,6398186257012,de esa misma montaña.,-0.3213,-0.3069,0.598,0.1427,9.988,0.1338,0.295,dwelling,45.9560928,8.9327612,0.0,0.0,2,contextual,0.85,1.37,237.1,36.0,138.9,0.884,0.00142,0.00027,0.0,0.5159,0.5529,0.5618,es,2,contextual,0.85,Continues historical example context.
589,2979.74,2982.47,6398206257012,6400935257012,En Tremona lo sabían porque hacían ofrendas.,-0.2779,-0.3513,0.533,0.1056,9.958,0.097,0.517,walking,45.9560814,8.9327612,0.714,0.0,2,contextual,0.85,2.73,249.4,47.7,172.5,0.733,0.00122,0.00063,0.0,0.5936,0.6009,0.7671,es,2,contextual,0.85,"Historical example, human interaction with land."
590,2982.91,2986.92,6401377257012,6405387257012,¿Hay una concentración de edificios dedicados a lo sagrado?,-0.2595,-0.3225,0.581,0.0462,9.957,0.1875,0.874,walking,45.9560585,8.9327488,0.525,0.0,2,contextual,0.9,4.01,221.9,37.3,145.7,0.857,0.00114,0.00039,0.0,0.4937,0.5305,0.5033,es,2,contextual,0.9,"Rhetorical question, framing subsequent data."
591,2987.46,2990.15,6405933257012,6408621257012,que es más o menos un edificio cada 23 habitantes en la montaña.,-0.2442,-0.2818,0.589,0.0132,9.937,0.0397,0.613,walking,45.9560356,8.9327259,0.0,0.0,1,concrete,0.95,2.69,255.9,54.9,202.3,0.835,0.00161,0.00088,0.0,0.5815,0.5916,0.5552,es,1,concrete,0.95,Specific statistic about local feature.
592,2993.3,2999.89,6411770257012,6418357257012,Normalmente Lombardía tiene un edificio cada 2.000 habitantes y el Arco Alpino,-0.2859,-0.2845,0.532,0.0324,9.937,0.044,0.448,dwelling,45.9560432,8.9327316,0.0,0.0,2,contextual,0.9,6.59,232.9,40.2,195.1,0.709,0.00138,0.00056,0.0,0.5316,0.5564,0.6308,es,2,contextual,0.9,"Comparative data, regional context."
593,3000.09,3000.71,6418561257012,6419183257012,Uno cada tres meses.,-0.162,-0.2593,0.572,0.0171,9.896,0.29,0.562,walking,45.9560585,8.9327402,0.0,0.0,3,aside,0.7,0.62,205.9,21.0,61.2,1.0,0.00134,0.00031,0.0,0.524,0.5174,0.3074,es,3,aside,0.7,"Unclear, brief, breaks statistical flow."
594,3000.83,3003.74,6419304257012,6422214257012,"En el monte San Jorge, uno cada veinte.",-0.1708,-0.2755,0.513,0.0312,9.954,0.3414,0.725,walking,45.9560661,8.9327393,0.0,0.0,1,concrete,0.95,2.91,226.3,73.9,239.9,0.582,0.0011,0.0003,0.0,0.4137,0.4549,0.4828,es,1,concrete,0.95,Specific statistic for local feature.
595,3003.76,3004.73,6422234257012,6423198257012,"O sea, cien veces más.",-0.3001,-0.3167,0.423,0.0422,9.964,0.1904,0.808,walking,45.9560623,8.9327211,0.0,0.0,1,concrete,0.95,0.97,210.9,27.1,73.4,0.935,0.00113,0.00026,0.0,0.4762,0.528,0.5441,es,1,concrete,0.95,Quantitative comparison of local features.
596,3005.33,3012.69,6423800257012,6431157257012,lo que debería ser significa que desde que existen las iglesias que son digamos 1700 años ha habido siempre alguien,-0.2851,-0.342,0.496,0.0301,9.948,0.0497,0.296,dwelling,45.9560471,8.9327116,0.0,0.0,2,contextual,0.9,7.36,256.2,60.0,216.3,0.909,0.00122,0.00051,0.0,0.5886,0.5707,0.5382,es,2,contextual,0.9,"Interpretation, historical framing of facts."
597,3014.21,3017.34,6432676257012,6435811257012,"que ha sentido la necesidad de dejar una huella, de construir una cosa.",-0.1618,-0.2221,0.692,0.184,9.961,0.0919,0.074,dwelling,45.9560394,8.932703,0.0,0.0,2,contextual,0.9,3.13,261.5,46.7,197.2,0.98,0.00182,0.00053,0.0,0.5873,0.5856,0.465,es,2,contextual,0.9,Generalization about historical motivation.
598,3018.63,3021.77,6437097257012,6440241257012,de volver a ratificar o establecer su relación con lo sagrado.,0.137,-0.1302,0.766,0.2503,9.985,0.2766,0.148,scanning,45.9560394,8.9327106,0.0,0.781,2,contextual,0.9,3.14,240.0,39.0,155.8,0.859,0.00197,0.00059,0.0,0.5353,0.5627,0.5771,es,2,contextual,0.9,Elaboration on historical motivation.
599,3025.24,3028.03,6443711257012,6446495257012,Esa continuidad es muy rara.,-0.2867,-0.2075,0.47,0.0535,9.912,0.1232,0.0,dwelling,45.9560356,8.9327126,0.0,0.0,2,contextual,0.9,2.79,242.0,45.4,234.9,0.659,0.00145,0.00051,0.0,0.4099,0.4488,0.494,es,2,contextual,0.9,"Generalizing statement, framing significance."
600,3030.05,3033.36,6448521257012,6451832257012,"O sea, yo digo siempre, cuando voy a ver el paleolítico, voy a Choveo, Altamira.",-0.3281,-0.2743,0.428,0.1711,9.921,0.0827,0.0,dwelling,45.9560356,8.9327135,0.0,0.0,2,contextual,0.9,3.31,236.8,28.2,115.0,0.481,0.00092,0.0004,0.0,0.4204,0.4174,0.4103,es,2,contextual,0.9,General background context for comparison.
601,3037.16,3038.7,6455625257012,6457169257012,Pero termina ahí.,-0.1848,-0.2824,0.37,0.0571,9.958,0.2904,0.0,scanning,45.9560356,8.9327135,0.0,0.0,2,contextual,0.9,1.54,230.6,25.7,90.6,0.857,0.00171,0.00055,0.0,0.4448,0.4847,0.5283,es,2,contextual,0.9,"Contextual comparison, framing the previous statement."
602,3038.78,3039.72,6457250257012,6458192257012,No tiene continuidad.,0.1182,-0.2813,0.573,0.1969,9.947,0.5051,0.0,scanning,45.9560356,8.9327135,0.0,0.0,2,contextual,0.9,0.94,103.1,7.2,28.8,0.933,0.00457,0.00194,0.0,0.0739,0.1742,0.3635,es,2,contextual,0.9,"Contextual comparison, elaborating previous statement."
603,3039.74,3044.86,6458212257012,6463326257012,En cambio yo en el monte San Giorgio tengo artefactos neandertales.,-0.395,-0.308,0.454,0.0838,9.971,0.2307,0.0,dwelling,45.9560356,8.9327135,0.0,0.0,1,concrete,1.0,5.12,217.0,34.8,195.9,0.981,0.00127,0.00048,0.0,0.3718,0.4353,0.5,es,1,concrete,1.0,Specific artifact discovery at the site.
604,3045.16,3047.67,6463627257012,6466137257012,"O sea, los neandertales usaron las cuevas.",-0.3776,-0.3071,0.518,0.0182,9.967,0.0609,0.0,dwelling,45.9560356,8.9327135,0.0,0.0,1,concrete,1.0,2.51,191.5,20.4,84.3,0.899,0.00115,0.00033,0.0,0.4367,0.4873,0.6767,es,1,concrete,1.0,Concrete use of the site by inhabitants.
605,3049.15,3055.18,6467623257012,6473655257012,Ellos supieron que esa montaña era sagrada porque ellos encontraban las plantas medicinales ahí.,-0.3734,-0.2865,0.615,0.0314,9.954,0.0433,0.0,dwelling,45.9560356,8.9327135,0.0,0.0,1,concrete,0.9,6.03,193.4,26.1,150.1,0.91,0.00111,0.0003,0.0,0.4332,0.496,0.5809,es,1,concrete,0.9,Explains site significance due to features.
606,3056.46,3057.96,6474927257012,6476431257012,y tenía agua que,0.155,-0.2314,0.557,0.3273,10.008,0.6318,0.0,scanning,45.9560356,8.9327126,0.0,0.0,1,concrete,1.0,1.5,192.4,26.1,71.6,0.872,0.0014,0.0005,0.0,0.3491,0.3817,0.4497,es,1,concrete,1.0,Describes a tangible feature of the site.
607,3060.03,3062.34,6478501257012,6480808257012,tenían la más elevada cantidad de agua durante todo el año.,-0.4845,-0.2442,0.469,0.0251,9.962,0.178,0.0,dwelling,45.9560356,8.9327126,0.0,0.0,1,concrete,1.0,2.31,210.4,27.3,94.0,0.945,0.00213,0.00084,0.0,0.5071,0.5174,0.4826,es,1,concrete,1.0,Details a tangible feature of the site.
608,3064.33,3066.66,6482804257012,6485130257012,Tenían 10 tipos de bosques a causa de la composición mineralógica.,-0.3933,-0.2743,0.562,0.0215,9.962,0.1712,0.0,dwelling,45.9560356,8.9327126,0.0,0.0,1,concrete,1.0,2.33,229.0,56.3,212.4,0.986,0.00145,0.00065,0.0,0.4962,0.5313,0.4018,es,1,concrete,1.0,Concrete features of the site's environment.
609,3066.68,3069.47,6485150257012,6487936257012,Tenían la más elevada cantidad de plantas medicinales.,-0.3152,-0.2756,0.492,0.0421,9.955,0.082,0.0,dwelling,45.9560356,8.9327126,0.0,0.0,1,concrete,1.0,2.79,190.5,30.2,123.4,0.989,0.00127,0.00044,0.0,0.4114,0.4525,0.5818,es,1,concrete,1.0,Concrete feature of the site's vegetation.
610,3072.33,3077.06,6490803257012,6495534257012,"Y a diferencia del generoso de San Salvatore y de otros, ellos en un día, en menos de un día,",-0.3475,-0.2908,0.584,0.0323,9.947,0.1029,0.0,dwelling,45.9560356,8.9327135,0.0,0.0,2,contextual,0.8,4.73,217.1,38.4,199.1,0.878,0.00123,0.00041,0.0,0.4675,0.4962,0.5358,es,2,contextual,0.8,Contextual comparison framing site's advantage.
611,3079.05,3081.96,6497519257012,6500430257012,podían ver y medir el estado de maturación de todo.,-0.3679,-0.2872,0.612,0.043,9.956,0.0656,0.613,walking,45.9560471,8.9327269,0.0,0.0,1,concrete,1.0,2.91,209.6,31.9,171.8,0.846,0.00139,0.00048,0.0,0.4617,0.4739,0.4893,es,1,concrete,1.0,Specific activity enabled by site features.
612,3083.55,3088.18,6502025257012,6506654257012,podían pasar por los diez bosques en un espacio pequeño.,-0.3888,-0.2777,0.595,0.0395,9.961,0.1506,0.074,dwelling,45.9560585,8.9327364,0.0,0.0,1,concrete,1.0,4.63,243.6,54.9,209.7,0.634,0.00118,0.00046,0.0,0.5328,0.5768,0.5617,es,1,concrete,1.0,Concrete explanation of site layout utility.
613,3088.24,3089.93,6506714257012,6508397257012,"Entonces, podían saber, ah, ok, en un mes.",-0.3664,-0.225,0.782,0.0504,9.959,0.1563,0.0,dwelling,45.9560585,8.9327364,0.0,0.0,1,concrete,0.9,1.69,214.7,31.5,154.1,1.0,0.00136,0.00036,0.0,0.4892,0.5013,0.4176,es,1,concrete,0.9,Specific deduction made possible by site.
614,3090.03,3090.73,6508501257012,6509202257012,esa planta va a ser madura.,-0.3703,-0.3015,0.557,0.0103,9.905,0.0703,0.0,dwelling,45.9560585,8.9327364,0.0,0.0,1,concrete,0.9,0.7,359.8,23.0,87.4,0.636,0.0016,0.00015,0.0,0.4198,0.4291,0.3832,es,1,concrete,0.9,Specific deduction made possible by site.
615,3090.93,3094.28,6509403257012,6512748257012,Era como un lugar donde un resumen.,-0.3504,-0.2922,0.808,0.0523,9.96,0.1192,0.0,dwelling,45.9560585,8.9327354,0.0,0.0,1,concrete,0.95,3.35,238.6,34.3,126.1,0.79,0.00164,0.00056,0.0,0.5137,0.4759,0.6184,es,1,concrete,0.95,Describes a specific place and its features.
616,3096.34,3102.69,6514812257012,6521157257012,"de todo el bioma de toda la región, más un punto del cual tú veías todo el arco alfino.",-0.2965,-0.1988,0.726,0.0591,9.956,0.3276,0.0,scanning,45.9560585,8.9327345,0.0,0.0,1,concrete,0.95,6.35,226.4,39.3,214.0,0.839,0.00153,0.00052,0.0,0.5339,0.5375,0.5908,es,1,concrete,0.95,Describes a specific place and its features.
617,3102.75,3103.99,6521217257012,6522458257012,"Por ende, tú podías medir perfectamente.",-0.3954,-0.2649,0.775,0.0441,9.979,0.3336,0.074,scanning,45.9560585,8.9327354,0.0,0.0,1,concrete,0.9,1.24,202.0,19.0,107.0,1.0,0.00116,0.00032,0.0,0.6258,0.5739,0.651,es,1,concrete,0.9,Explains a capability derived from the place.
618,3104.09,3106.22,6522558257012,6524694257012,la estacionalidad,-0.3624,-0.2917,0.688,0.035,9.957,0.1039,0.074,dwelling,45.9560585,8.9327345,0.0,0.0,1,concrete,0.9,2.13,191.3,41.3,222.2,0.731,0.00076,0.00033,0.0,0.3891,0.4536,0.3139,es,1,concrete,0.9,Explains a capability derived from the place.
619,3108.54,3111.53,6527008257012,6530003257012,"Si tú puedes medir dónde sube y dónde baja el sol,",-0.3067,-0.3023,0.666,0.0258,9.951,0.0669,0.222,dwelling,45.9560776,8.9327192,0.0,0.0,1,concrete,0.95,2.99,246.1,55.2,221.9,0.904,0.00126,0.00028,0.0,0.4718,0.5129,0.5213,es,1,concrete,0.95,Explains how to observe sun's movement for seasonality.
620,3113.84,3119.93,6532315257012,6538397257012,"en un horizonte que no es lineal, que tenga un poco de, como un horizonte",-0.36,-0.2788,0.553,0.0165,9.944,0.034,0.147,dwelling,45.9560776,8.9327326,0.0,0.0,1,concrete,0.95,6.09,198.2,21.3,101.8,0.681,0.0011,0.00031,0.0,0.3253,0.3983,0.4524,es,1,concrete,0.95,Details how to observe sun's movement.
621,3120.03,3121.03,6538501257012,6539505257012,¿Tú vas a notar que el lunes sube aquí?,-0.3649,-0.2781,0.53,0.0085,9.941,0.0548,0.432,dwelling,45.9560814,8.9327326,0.0,0.0,1,concrete,0.95,1.0,191.9,7.1,26.3,0.812,0.00116,0.00017,0.0,0.3469,0.4088,0.6088,es,1,concrete,0.95,Illustrates sun's daily position change.
622,3126.28,3127.22,6544745257012,6545693257012,Llega un punto y después vuelve atrás.,-0.3293,-0.278,0.624,0.0197,9.905,0.3369,0.449,scanning,45.9560852,8.9327526,0.0,1.0,1,concrete,0.95,0.94,,,,0.0,0.0011,0.00033,0.0,0.3996,0.3389,0.3671,es,1,concrete,0.95,Describes sun's movement pattern.
623,3130.12,3130.58,6548592257012,6549054257012,Y después vuelve atrás.,-0.2692,-0.2825,0.474,0.0024,9.931,0.0325,0.431,dwelling,45.9560928,8.9327621,0.0,0.0,1,concrete,0.95,0.46,211.2,5.0,17.3,1.0,0.00066,0.00015,0.0,0.2738,0.3091,0.3187,es,1,concrete,0.95,Describes sun's movement pattern.
624,3130.6,3136.22,6549074257012,6554693257012,"Y como que no sube nunca exactamente al mismo día en el mismo punto, ¿no?",-0.2517,-0.2801,0.47,0.0837,9.931,0.0607,0.073,dwelling,45.9560966,8.9327641,0.0,0.929,1,concrete,0.95,5.62,239.9,69.1,227.7,0.795,0.00109,0.00038,0.0,0.4622,0.4914,0.4783,es,1,concrete,0.95,Describes sun's movement pattern variation.
625,3136.8,3137.21,6555275257012,6555676257012,es un reloj natural,0.2018,-0.2133,0.804,0.0125,10.027,0.6086,0.0,scanning,45.9560966,8.932766,0.0,1.0,1,concrete,0.95,0.41,106.8,6.4,17.3,0.462,0.00309,0.00222,0.077,0.0967,0.2006,0.2711,es,1,concrete,0.95,Defines the observation system as a tool.
626,3144.8,3145.89,6563273257012,6564358257012,Va a haber más calor.,-0.2659,-0.2809,0.479,0.0323,9.964,0.4878,0.424,scanning,45.9561119,8.9327631,0.0,0.0,1,concrete,0.95,1.09,65.0,0.0,0.0,0.6,0.00095,0.00041,0.0,0.527,0.4761,0.4194,es,1,concrete,0.95,Explains a direct consequence of seasons.
627,3145.91,3148.78,6564378257012,6567251257012,Esas son las estaciones.,-0.2386,-0.2669,0.467,0.0221,9.953,0.1425,0.48,dwelling,45.9561081,8.9327621,0.0,0.0,1,concrete,0.95,2.87,248.2,62.6,221.3,0.911,0.00142,0.00049,0.0,0.3766,0.412,0.4186,es,1,concrete,0.95,Defines what seasons are.
628,3150.03,3150.73,6568501257012,6569204257012,La estacionalidad es súper crítica.,-0.1637,-0.2972,0.549,0.0055,9.931,0.036,0.431,dwelling,45.9561005,8.9327536,0.0,0.143,2,contextual,0.9,0.7,202.7,22.7,107.4,1.0,0.00153,0.00014,0.0,0.4913,0.4961,0.5087,es,2,contextual,0.9,General statement about seasonality's importance (framing).
629,3150.75,3152.48,6569224257012,6570951257012,"Si tú no sabes hacer eso, no sobrevives.",-0.2387,-0.2911,0.464,0.0367,9.927,0.0813,0.431,dwelling,45.9560966,8.9327536,0.0,0.0,2,contextual,0.9,1.73,,,,0.0,0.001,0.00029,0.0,0.3961,0.4423,0.4816,es,2,contextual,0.9,Generalization about survival related to seasonality.
630,3156.11,3163.42,6574576257012,6581893257012,"Entonces, la primera cosa que ellos buscan es un lugar donde entender una idea del tiempo, porque el tiempo acá se expresa a través de...",-0.2477,-0.2386,0.463,0.0218,9.926,0.063,0.0,dwelling,45.9560776,8.9327478,0.329,0.014,2,contextual,1.0,7.31,232.9,46.7,240.9,0.939,0.00114,0.00037,0.004,0.6,0.6056,0.5058,es,2,contextual,1.0,General observation about cultural understanding of time.
631,3164.12,3167.55,6582595257012,6586024257012,mucha variedad en la naturaleza y de eso depende su supervivencia.,-0.0265,-0.1275,0.866,0.1546,9.914,0.1226,0.449,dwelling,45.9560699,8.9327459,0.0,0.0,2,contextual,1.0,3.43,211.6,38.3,223.5,0.806,0.00111,0.00035,0.0,0.419,0.4663,0.5264,es,2,contextual,1.0,Explains dependency on nature for survival.
632,3172.53,3173.77,6590995257012,6592239257012,"Mira, ven eso.",0.0944,-0.084,0.996,0.0728,9.974,0.1209,0.074,dwelling,45.9560509,8.9327507,0.0,0.0,3,aside,1.0,1.24,235.0,36.2,106.5,0.564,0.00144,0.00043,0.0,0.4276,0.4301,0.5801,es,3,aside,1.0,Direct instruction to observe an object.
633,3173.79,3178.12,6592259257012,6596592257012,La iglesia se levanta sobre eso.,0.0128,-0.0936,1.109,0.1327,9.952,0.0367,0.074,dwelling,45.9560509,8.9327517,0.0,0.0,1,concrete,1.0,4.33,233.4,85.6,261.7,0.603,0.00203,0.00308,0.882,0.3832,0.4396,0.5292,es,1,concrete,1.0,Describes physical location of a structure.
634,3178.18,3179.97,6596652257012,6598437257012,Pero miren dónde está el piso de la iglesia.,0.0548,0.0923,0.778,0.0427,10.0,0.2806,0.074,scanning,45.9560509,8.9327526,0.0,0.0,3,aside,1.0,1.79,290.3,31.6,102.5,0.268,0.00125,0.00026,0.0,0.4062,0.4356,0.5002,es,3,aside,1.0,Direct instruction to observe a specific feature.
635,3180.03,3180.17,6598501257012,6598642257012,¿Ven?,0.1719,-0.0766,0.533,0.1433,10.063,0.1042,0.479,dwelling,45.9560547,8.9327478,0.0,0.0,3,aside,1.0,0.14,65.0,0.0,0.0,1.0,0.0012,0.00015,0.0,,,,es,3,aside,1.0,Procedural question confirming audience observation.
636,3180.19,3180.73,6598662257012,6599204257012,Ven las ventanas.,0.2811,-0.164,0.57,0.0324,10.019,0.4574,0.479,scanning,45.9560547,8.9327478,0.0,0.0,3,aside,1.0,0.54,65.4,0.9,2.7,0.412,0.00153,0.00014,0.0,0.3035,0.3004,0.3325,es,3,aside,1.0,Direct instruction to observe specific features.
637,3180.75,3183.72,6599224257012,6602194257012,"Entonces, todo eso es un basamento.",0.1501,-0.1339,0.666,0.182,10.032,0.2047,0.479,dwelling,45.9560623,8.9327555,0.0,0.0,1,concrete,1.0,2.97,189.3,73.3,282.1,0.602,0.00262,0.00293,0.118,0.344,0.3913,0.5976,es,1,concrete,1.0,Identifies a specific structural component.
638,3187.65,3192.36,6606124257012,6610835257012,Ninguna persona del mundo necesita hacer un basamento de esa altura para hacer un edificio.,-0.3931,-0.3615,0.563,0.0771,9.955,0.0313,0.222,dwelling,45.9560585,8.9327383,0.0,0.0,2,contextual,1.0,4.71,250.2,77.3,239.5,0.703,0.00134,0.00078,0.0,0.5857,0.5783,0.6734,es,2,contextual,1.0,"General observation about architectural necessity, framing significance."
639,3192.39,3195.43,6610855257012,6613903257012,"O sea, ellos hubieran tranquilamente podido haber construido acá.",-0.1662,-0.1914,0.651,0.2671,9.96,0.0656,0.074,dwelling,45.9560585,8.9327374,0.0,0.0,2,contextual,1.0,3.04,177.0,62.8,213.7,0.646,0.00132,0.00015,0.0,0.4526,0.4982,0.4251,es,2,contextual,1.0,"Suggests alternative construction, continuing explanatory argument."
640,3195.57,3201.95,6614043257012,6620417257012,"Si no lo han hecho, es porque en esa roca y adentro de esa cosa que ellos están encapsulando debe haber algo más.",0.0275,-0.206,0.743,0.2814,9.961,0.0682,0.074,dwelling,45.9560585,8.932745,0.0,0.254,2,contextual,1.0,6.38,216.8,51.8,238.5,0.66,0.00111,0.00037,0.0,0.5237,0.5369,0.5352,es,2,contextual,1.0,"Hypothesis explaining unusual construction, providing interpretation."
641,3204.53,3209.97,6623003257012,6628437257012,"Ha habido algo que quizá era un altar o una zona ya llanada, ya utilizada.",-0.1056,-0.2286,0.655,0.3116,9.951,0.1505,0.0,dwelling,45.9560585,8.9327497,0.0,0.0,2,contextual,1.0,5.44,236.3,44.2,206.8,0.988,0.00166,0.00061,0.0,0.6203,0.6271,0.5014,es,2,contextual,1.0,Hypothesizes possible prior uses or objects.
642,3210.03,3210.71,6628501257012,6629183257012,Porque no hay ninguna necesidad.,0.1577,0.0125,1.236,0.0944,9.905,0.6659,0.0,scanning,45.9560585,8.9327497,0.0,0.0,2,contextual,1.0,0.68,256.0,44.7,98.1,0.545,0.0015,0.00033,0.0,0.3997,0.3913,0.5353,es,2,contextual,1.0,Reiteration of argument for lack of necessity.
643,3214.06,3217.41,6632534257012,6635878257012,de construir ahí arriba para sostener un edificio de esa altura.,0.1779,-0.1131,0.745,0.2199,9.973,0.2045,0.368,dwelling,45.9560623,8.9327402,0.0,0.0,2,contextual,1.0,3.35,242.1,53.5,221.3,0.943,0.0013,0.0003,0.0,0.586,0.5863,0.5971,es,2,contextual,1.0,Completes elaboration on the lack of practical necessity.
644,3219.09,3220.68,6637563257012,6639145257012,"Podría estar tranquilamente en el piso, pero ellos no.",-0.3706,-0.3727,0.552,0.0152,9.949,0.0417,0.432,dwelling,45.9560699,8.9327421,0.0,0.0,2,contextual,1.0,1.59,254.0,35.6,118.0,0.88,0.00145,0.00065,0.0,0.5104,0.487,0.5186,es,2,contextual,1.0,"Emphasizes unusual construction choice, concludes argument."
645,3223.84,3227.91,6642308257012,6646379257012,"Ellos ponen eso, o sea, no puede ser vacío ahí.",-0.2942,-0.3174,0.689,0.1541,9.954,0.0381,0.424,dwelling,45.9560852,8.9327621,0.0,0.0,1,concrete,0.9,4.07,239.1,66.6,235.9,0.672,0.00132,0.00041,0.0,0.5607,0.5484,0.4967,es,1,concrete,0.9,Direct observation of a physical feature.
646,3229.15,3233.64,6647620257012,6652111257012,Lo que ellos han hecho es seguramente encapsular algo que no sabemos por qué.,-0.0988,-0.3012,0.667,0.2736,9.95,0.0431,0.147,dwelling,45.9560966,8.9327688,0.0,0.289,1,concrete,0.9,4.49,246.4,55.1,202.4,0.752,0.00098,0.00065,0.149,0.4523,0.4872,0.4722,es,1,concrete,0.9,Describes a physical action/structure in the space.
647,3233.84,3238.71,6652312257012,6657176257012,No hay un proyecto arqueológico acá.,0.0868,-0.2387,0.664,0.351,9.95,0.094,0.562,walking,45.9561005,8.9327602,0.0,0.0,2,contextual,0.9,4.87,237.6,63.9,209.1,0.529,0.00178,0.00094,0.039,0.5104,0.5358,0.478,es,2,contextual,0.9,"Explains lack of knowledge, site investigation context."
648,3238.73,3239.97,6657196257012,6658437257012,Pero lo que sí sabemos es eso.,0.1433,-0.1165,0.772,0.0924,9.953,0.0782,0.73,walking,45.9561157,8.9327364,0.0,0.0,3,aside,0.8,1.24,65.0,0.1,0.4,0.205,0.00142,0.00078,0.0,0.5925,0.5764,0.4583,es,3,aside,0.8,"Procedural discourse marker, transitions to new info."
649,3240.03,3242.78,6658501257012,6661250257012,delata clarísimamente que hay alguna cosa acá adentro.,0.1361,-0.0079,0.944,0.0914,9.954,0.1657,0.431,dwelling,45.9561195,8.9327288,0.0,0.0,1,concrete,0.9,2.75,218.0,24.8,100.6,0.616,0.00234,0.00114,0.0,0.656,0.6351,0.7496,es,1,concrete,0.9,Direct inference about hidden physical feature.
650,3246.95,3251.09,6665420257012,6669565257012,que justifica la altura exagerada de la Iglesia.,0.1403,-0.1236,0.89,0.2305,9.997,0.1736,0.295,dwelling,45.9561005,8.9327364,0.119,0.024,1,concrete,0.9,4.14,223.0,39.1,221.2,0.8,0.0018,0.00058,0.0,0.5027,0.5315,0.4492,es,1,concrete,0.9,Explains a characteristic of a tangible object.
651,3251.11,3251.82,6669585257012,6670286257012,¿Lo ven?,0.3314,0.1285,0.62,0.0326,10.001,0.1263,0.147,dwelling,45.9561005,8.9327421,0.0,1.0,3,aside,0.9,0.71,,,,0.0,0.00098,0.00017,0.0,0.3234,0.3725,0.3491,es,3,aside,0.9,"Direct audience engagement, procedural question."
652,3251.92,3252.72,6670386257012,6671187257012,Es clarísimo.,0.1113,0.1268,0.622,0.0217,10.068,0.1748,0.295,dwelling,45.9560966,8.9327431,0.0,0.0,3,aside,0.9,0.8,65.3,1.3,6.3,0.846,0.00078,0.00033,0.0,0.3524,0.341,0.3574,es,3,aside,0.9,"Subjective assessment, emphasizes previous point."
653,3256.43,3256.89,6674903257012,6675364257012,Una hipótesis a probar.,0.1778,-0.2863,0.718,0.0298,9.959,0.1694,0.45,dwelling,45.9560928,8.9327374,0.0,0.0,3,aside,0.9,0.46,118.5,10.1,27.1,0.4,0.00285,0.00231,0.0,0.3224,0.3594,0.4993,es,3,aside,0.9,"Metalinguistic comment, frames information as hypothesis."
654,3259.44,3261.86,6677910257012,6680332257012,"Eso, por ejemplo, y la orientación.",-0.2867,-0.2404,0.553,0.2094,9.956,0.2737,0.447,scanning,45.9560814,8.932724,0.0,0.0,1,concrete,0.9,2.42,67.2,5.5,22.3,0.197,0.00172,0.00051,0.0,0.358,0.3854,0.4686,es,1,concrete,0.9,Introduces new concrete feature (orientation).
655,3261.88,3266.2,6680352257012,6684675257012,La orientación ya nos dice que el Monte San Giorgio es el protagonista.,-0.2206,-0.2514,0.665,0.1509,9.971,0.1831,0.448,dwelling,45.9560699,8.9327145,0.767,0.0,1,concrete,0.9,4.32,240.9,56.8,236.5,0.853,0.00146,0.00067,0.0,0.5163,0.5274,0.641,es,1,concrete,0.9,Explains significance of a concrete feature.
656,3266.3,3269.97,6684775257012,6688437257012,Y que aquí sube la iglesia en un lugar donde quizás hubo algo.,-0.0685,-0.2208,0.724,0.2032,9.965,0.0472,0.0,dwelling,45.9560661,8.9327135,0.865,0.0,2,contextual,0.9,3.67,248.6,32.0,144.2,0.974,0.00149,0.00039,0.0,0.6435,0.6003,0.6201,es,2,contextual,0.9,Historical speculation about the site's past.
657,3270.03,3276.66,6688501257012,6695126257012,entonces los cristianos vienen y dicen mira ese templete que no lo están usando que todo caído ya nosotros hacemos la iglesia,-0.1384,-0.3933,0.538,0.2023,9.964,0.0806,0.849,walking,45.9560471,8.9327154,0.0,0.061,2,contextual,0.9,6.63,242.6,55.3,243.0,0.928,0.00192,0.00119,0.106,0.6548,0.6105,0.6044,es,2,contextual,0.9,Historical narrative explaining site development.
658,3278.65,3279.14,6697124257012,6697606257012,Cuesta Santa Marta.,0.1174,0.0333,0.657,0.0236,9.995,0.2093,0.979,walking,45.9560471,8.9327431,0.0,0.0,1,concrete,0.9,0.49,174.4,15.4,55.7,1.0,0.00108,0.00019,0.0,0.4222,0.4689,0.5737,es,1,concrete,0.9,Names a specific physical location.
659,3282.59,3286.0,6701056257012,6704469257012,cuyo interior quedará en la próxima grabación.,-0.2778,-0.2399,0.685,0.2643,9.967,0.2098,0.22,dwelling,45.9560585,8.9327803,0.0,0.0,3,aside,0.9,3.41,240.1,65.2,208.0,0.766,0.00103,0.00053,0.0,0.5583,0.5511,0.6239,es,3,aside,0.9,Procedural statement about future recording content.
660,3294.52,3294.58,6712987257012,6713050257012,Sí.,0.1449,-0.1326,0.605,0.0,8.93,0.3548,0.147,scanning,45.9560547,8.9327784,0.0,0.0,3,aside,1.0,0.06,,,,,,,,,,,es,3,aside,1.0,"Simple affirmation, filler."
661,3308.42,3309.38,6726888257012,6727849257012,è una follia pensare di sopraelevare inutilmente,0.1771,-0.182,0.543,0.3016,10.223,1.1121,1.397,walking,45.9560051,8.9328642,0.0,0.0,2,contextual,0.9,0.96,294.1,23.6,81.7,1.0,0.00161,0.00049,0.0,0.6358,0.5458,0.4082,it,2,contextual,0.9,"General opinion, contextual commentary."
662,3317.16,3317.9,6735629257012,6736372257012,"È molto lavoro, è moltissima energia.",-0.1955,-0.4253,0.486,0.095,9.739,0.8371,0.9,walking,45.9559441,8.9328814,0.0,0.0,2,contextual,0.9,0.74,132.6,8.3,40.6,1.0,0.01135,0.00535,0.042,0.3945,0.3806,0.4738,it,2,contextual,0.9,General statement about effort.
663,3324.35,3324.41,6742818257012,6742878257012,Sì.,-0.0894,-0.2693,0.78,0.0,11.764,0.4434,0.441,scanning,45.9559174,8.9329252,0.0,0.0,3,aside,1.0,0.06,,,,,,,,,,,it,3,aside,1.0,"Simple affirmation, filler."
664,3332.12,3336.73,6750588257012,6755197257012,"Es muy, muy extraño que llegue tan lejos una cosa, una...",-0.1156,-0.491,0.557,0.18,9.852,0.3928,0.99,walking,45.9558716,8.9329691,0.0,0.0,2,contextual,0.9,4.61,318.9,47.0,154.3,0.31,0.00243,0.0011,0.014,0.6746,0.6246,0.8444,es,2,contextual,0.9,"General observation, framing a thought."
665,3339.01,3345.49,6757482257012,6763963257012,"Una historia como la historia tan poderosa de los cristianos llega tan rápidamente, tan lejos.",-0.1826,-0.4325,0.622,0.1296,9.887,0.3728,0.861,walking,45.9558182,8.9329824,0.0,0.0,2,contextual,0.9,6.48,286.3,54.0,177.8,0.384,0.00186,0.00078,0.0,0.595,0.5657,0.6583,es,2,contextual,0.9,"Historical context, generalization about Christianity."
666,3348.9,3352.75,6767367257012,6771218257012,"Y acá había otra cosa, había los romanos que estaban encima de los celtas.",-0.0617,-0.2091,0.777,0.1487,9.89,0.3538,0.295,scanning,45.9557877,8.9329853,0.0,0.0,2,contextual,1.0,3.85,301.7,43.8,170.3,0.628,0.00239,0.00087,0.0,0.6825,0.652,0.6303,es,2,contextual,1.0,Specific historical layers for this place.
667,3352.77,3356.88,6771238257012,6775349257012,"Yo no sé decirte si aquí abajo era celta o era romano,",-0.0282,-0.287,0.861,0.1256,9.919,0.3804,0.476,scanning,45.9557877,8.9329834,0.0,0.0,2,contextual,1.0,4.11,67.2,5.2,26.9,0.519,0.00255,0.00134,0.0,0.4974,0.4947,0.6675,es,2,contextual,1.0,Expert knowledge about specific historical layers.
668,3356.88,3357.26,6775349257012,6775732257012,una cosa que estoy,0.0676,-0.4249,0.685,0.047,9.719,0.4753,0.479,scanning,45.9557762,8.9329805,0.0,0.0,3,aside,1.0,0.38,,,,0.0,0.00128,0.00012,0.0,,,,es,3,aside,1.0,"Incomplete thought, filler."
669,3360.05,3367.91,6778521257012,6786380257012,"es que los cristianos están como integrando una historia, o sea, lo encapsulan, como que lo digieren",-0.2621,-0.2555,0.53,0.2772,9.954,0.632,0.295,scanning,45.955761,8.9329538,0.0,0.203,2,contextual,0.9,7.86,253.5,52.2,212.8,0.61,0.00257,0.00113,0.004,0.5958,0.587,0.6288,es,2,contextual,0.9,Generalization about Christian historical interpretation.
670,3368.03,3369.66,6786500257012,6788126257012,y cuentan otra cosa eso a mi me gusta porque,0.0093,-0.5223,0.567,0.1257,9.832,0.4481,0.074,scanning,45.9557648,8.9329576,0.0,0.0,3,aside,1.0,1.63,68.9,6.6,19.3,0.333,0.00157,0.00045,0.0,0.3208,0.3016,0.3558,es,3,aside,1.0,"Personal opinion, framing."
671,3374.98,3377.48,6793451257012,6795950257012,"No están negando algo, lo están asumiendo.",-0.1247,-0.3732,0.503,0.3392,9.998,0.7165,0.0,scanning,45.9557686,8.9329576,0.0,0.0,2,contextual,0.9,2.5,291.0,53.1,164.5,0.43,0.00353,0.00181,0.0,0.6219,0.631,0.6177,es,2,contextual,0.9,Generalization about Christian historical approach.
672,3378.76,3383.47,6797235257012,6801945257012,El cristianismo es muy sincrético y es un falso monoteísmo en realidad.,-0.4293,-0.1307,0.712,0.2286,10.015,0.9882,0.0,scanning,45.9557686,8.9329586,0.0,0.0,2,contextual,1.0,4.71,133.8,37.6,208.3,0.912,0.00829,0.00451,0.047,0.4056,0.4406,0.5738,es,2,contextual,1.0,General interpretation of Christianity's nature.
673,3383.55,3388.1,6802025257012,6806574257012,"Y otra cosa, el hecho de que los muertos estén adelante es muy serio.",-0.0516,-0.2861,0.835,0.2641,9.981,1.1958,0.443,scanning,45.9557686,8.932972,0.0,0.0,1,concrete,0.9,4.55,296.8,61.0,191.3,0.42,0.00289,0.00193,0.014,0.6344,0.5942,0.3929,es,1,concrete,0.9,Observation of physical arrangement in space.
674,3390.03,3391.42,6808501257012,6809887257012,Es muy probable que eso era celda.,0.2481,-0.3173,0.976,0.0791,10.014,0.6456,0.563,walking,45.9557648,8.9329882,0.0,0.0,1,concrete,0.9,1.39,319.6,47.1,145.8,0.705,0.00149,0.0004,0.0,0.6317,0.528,0.4228,es,1,concrete,0.9,Interpretation of specific feature's origin.
675,3391.44,3392.78,6809907257012,6811252257012,"Y él dice, bueno, ya.",-0.04,-0.3114,1.094,0.1923,9.978,0.146,0.441,dwelling,45.955761,8.9329958,0.0,0.0,3,aside,0.9,1.34,203.3,21.0,110.8,0.929,0.00147,0.0003,0.0,0.6876,0.6261,0.6258,es,3,aside,0.9,"Filler, conversational transition."
676,3394.89,3399.95,6813361257012,6818417257012,"Vamos a ver, los muertitos estaban acá, ahora solo que lo explicamos con esa narrativa, o sea...",-0.1512,-0.3345,1.288,0.2327,10.001,0.4667,0.148,scanning,45.9557571,8.9330139,0.0,0.0,2,contextual,0.85,5.06,278.0,108.7,326.8,0.566,0.00129,0.00074,0.05,0.5503,0.5005,0.5905,es,2,contextual,0.85,Frames explanation with narrative context.
677,3400.73,3406.21,6819200257012,6824679257012,"Ahora que ha llegado la historia de los cristianos, que nos explican otra forma de convivir.",-0.2927,-0.3012,1.218,0.3502,10.05,0.7825,0.074,scanning,45.9557533,8.9330215,0.036,0.0,2,contextual,0.9,5.48,272.4,46.1,181.1,0.517,0.00195,0.00064,0.0,0.5712,0.5552,0.6479,es,2,contextual,0.9,Historical and contextual background.
678,3406.77,3408.19,6825241257012,6826664257012,"O sea, no debemos de desintegrarlo, no es necesario.",-0.4488,-0.2016,0.654,0.0327,9.993,0.1502,0.0,dwelling,45.9557533,8.9330225,0.429,0.0,2,contextual,0.85,1.42,285.7,38.5,112.8,0.178,0.00233,0.00085,0.0,0.5663,0.5193,0.2604,es,2,contextual,0.85,General statement/opinion on interpretation.
679,3411.48,3418.28,6829952257012,6836751257012,"O sea, como que aglutinamos y lo hacemos, lo convertimos a una historia que es la vigente.",-0.2543,-0.213,1.106,0.3078,9.996,0.3972,0.562,walking,45.955761,8.9330444,0.029,0.0,2,contextual,0.9,6.8,284.0,34.3,165.8,0.535,0.00215,0.00085,0.0,0.4824,0.4764,0.6026,es,2,contextual,0.9,Explains general process of narrative adaptation.
680,3419.44,3419.49,6837914257012,6837965257012,Gracias.,0.1066,-0.3194,1.436,0.0,10.215,0.1481,0.147,dwelling,45.9557648,8.933053,0.0,0.0,3,aside,1.0,0.05,,,,,,,,,,,es,3,aside,1.0,"Conversational interjection, aside."
681,3420.03,3420.91,6838501257012,6839385257012,"Porque si no, no tiene explicación.",-0.0118,-0.3624,1.273,0.2233,10.059,1.3311,0.148,scanning,45.9557648,8.933054,0.0,0.0,2,contextual,0.9,0.88,304.0,28.2,119.5,0.929,0.0025,0.00035,0.0,0.5311,0.5057,0.4006,es,2,contextual,0.9,Justifies the need for the narrative.
682,3424.03,3429.13,6842500257012,6847604257012,La única explicación que yo he encontrado es la disposición de los muertos.,-0.2676,-0.2256,1.309,0.271,9.999,0.8287,0.221,scanning,45.9557648,8.9330683,0.0,0.0,1,concrete,0.95,5.1,284.2,46.8,191.4,0.8,0.00152,0.00053,0.0,0.5937,0.5735,0.4849,es,1,concrete,0.95,"States the core, specific finding/explanation."
683,3429.19,3429.79,6847664257012,6848264257012,en los templos celtas.,-0.3491,-0.2162,0.929,0.2873,9.996,1.0319,0.431,scanning,45.955761,8.9330807,0.0,0.0,1,concrete,0.95,0.6,253.6,4.5,17.5,0.632,0.00198,0.00081,0.0,0.2904,0.2595,0.3061,es,1,concrete,0.95,Specifies concrete location for core fact.
684,3429.86,3430.41,6848325257012,6848885257012,Es muy típico.,-0.6519,-0.1692,0.392,0.0438,9.975,0.4117,0.442,scanning,45.9557648,8.9330816,0.0,0.0,2,contextual,0.9,0.55,248.8,17.2,60.7,1.0,0.00202,0.0005,0.0,0.4688,0.4727,0.3668,es,2,contextual,0.9,Generalization about typicality.
685,3430.43,3432.02,6848905257012,6850486257012,Los muertos están como así.,-0.4475,-0.1967,1.031,0.2001,9.939,0.1099,0.431,dwelling,45.9557648,8.9330816,0.0,0.0,1,concrete,0.95,1.59,262.8,36.5,124.0,1.0,0.00171,0.00096,0.04,0.5297,0.5139,0.4284,es,1,concrete,0.95,Concrete description of arrangement.
686,3432.04,3435.4,6850506257012,6853869257012,Son como los guerreros que están ahí.,-0.3922,-0.1831,0.627,0.2233,9.956,0.0492,0.074,dwelling,45.955761,8.9330826,0.0,0.0,2,contextual,0.8,3.36,274.2,38.1,168.9,0.802,0.00125,0.00051,0.0,0.6182,0.6062,0.6155,es,2,contextual,0.8,Analogical interpretation of their role.
687,3435.54,3436.62,6854009257012,6855092257012,"delante del templo, defendiendo.",0.1688,-0.2952,1.673,0.1829,9.966,0.7524,0.074,scanning,45.9557571,8.9330816,0.0,0.0,1,concrete,0.95,1.08,296.2,52.4,165.8,0.765,0.00238,0.00057,0.0,0.597,0.5972,0.6338,es,1,concrete,0.95,Concrete description of location and action.
688,3436.64,3437.82,6855112257012,6856295257012,Y esos son los antepasados.,0.1283,-0.3066,1.533,0.1431,9.947,0.2419,0.074,dwelling,45.9557533,8.9330807,0.0,0.0,1,concrete,0.95,1.18,212.7,19.6,84.9,1.0,0.00221,0.00034,0.0,0.5524,0.5641,0.5289,es,1,concrete,0.95,Direct identification of the entities.
689,3440.65,3444.38,6859122257012,6862851257012,que están delante del tiempo defendiendo.,-0.1771,-0.2168,1.408,0.1853,9.933,0.2347,0.0,dwelling,45.9557533,8.9330845,0.0,0.0,1,concrete,0.95,3.73,276.0,63.0,205.4,0.812,0.00218,0.00089,0.0,0.5939,0.568,0.6585,es,1,concrete,0.95,Repeats concrete details of location/action.
690,3444.4,3447.65,6862871257012,6866119257012,Identica situación tenemos en el monte San Giorgio con,0.0587,-0.4856,0.441,0.1014,9.79,0.6838,0.221,scanning,45.9557533,8.9330902,0.0,0.0,1,concrete,0.95,3.25,279.9,38.1,146.0,0.824,0.00173,0.00054,0.0,0.5208,0.5486,0.5676,es,1,concrete,0.95,Names specific location/object in space.
691,3447.85,3448.49,6866320257012,6866965257012,San Silvestro.,-0.0842,-0.3723,0.42,0.0342,9.795,0.207,0.295,dwelling,45.9557571,8.9330988,0.0,0.0,1,concrete,0.95,0.64,212.4,25.0,92.5,0.905,0.00132,0.00054,0.0,0.4672,0.5093,0.6609,es,1,concrete,0.95,Names specific location/object in space.
692,3450.07,3450.66,6868541257012,6869125257012,otra iglesia fantástica.,-0.2109,-0.111,0.869,0.0361,9.856,0.2619,0.727,walking,45.955761,8.9331064,0.0,0.0,1,concrete,0.9,0.59,226.7,18.2,52.7,1.0,0.00297,0.00058,0.0,0.5423,0.5583,0.4112,es,1,concrete,0.9,Describes specific object mentioned previously.
693,3453.15,3454.29,6871623257012,6872764257012,Y eso me hace ver un proceso de integración.,-0.1903,-0.3526,1.367,0.2252,10.034,0.8475,0.736,walking,45.955761,8.9331341,0.0,0.0,2,contextual,0.9,1.14,303.2,51.1,159.3,0.694,0.0017,0.00048,0.0,0.4206,0.3734,0.4723,es,2,contextual,0.9,"Generalization, interpretation based on observation."
694,3461.74,3466.24,6880215257012,6884705257012,"ultra atento, respetuoso y sensible, que se va dando, que se da progresivamente.",-0.1244,-0.479,0.476,0.1353,9.834,0.3749,0.884,walking,45.9557495,8.9332371,0.0,0.0,2,contextual,0.9,4.5,301.2,56.2,215.3,0.723,0.00141,0.00061,0.0,0.5457,0.5476,0.6057,es,2,contextual,0.9,Elaborates on the generalization or process.
695,3472.76,3473.84,6891232257012,6892314257012,La cristianización de esta región debe...,-0.1923,-0.5672,0.383,0.1051,10.183,0.418,0.81,walking,45.9557419,8.9333401,0.0,0.0,2,contextual,0.95,1.08,249.4,50.0,182.1,0.559,0.00185,0.00029,0.0,0.4438,0.4543,0.5761,es,2,contextual,0.95,Provides historical background for the region.
696,3480.05,3480.89,6898521257012,6899363257012,a la escasez de los romanos.,0.3558,-0.2848,0.574,0.0288,10.127,0.4142,0.982,walking,45.9557381,8.9334164,0.0,0.111,2,contextual,0.95,0.84,293.3,44.0,133.2,0.63,0.00178,0.00076,0.0,0.545,0.5252,0.3466,es,2,contextual,0.95,Provides historical background/context.
697,3480.93,3483.76,6899403257012,6902231257012,Aquí hay más celtas que romanos.,-0.4423,-0.2065,2.013,0.1685,9.973,0.718,0.912,walking,45.9557457,8.9334373,0.0,0.069,2,contextual,0.95,2.83,225.4,7.1,27.2,0.135,0.00193,0.0006,0.0,0.5221,0.5651,0.5593,es,2,contextual,0.95,Provides historical background/context.
698,3487.36,3489.42,6905825257012,6907890257012,Y los celtas no combaten esa historia como los romanos.,-0.2078,-0.2844,1.392,0.2816,10.021,0.9041,0.851,walking,45.9557648,8.9334955,0.0,0.0,2,contextual,0.95,2.06,256.6,22.8,71.9,0.292,0.00336,0.00138,0.0,0.4356,0.4255,0.3398,es,2,contextual,0.95,Explains historical context and contrasting approaches.
699,3496.0,3497.67,6914468257012,6916136257012,Los romanos tienen un problema político.,-0.3197,-0.5027,0.546,0.2405,10.029,0.8239,0.925,walking,45.9558182,8.9335442,0.0,1.0,2,contextual,0.95,1.67,293.1,40.1,139.9,0.396,0.00173,0.0005,0.0,0.6468,0.6141,0.7347,es,2,contextual,0.95,Explains historical context and reasons.
700,3499.03,3499.87,6917502257012,6918343257012,"No, no pueden, no pueden.",-0.0694,-0.6008,0.221,0.0421,9.721,0.3843,0.925,walking,45.9558334,8.9335556,0.0,1.0,2,contextual,0.9,0.84,293.5,22.5,80.4,0.37,0.00537,0.00259,0.037,0.7176,0.6049,0.6941,es,2,contextual,0.9,Continues explaining historical context and reasons.
701,3500.07,3505.04,6918543257012,6923510257012,"Entonces, hacen lo imposible para eliminar a los cristianos.",-0.0783,-0.4688,0.338,0.3039,9.976,0.6102,0.86,walking,45.9558487,8.9335747,0.0,1.0,2,contextual,0.95,4.97,269.6,50.6,179.0,0.66,0.00305,0.00137,0.0,0.7395,0.6577,0.6012,es,2,contextual,0.95,Describes historical actions within context.
702,3505.04,3508.61,6923510257012,6927075257012,Mártires y toda esa cosa terrible.,-0.0742,-0.2966,0.852,0.1639,9.961,0.5312,0.877,walking,45.955883,8.933589,0.0,0.361,2,contextual,0.95,3.57,274.1,48.4,181.1,0.607,0.00259,0.00077,0.0,0.6976,0.6476,0.5131,es,2,contextual,0.95,Describes historical outcomes within context.
703,3508.62,3509.97,6927095257012,6928437257012,"Venga, me lo cedes y no, oye, mira, eso es lindo.",-0.0619,-0.6154,0.31,0.144,10.053,0.8397,0.96,walking,45.9559021,8.9336052,0.286,0.286,3,aside,0.95,1.35,367.1,22.8,69.9,0.256,0.00191,0.00038,0.0,0.7472,0.6378,0.5327,es,3,aside,0.95,"Conversational interjection, evaluative comment."
704,3510.03,3510.41,6928501257012,6928883257012,Esa historia...,-0.0085,-0.7144,0.239,0.0673,9.31,0.3077,0.96,walking,45.9559097,8.9336138,0.5,1.0,3,aside,0.9,0.38,65.0,0.0,0.0,0.583,0.00169,0.00026,0.0,,,,es,3,aside,0.9,"Incomplete thought, remark about the narrative."
705,3512.39,3516.6,6930863257012,6935073257012,"de ese Cristo que se ofrece para los demás, eso funciona.",-0.1765,-0.4745,0.284,0.1559,10.016,0.5661,0.992,walking,45.9559441,8.9336348,0.81,0.905,1,concrete,0.9,4.21,308.6,41.6,158.7,0.705,0.00286,0.00117,0.0,0.6233,0.5827,0.3876,es,1,concrete,0.9,Introduces core symbolic concept of Christ's offering
706,3516.62,3517.51,6935093257012,6935975257012,Además ellos tienen el venado.,0.1137,-0.2364,0.572,0.2371,9.491,0.6941,0.857,walking,45.9559669,8.9336405,0.0,0.0,1,concrete,0.9,0.89,125.5,95.5,247.8,0.857,0.00269,0.0009,0.0,0.442,0.4534,0.4725,es,1,concrete,0.9,Introduces key symbolic element (deer)
707,3518.27,3518.85,6936737257012,6937318257012,El venado,-0.4636,-0.2584,0.556,0.1849,9.736,1.27,0.854,walking,45.9559746,8.9336424,0.0,0.0,1,concrete,0.9,0.58,244.1,44.8,136.9,0.842,0.00293,0.00073,0.0,0.5579,0.5391,0.5545,es,1,concrete,0.9,Reiteration of key symbolic element
708,3520.39,3521.03,6938862257012,6939503257012,que es un animal de acá.,-0.0773,-0.3357,0.907,0.1843,9.938,0.4625,0.611,walking,45.955986,8.9336424,0.0,0.0,1,concrete,0.9,0.64,,,,0.0,0.00226,0.00071,0.0,0.5419,0.5307,0.3966,es,1,concrete,0.9,Describes relevant characteristic of the deer
709,3521.09,3526.09,6939564257012,6944555257012,Es el único animal que no es predador.,-0.0886,-0.2778,0.872,0.2677,9.934,0.5523,0.518,walking,45.9560013,8.9336567,0.0,0.18,1,concrete,0.9,5.0,218.3,70.6,270.2,0.567,0.00232,0.00098,0.0,0.529,0.5358,0.5984,es,1,concrete,0.9,Core characteristic for symbolic link
710,3526.26,3528.75,6944735257012,6947223257012,"No es depredador, que cuando tú lo cazas, él se ofrece para el bienestar de todos los demás.",-0.0139,-0.2937,1.186,0.0956,9.835,0.2684,0.611,walking,45.9560165,8.93367,0.0,0.0,1,concrete,0.9,2.49,214.1,81.6,246.0,0.872,0.00224,0.00075,0.0,0.6127,0.5707,0.5513,es,1,concrete,0.9,Explains direct symbolic parallel: deer's self-sacrifice
711,3532.85,3538.72,6951316257012,6957193257012,"Y por ende en todo el mundo celta, Cristo es el venado.",-0.1273,-0.3537,0.693,0.2582,9.947,0.4525,0.865,walking,45.9560661,8.9336987,0.0,0.0,1,concrete,0.9,5.87,231.8,39.1,161.5,0.56,0.00201,0.00082,0.0,0.509,0.5271,0.4382,es,1,concrete,0.9,States core symbolic equivalence (Christ is deer)
712,3538.74,3539.95,6957213257012,6958417257012,Y en Irlanda es evidentísimo.,-0.2971,-0.3911,0.62,0.1792,10.035,0.5421,0.95,walking,45.956089,8.9337101,0.0,0.0,1,concrete,0.9,1.21,245.7,20.4,66.0,0.605,0.00167,0.00044,0.0,0.4016,0.4125,0.3895,es,1,concrete,0.9,Gives concrete example of the connection
713,3540.56,3544.63,6959027257012,6963100257012,en las botellas de cerveza de Francia es evidentísimo.,0.038,-0.3047,0.616,0.2078,9.965,0.4321,0.894,walking,45.9561157,8.9337273,0.0,0.175,1,concrete,0.9,4.07,166.7,64.2,173.4,0.508,0.00357,0.00196,0.0,0.4774,0.4801,0.502,es,1,concrete,0.9,Gives concrete example of the connection
714,3544.79,3544.97,6963260257012,6963440257012,es así,0.1912,-0.4642,0.773,0.0094,7.799,0.4838,0.879,walking,45.9561386,8.9337368,0.0,0.0,1,concrete,0.7,0.18,,,,0.0,0.00269,0.00087,0.0,,,,es,1,concrete,0.7,Confirms truth of preceding concrete fact
715,3550.46,3551.16,6968930257012,6969632257012,Acá están conviviendo.,-0.0142,-0.3684,0.687,0.3348,10.411,0.9998,0.85,walking,45.9561806,8.9337463,0.0,0.0,2,contextual,0.9,0.7,,,,0.0,0.00422,0.00116,0.0,0.5671,0.5184,0.5156,es,2,contextual,0.9,Provides historical context for cultural blend
716,3551.52,3554.85,6969992257012,6973320257012,"Cuando llegan los cristianos, están los romanos y están los celtas.",0.0038,-0.2753,0.674,0.2444,9.997,0.4575,0.851,walking,45.9561958,8.9337473,0.0,0.0,2,contextual,0.9,3.33,352.5,21.4,73.6,0.257,0.00761,0.00423,0.01,0.5387,0.5293,0.5946,es,2,contextual,0.9,Elaborates historical context of co-existing cultures
717,3554.87,3556.15,6973340257012,6974623257012,Pero hay mucho más celtas.,-0.234,-0.2339,0.967,0.19,10.082,0.5271,1.119,walking,45.9562149,8.9337559,0.0,0.0,2,contextual,0.9,1.28,124.6,108.9,307.0,0.61,0.00536,0.00375,0.024,0.348,0.3734,0.507,es,2,contextual,0.9,Specific detail on historical context
718,3558.46,3559.62,6976928257012,6978092257012,"Y por ende, la transición celta-cristiana",-0.3441,-0.2083,2.607,0.0288,9.995,0.3772,1.108,walking,45.9562416,8.9338036,0.0,0.0,2,contextual,0.9,1.16,115.6,93.5,228.5,0.838,0.00463,0.00185,0.0,0.3052,0.3129,0.3147,es,2,contextual,0.9,Introduces cultural transition context
719,3564.66,3569.27,6983128257012,6987742257012,"No es violenta, como en cambio lo que sucede con los romanos.",-0.1851,-0.2618,2.593,0.265,9.925,0.7293,1.031,walking,45.9562531,8.933919,0.0,0.0,2,contextual,0.9,4.61,257.0,54.5,201.1,0.593,0.00166,0.00071,0.007,0.5301,0.5582,0.5323,es,2,contextual,0.9,Explains nature of cultural transition dynamics
720,3582.37,3582.43,7000837257012,7000897257012,Sí.,0.0024,-0.2367,0.12,0.0,9.921,0.8366,1.394,walking,45.9562721,8.9341192,0.0,0.0,3,aside,0.9,0.06,,,,,,,,,,,es,3,aside,0.9,Simple acknowledgment or filler.
721,3582.45,3582.51,7000917257012,7000978257012,Sí.,0.0024,-0.2367,0.12,0.0,13.188,0.4642,1.394,walking,45.9562721,8.9341192,0.0,0.0,3,aside,0.9,0.06,,,,,,,,,,,es,3,aside,0.9,Simple acknowledgment or filler.
722,3589.03,3589.61,7007502257012,7008085257012,"más, más información.",0.0068,-0.2031,2.92,0.0369,10.269,0.6542,1.071,walking,45.9562912,8.9341984,0.0,0.0,3,aside,0.8,0.58,128.4,8.6,38.1,0.947,0.015,0.00816,0.053,0.5466,0.6319,0.524,es,3,aside,0.8,Metalinguistic comment about information exchange.
723,3598.67,3598.95,7017138257012,7017422257012,A San Giorgio.,0.0201,-0.3642,1.024,0.2253,11.29,0.2743,0.958,walking,45.9563599,8.93431,0.0,0.0,1,concrete,0.9,0.28,255.4,33.5,73.2,0.889,0.00123,0.00039,0.0,,,,es,1,concrete,0.9,Names a specific location/feature.
724,3600.49,3600.89,7018957257012,7019358257012,En San Giorgio.,0.2612,-0.2423,0.51,0.1996,10.805,1.5275,0.958,walking,45.9563675,8.9343157,0.0,0.0,1,concrete,0.9,0.4,123.5,6.6,19.4,1.0,0.00996,0.00195,0.0,0.3103,0.3743,0.5719,es,1,concrete,0.9,Specifies a concrete location.
725,3600.91,3604.41,7019378257012,7022885257012,San Giorgio es la de la entrada del pueblo.,0.0844,-0.1978,0.911,0.3477,10.025,0.7733,0.958,walking,45.9563789,8.9343328,0.0,0.0,1,concrete,1.0,3.5,161.6,52.5,258.8,0.982,0.01165,0.00904,0.345,0.5199,0.5388,0.6584,es,1,concrete,1.0,Describes a specific location at town entrance.
726,3604.44,3606.7,7022906257012,7025170257012,San Giorgio y Sant'Andrea.,-0.1321,-0.2904,0.789,0.2886,10.053,0.5787,0.924,walking,45.9564056,8.9343462,0.0,0.0,1,concrete,1.0,2.26,206.6,93.0,283.3,0.69,0.00241,0.00137,0.0,0.2516,0.3189,0.4892,es,1,concrete,1.0,Names two specific locations/features.
727,3609.58,3613.95,7028052257012,7032418257012,"El mismo problema que tenemos en el Hotel Villa Caruana, que es una arquitectura...",-0.0936,-0.2554,0.696,0.3188,10.007,0.7018,0.921,walking,45.9564552,8.9343777,0.0,0.047,1,concrete,0.8,4.37,264.9,47.2,164.1,0.372,0.00245,0.00092,0.007,0.471,0.4942,0.3676,es,1,concrete,0.8,Describes specific architectural problem of a hotel.
728,3615.96,3616.22,7034431257012,7034692257012,Pero...,-0.0037,-0.1776,0.8,0.0355,10.798,0.4474,1.034,walking,45.9564857,8.9344006,0.0,1.0,3,aside,0.9,0.26,128.8,2.5,8.8,1.0,0.01036,0.00339,0.0,,,,es,3,aside,0.9,"Filler, conversational interjection."
729,3616.24,3616.4,7034712257012,7034873257012,Pero...,-0.0086,-0.1628,1.183,0.0234,9.443,0.5672,1.034,walking,45.9564857,8.9344006,0.0,0.0,3,aside,0.9,0.16,150.4,13.8,36.2,1.0,0.00551,0.00236,0.0,,,,es,3,aside,0.9,"Filler, conversational interjection."
730,3616.42,3616.92,7034893257012,7035394257012,Pero Riviera.,-0.0695,-0.2186,1.434,0.0131,10.026,0.3894,1.034,walking,45.9564857,8.9344006,0.0,0.0,1,concrete,0.7,0.5,,,,0.0,0.0036,0.00179,0.0,0.4486,0.3998,0.4691,es,1,concrete,0.7,Refers to a specific style or type (Riviera).
731,3617.05,3617.65,7035515257012,7036117257012,Pero Riviera.,-0.0894,-0.2259,1.088,0.069,9.972,0.4858,1.034,walking,45.9564934,8.9344082,0.0,0.0,1,concrete,0.7,0.6,,,,0.0,0.00317,0.00098,0.0,0.4535,0.3937,0.4107,es,1,concrete,0.7,Refers to a specific style or type (Riviera).
732,3630.03,3631.01,7048501257012,7049483257012,Son plantas que no son de acá.,-0.11,-0.1699,1.897,0.143,9.834,0.4696,1.276,walking,45.9566078,8.9344587,0.0,0.0,1,concrete,1.0,0.98,282.1,42.9,171.5,1.0,0.00186,0.00036,0.0,0.4173,0.4183,0.5244,es,1,concrete,1.0,Describes specific plants and their origin.
733,3631.03,3635.2,7049503257012,7053673257012,Si pasamos de ahí es más bonito y se ve una cosa del lado.,-0.1065,-0.324,1.147,0.2912,10.089,0.5542,1.276,walking,45.9566383,8.9344645,0.0,0.0,3,aside,0.8,4.17,259.4,57.0,209.9,0.885,0.00143,0.00046,0.0,0.4958,0.4782,0.5506,es,3,aside,0.8,Procedural guidance and subjective aesthetic judgment.
734,3638.07,3638.29,7056540257012,7056760257012,Gracias.,-0.0759,-0.2524,0.794,0.2591,11.555,0.4461,0.901,walking,45.9566803,8.9344835,0.0,0.0,3,aside,1.0,0.22,,,,0.0,0.00126,0.00014,0.0,,,,es,3,aside,1.0,"Polite interjection, conversational."
735,3650.36,3654.05,7068835257012,7072518257012,"Me parecen siempre formidables estos altares, porque esto es romano.",0.2299,-0.2361,1.386,0.0967,10.044,0.4986,0.96,walking,45.9568329,8.9345055,0.0,0.0,1,concrete,0.95,3.69,135.1,24.7,83.4,0.914,0.0139,0.00842,0.017,0.5193,0.4872,0.4721,es,1,concrete,0.95,Identifies and describes a specific feature.
736,3658.13,3658.86,7076598257012,7077326257012,"No, no es romano, sino que",-0.1098,0.0233,1.181,0.1643,10.292,0.913,0.859,walking,45.9568787,8.9345331,0.0,0.286,3,aside,0.95,0.73,170.9,10.3,34.0,0.348,0.00842,0.0061,0.13,0.4947,0.4022,0.3358,es,3,aside,0.95,Self-correction of previous statement.
737,3660.03,3660.87,7078501257012,7079344257012,Es una tradición romana.,-0.0589,-0.191,0.394,0.267,9.874,0.6854,0.517,walking,45.9568787,8.9345255,0.0,0.0,2,contextual,0.9,0.84,146.0,24.7,75.7,0.963,0.01163,0.00407,0.037,0.4805,0.518,0.5022,es,2,contextual,0.9,Provides historical/cultural context for feature.
738,3660.97,3662.48,7079444257012,7080949257012,Los patrones de las ciudades.,0.2756,-0.2204,0.656,0.1251,10.33,0.5964,0.517,walking,45.9568787,8.9345188,0.0,0.0,2,contextual,0.85,1.51,65.0,0.0,0.0,0.5,0.00291,0.00142,0.0,0.4773,0.4512,0.5541,es,2,contextual,0.85,Generalization about historical patterns.
739,3677.16,3678.74,7095629257012,7097213257012,"Hay una casa que se llama Costanza, como mi hija.",-0.2494,-0.267,0.706,0.0435,10.112,0.3472,0.589,walking,45.9570274,8.9344807,0.0,0.0,1,concrete,0.9,1.58,178.1,38.4,113.7,0.94,0.00273,0.00291,0.24,0.1543,0.2007,0.4006,es,1,concrete,0.9,Names a specific physical feature.
740,3683.66,3685.88,7102126257012,7104350257012,Ahora ya hay que hablar de ellas.,-0.332,-0.3093,0.681,0.1329,10.017,0.6978,0.98,walking,45.9570541,8.9345398,0.0,0.0,3,aside,0.95,2.22,169.3,37.2,134.5,0.657,0.00258,0.00072,0.0,0.4566,0.447,0.6322,es,3,aside,0.95,Procedural/transitional remark.
741,3685.9,3689.97,7104370257012,7108437257012,"Y la otra que se llama Apriles, Constanza y Apriles.",-0.0904,-0.2493,0.801,0.2325,10.148,1.0966,0.991,walking,45.9570656,8.9345703,0.122,0.024,1,concrete,0.95,4.07,195.0,44.4,203.0,0.75,0.0025,0.00157,0.0,0.5892,0.5876,0.8175,es,1,concrete,0.95,Names another specific physical feature.
742,3690.03,3692.7,7108501257012,7111167257012,pero quiero aquí hay un artista que dibujó ese doble serpiente,-0.3394,-0.3245,0.665,0.0991,9.95,0.5878,0.878,walking,45.9570885,8.9345827,0.037,0.0,1,concrete,0.95,2.67,118.8,30.5,100.7,0.583,0.00706,0.00262,0.0,0.2951,0.2829,0.4089,es,1,concrete,0.95,Describes a specific visible artwork.
743,3698.89,3699.05,7117360257012,7117520257012,También.,-0.0524,-0.0316,1.247,0.0,10.796,0.4826,0.425,scanning,45.9571114,8.9346361,0.0,0.0,3,aside,0.9,0.16,221.5,1.4,3.8,0.667,0.00226,0.00035,0.0,,,,es,3,aside,0.9,Filler or affirmative interjection.
744,3708.81,3711.76,7127283257012,7130235257012,Dioses que te curan con serpientes en cuevas.,0.2109,-0.1277,0.327,0.2838,10.009,1.2372,0.073,scanning,45.9571037,8.9346228,0.0,0.1,2,contextual,0.95,2.95,143.1,45.8,170.0,0.774,0.00522,0.00325,0.086,0.2972,0.3354,0.4265,es,2,contextual,0.95,Provides mythological/historical context for motif.
745,3713.69,3714.43,7132163257012,7132905257012,"Así es, exactamente.",0.2053,-0.1724,0.4,0.121,9.941,0.5825,0.431,scanning,45.9571075,8.9346247,0.0,0.0,3,aside,0.95,0.74,,,,0.0,0.00271,0.00089,0.0,0.4702,0.5369,0.5279,es,3,aside,0.95,"Affirmative interjection, agreement."
746,3715.16,3718.6,7133626257012,7137074257012,Y aquí está toda la herencia céntrica.,-0.0498,-0.1242,0.912,0.3118,10.144,1.4442,0.431,scanning,45.957119,8.9346237,0.0,0.0,2,contextual,0.9,3.44,283.0,45.0,144.8,0.194,0.00233,0.00099,0.0,0.7052,0.7019,0.221,es,2,contextual,0.9,Generalization/framing about heritage of space.
747,3720.03,3723.72,7138501257012,7142193257012,"Es que está representada en forma bonita, no es representada en forma conflictiva.",-0.125,-0.2422,0.747,0.2542,10.023,0.6173,0.221,scanning,45.9571266,8.9346285,0.0,0.0,2,contextual,0.9,3.69,215.1,49.0,160.0,0.293,0.00222,0.001,0.0,0.3737,0.4406,0.5627,es,2,contextual,0.9,Commentary on representation style.
748,3726.71,3727.47,7145183257012,7145945257012,Eso es lo que a mí me gusta.,-0.4459,-0.2194,0.787,0.1272,10.207,2.2077,0.422,scanning,45.9571266,8.9346342,0.0,0.0,3,aside,0.95,0.76,247.3,14.8,48.6,0.542,0.00191,0.00042,0.0,0.5166,0.5007,0.2277,es,3,aside,0.95,Personal opinion or preference.
749,3727.49,3729.7,7145965257012,7148171257012,Acá vivieron la familia Solari.,-0.1393,-0.2261,0.72,0.1982,10.027,0.6559,0.148,scanning,45.9571228,8.9346323,0.0,0.0,1,concrete,0.95,2.21,68.5,5.8,19.8,0.614,0.00314,0.00122,0.0,0.4341,0.4421,0.4656,es,1,concrete,0.95,Identifies past inhabitants of location.
750,3732.25,3732.73,7150718257012,7151199257012,Los famosos solares.,-0.2321,-0.3687,1.846,0.0349,10.283,0.2641,0.074,scanning,45.9571266,8.9346371,1.0,0.0,1,concrete,0.9,0.48,207.5,9.5,27.5,0.875,0.00175,0.00031,0.0,0.2175,0.2614,0.4248,es,1,concrete,0.9,Names a specific physical feature.
751,3732.77,3736.3,7151239257012,7154769257012,Bueniforte.,-0.0127,-0.196,1.896,0.0503,9.961,0.1787,0.147,dwelling,45.9571266,8.9346371,0.143,0.0,1,concrete,0.8,3.53,104.8,63.4,142.6,0.288,0.00223,0.00123,0.0,0.1493,0.254,0.4708,es,1,concrete,0.8,Names a specific entity/place.
752,3737.06,3738.94,7155531257012,7157414257012,"Antonio, ellos construyen la mitad de la Milán de 1400.",-0.068,-0.0514,0.755,0.1484,10.023,0.258,0.0,scanning,45.9571266,8.934639,0.0,0.333,2,contextual,0.85,1.88,67.0,5.4,22.3,0.458,0.00238,0.00123,0.0,0.1621,0.2651,0.4489,es,2,contextual,0.85,Provides historical context about builders.
753,3743.33,3748.74,7161801257012,7167214257012,"O sea, las iglesias más importantes, incluso el Duomo de Milán.",-0.0763,-0.1993,0.638,0.0786,10.012,0.1448,0.074,dwelling,45.9571304,8.9346428,0.0,0.056,2,contextual,0.9,5.41,220.4,48.8,239.2,0.894,0.00167,0.00042,0.0,0.557,0.5539,0.672,es,2,contextual,0.9,Elaborates on historical construction examples.
754,3748.76,3749.97,7167234257012,7168437257012,"Incluso ellos reciben, son los primeros.",-0.0243,-0.2868,0.679,0.0435,10.056,0.2266,0.074,dwelling,45.9571228,8.9346447,0.083,0.0,2,contextual,0.85,1.21,229.8,14.1,52.4,0.895,0.00201,0.00118,0.0,0.4424,0.4286,0.4256,es,2,contextual,0.85,Adds more historical context.
755,3750.03,3752.18,7168501257012,7170645257012,"Aquí hay una casa que se llama Afrile, donde acabo de ver.",-0.1061,-0.2825,1.025,0.1629,10.018,0.3659,0.074,scanning,45.9571228,8.9346457,0.091,0.0,1,concrete,0.9,2.15,66.6,4.9,16.4,0.147,0.00136,0.00062,0.0,0.4182,0.4442,0.3581,es,1,concrete,0.9,Names a specific house in the space.
756,3758.29,3758.87,7176760257012,7177344257012,Una linda...,-0.062,-0.4701,1.221,0.0687,9.987,1.3099,0.073,scanning,45.9571228,8.9346466,0.667,0.667,3,aside,0.9,0.58,,,,0.0,0.00136,0.00034,0.0,0.4236,0.4028,0.4299,es,3,aside,0.9,"Incomplete thought, filler."
757,3761.44,3766.16,7179910257012,7184628257012,"Un lindo artículo en la revista Luz, que lo vi en el bus.",-0.0363,-0.2048,0.287,0.1628,9.981,0.2114,0.0,dwelling,45.9571228,8.9346476,0.729,0.708,3,aside,0.95,4.72,205.9,28.9,113.9,0.541,0.0017,0.0004,0.0,0.477,0.4875,0.6866,es,3,aside,0.95,"Personal, off-topic anecdote."
758,3767.46,3768.85,7185933257012,7187316257012,"Por eso pensé, tenemos que pasarla acá.",-0.1653,-0.5164,0.265,0.0785,9.91,0.7708,0.0,scanning,45.9571228,8.9346476,0.615,0.923,3,aside,0.9,1.39,201.6,16.3,63.2,0.864,0.00082,0.0002,0.0,0.443,0.4261,0.3098,es,3,aside,0.9,Explains expert's thought process/plan.
759,3774.9,3775.36,7193373257012,7193835257012,Así era todo.,-0.1689,-0.4906,0.301,0.1548,10.086,0.8108,0.899,walking,45.9571762,8.9346666,0.0,1.0,2,contextual,0.8,0.46,65.0,0.0,0.0,0.667,0.00129,0.00027,0.0,0.3395,0.369,0.3038,es,2,contextual,0.8,Generalization about a past state.
760,3795.71,3797.2,7214178257012,7215670257012,El guacamayo es amazónico.,-0.2521,-0.1307,1.207,0.016,10.079,0.088,0.074,dwelling,45.957283,8.9346867,0.0,0.0,2,contextual,0.85,1.49,213.0,23.7,90.7,0.894,0.00122,0.00019,0.0,0.5573,0.6123,0.7332,es,2,contextual,0.85,General biological/geographical fact.
761,3808.4,3809.36,7226866257012,7227833257012,en la fachada de Santa María,-0.1567,-0.6593,0.219,0.0268,9.682,0.621,0.431,scanning,45.9572868,8.9346838,0.2,1.0,1,concrete,0.9,0.96,191.3,13.9,65.8,0.677,0.00202,0.0002,0.0,0.3462,0.3841,0.391,es,1,concrete,0.9,Names a specific architectural feature.
762,3811.56,3811.62,7230032257012,7230094257012,Ah.,-0.5803,-0.2619,4.0,0.0,9.808,1.5581,0.423,scanning,45.957283,8.9346838,0.0,0.0,3,aside,0.95,0.06,,,,,,,,,,,es,3,aside,0.95,Filler interjection.
763,3818.87,3820.16,7237343257012,7238628257012,"¿Alguien tiene que haberlo visto, dibujado?",-0.3338,-0.3617,2.791,0.0263,9.948,0.4192,0.147,scanning,45.9572716,8.9346743,0.0,0.0,3,aside,0.85,1.29,252.1,33.7,97.0,1.0,0.0013,0.0003,0.0,0.6401,0.6114,0.6598,es,3,aside,0.85,Speculative question about origin.
764,3825.57,3827.49,7244035257012,7245960257012,No se sabe de cuándo son estas pinturas.,-0.1997,-0.1729,1.54,0.3943,10.038,1.012,0.074,scanning,45.9572716,8.9346695,0.0,0.053,2,contextual,0.9,1.92,130.8,9.0,43.8,0.934,0.00797,0.00337,0.033,0.2879,0.3393,0.4522,es,2,contextual,0.9,Provides contextual information about paintings.
765,3833.5,3833.8,7251974257012,7252275257012,Gracias.,0.0552,-0.0621,0.603,0.0976,9.999,0.1562,0.074,dwelling,45.9572716,8.9346638,0.0,0.0,3,aside,0.9,0.3,,,,0.0,0.00045,0.00013,0.0,,,,es,3,aside,0.9,"Social nicety, filler."
766,3842.08,3845.21,7260546257012,7263678257012,Me gusta tanto porque la combinación entre...,-0.0571,-0.2344,1.364,0.2279,10.045,0.967,0.0,scanning,45.9572678,8.9346581,0.0,0.0,3,aside,0.9,3.13,204.5,29.1,135.3,0.694,0.00127,0.00061,0.0,0.3665,0.404,0.5272,es,3,aside,0.9,"Personal opinion, incomplete thought."
767,3845.97,3846.69,7264441257012,7265164257012,La parra es maravillosa.,0.3012,-0.3931,0.862,0.0454,10.006,0.129,0.074,dwelling,45.9572678,8.9346571,0.0,0.0,3,aside,0.8,0.72,218.8,15.1,41.1,0.739,0.00149,0.00063,0.0,0.4222,0.4952,0.5787,es,3,aside,0.8,"Appreciative aesthetic comment, not technical explanation."
768,3855.22,3856.8,7273689257012,7275272257012,Así es como fue.,-0.2656,-0.3568,1.298,0.2163,9.994,0.8017,0.074,scanning,45.9572678,8.9346542,0.0,0.0,2,contextual,0.9,1.58,247.3,34.3,163.7,0.74,0.00129,0.00046,0.0,0.3671,0.3777,0.3904,es,2,contextual,0.9,"Framing statement, setting context for explanation."
769,3857.9,3864.38,7276372257012,7282847257012,"Y si nosotros logramos enseñar a las personas cómo fue, ellos cuando van a comprar una casa o cuando van a hacer un jardín,",-0.2058,-0.3224,0.717,0.1949,9.939,0.4546,0.363,scanning,45.9572639,8.9346561,0.0,0.938,2,contextual,0.9,6.48,214.4,28.4,115.0,0.537,0.00147,0.00029,0.0,0.3844,0.436,0.5499,es,2,contextual,0.9,Discusses implications and application of knowledge.
770,3865.9,3868.02,7284370257012,7286494257012,Gracias.,-0.1716,-0.1967,1.606,0.2326,10.06,0.688,0.431,scanning,45.9572639,8.93466,0.0,0.238,3,aside,0.9,2.12,65.0,0.1,0.8,0.403,0.00115,0.00053,0.0,0.3476,0.3617,0.4569,es,3,aside,0.9,"Social nicety, filler."
771,3870.05,3871.03,7288521257012,7289504257012,"O sea, vamos a saber cómo hacer.",-0.1723,-0.1823,3.604,0.0952,9.925,0.223,0.43,dwelling,45.9572563,8.9346581,0.0,0.0,2,contextual,0.9,0.98,65.0,0.0,0.0,0.194,0.00103,0.00031,0.0,0.3818,0.4079,0.4346,es,2,contextual,0.9,Discusses practical application of knowledge.
772,3871.05,3872.34,7289524257012,7290807257012,"Bueno, la casa...",-0.1526,-0.4871,0.258,0.0356,10.025,0.3532,0.43,scanning,45.9572525,8.9346571,0.0,0.769,3,aside,0.9,1.29,,,,0.0,0.00138,0.00019,0.0,0.3568,0.3545,0.4537,es,3,aside,0.9,"Incomplete thought, filler."
773,3898.58,3898.74,7317053257012,7317214257012,Gracias.,-0.5041,-0.2457,0.566,0.0,10.27,0.3168,3.021,walking,45.9571495,8.9345837,0.0,0.0,3,aside,0.9,0.16,67.2,4.2,11.4,1.0,0.00181,0.00065,0.0,,,,es,3,aside,0.9,"Social nicety, filler."
774,3905.97,3906.11,7324441257012,7324582257012,Grazie.,0.2476,-0.3124,4.0,0.0,9.804,0.4683,0.917,walking,45.9572487,8.9346256,0.0,0.0,3,aside,0.9,0.14,237.8,9.3,24.8,1.0,0.001,0.00013,0.0,,,,it,3,aside,0.9,"Social nicety, filler."
775,3915.98,3916.22,7334453257012,7334694257012,Grazie.,-0.0201,-0.0456,0.76,0.0489,10.008,0.0513,0.431,dwelling,45.9573059,8.9346676,0.0,0.0,3,aside,0.9,0.24,203.6,4.5,12.9,1.0,0.00094,0.0002,0.0,,,,it,3,aside,0.9,"Social nicety, filler."
776,3919.99,3920.39,7338462257012,7338864257012,Grazie.,-0.1651,-0.6519,2.413,0.0611,10.007,0.228,0.43,dwelling,45.9573135,8.9346771,0.0,0.0,3,aside,0.9,0.4,194.5,6.1,16.7,1.0,0.00052,8e-05,0.0,0.4113,0.3583,0.4222,it,3,aside,0.9,"Social nicety, filler."
777,3938.35,3939.05,7356821257012,7357525257012,"No, no, no.",0.1753,-0.1795,0.591,0.048,9.865,0.5226,0.148,scanning,45.9572868,8.934598,0.0,0.0,3,aside,0.9,0.7,300.1,11.4,33.5,0.318,0.00111,0.00073,0.0,0.5729,0.5511,0.4303,it,3,aside,0.9,"Procedural, rejection or self-correction."
778,3943.89,3946.86,7362355257012,7365331257012,perché ho spiegato qualche cosa del sistema armonico.,-0.1291,-0.2114,0.81,0.2797,10.003,0.7594,0.148,scanning,45.9572945,8.9346085,0.0,0.0,3,aside,0.9,2.97,229.5,26.3,128.1,0.903,0.0014,0.00035,0.0,0.4737,0.496,0.3855,it,3,aside,0.9,Metalinguistic remark about expert's own discourse.
779,3956.8,3956.94,7375265257012,7375406257012,Grazie.,0.2178,-0.2878,0.397,0.0,9.815,0.1517,0.147,dwelling,45.9572906,8.9346294,0.0,0.0,3,aside,0.9,0.14,,,,0.0,0.00057,7e-05,0.0,,,,it,3,aside,0.9,"Social nicety, filler."
780,3964.3,3968.78,7382770257012,7387247257012,"Buongiorno, sono la presidina cattedrale dell'Università della Svizzera italiana.",-0.0995,-0.2939,0.71,0.2116,9.987,0.2829,0.43,scanning,45.9572983,8.9346266,0.0,0.0,3,aside,0.9,4.48,242.2,43.5,161.2,0.709,0.00154,0.00036,0.0,0.6462,0.5866,0.4984,it,3,aside,0.9,"Self-introduction, not core content."
781,3977.48,3977.62,7395950257012,7396091257012,Grazie.,0.1952,-0.0121,0.641,0.0,10.113,1.732,0.447,scanning,45.957283,8.9346161,0.0,0.0,3,aside,0.9,0.14,214.2,7.0,20.1,1.0,0.00167,0.0002,0.0,,,,it,3,aside,0.9,Simple gratitude/filler.
782,3982.46,3983.4,7400928257012,7401869257012,ieri ieri ho una figlia che si chiama,0.1392,-0.1818,0.317,0.0291,9.971,0.302,0.074,scanning,45.9572906,8.9346085,0.0,0.0,3,aside,0.9,0.94,165.5,20.3,78.4,1.0,0.02124,0.00942,0.033,0.6443,0.6287,0.6382,it,3,aside,0.9,"Personal anecdote, off-topic."
783,3990.03,3997.99,7408501257012,7416460257012,costanza questa mattina questa mattina avevo fatto tutta una preparazione su tutta l'architettura eh sacra e la,-0.0576,-0.1869,0.487,0.2171,9.968,0.55,0.368,scanning,45.9572906,8.9346075,0.0,0.0,3,aside,0.9,7.96,228.2,32.3,146.1,0.807,0.00151,0.00071,0.0,0.5889,0.5795,0.6672,it,3,aside,0.9,"Personal anecdote, off-topic."
784,3998.09,3998.69,7416562257012,7417158257012,relazione con la,-0.3813,-0.038,1.824,0.073,9.972,1.2274,0.449,scanning,45.9572868,8.9346123,0.0,0.0,3,aside,0.9,0.6,213.4,17.1,46.4,1.0,0.00118,0.00011,0.0,0.6417,0.5757,0.6513,it,3,aside,0.9,"Personal anecdote, off-topic."
785,4002.83,4007.98,7421299257012,7426446257012,"una rivista che si chiama Lu, perché ho una amica che si chiama Luisella, ho detto guarda, lo apro...",-0.0898,-0.198,0.533,0.2016,9.967,0.4701,0.147,scanning,45.9572945,8.9346256,0.0,0.0,3,aside,0.9,5.15,240.6,38.9,214.0,0.901,0.00179,0.00074,0.012,0.7072,0.6538,0.7126,it,3,aside,0.9,"Personal anecdote, off-topic."
786,4008.38,4014.53,7426847257012,7433003257012,e c'era questo e ho detto magari è un segnale che bisogna che io venga qui e mi conosca e,-0.2895,-0.2418,0.498,0.1717,9.971,0.2071,0.0,dwelling,45.9572945,8.9346199,0.0,0.0,3,aside,0.9,6.15,223.1,24.5,99.8,0.741,0.00134,0.00047,0.0,0.575,0.5653,0.7535,it,3,aside,0.9,"Personal anecdote, off-topic."
787,4018.16,4019.36,7436632257012,7437835257012,che per me è davvero meraviglioso,-0.2478,-0.1224,0.439,0.0411,9.956,0.159,0.296,dwelling,45.9572945,8.9346104,0.0,0.0,3,aside,0.9,1.2,225.0,26.1,93.2,1.0,0.00121,0.0004,0.0,0.6383,0.5997,0.5,it,3,aside,0.9,"Personal anecdote, off-topic."
788,4022.93,4023.9,7441405257012,7442368257012,Grazie.,0.0884,-0.19,3.247,0.0041,9.983,0.0286,0.424,dwelling,45.9572868,8.9346094,0.0,0.0,3,aside,0.9,0.97,196.9,4.5,11.4,0.355,0.00153,0.00034,0.0,0.4621,0.4861,0.5315,it,3,aside,0.9,Simple gratitude/filler.
789,4036.15,4038.36,7454621257012,7456828257012,"dei solari che hanno costruito Milano, sono ancestralmente di Milano.",0.0661,-0.0239,1.518,0.0922,10.047,0.1423,0.074,dwelling,45.957283,8.9346066,0.0,0.0,2,contextual,0.9,2.21,201.6,36.1,159.1,0.943,0.00144,0.0002,0.0,0.4351,0.4777,0.6397,it,2,contextual,0.9,Historical context about influential families/architects.
790,4039.78,4042.81,7458253257012,7461283257012,Voi siete gli indigeni di questa casa.,-0.2432,-0.2503,1.092,0.2244,10.009,0.4914,0.0,scanning,45.9572792,8.9346066,0.0,0.1,2,contextual,0.9,3.03,223.5,33.6,117.0,0.874,0.00117,0.00044,0.0,0.6151,0.5929,0.6744,it,2,contextual,0.9,Generalisation/framing about the audience.
791,4043.55,4045.22,7462025257012,7463688257012,C'era un corso sui solari questa settimana.,-0.154,-0.3173,0.565,0.0264,9.92,0.0894,0.0,dwelling,45.9572792,8.9346056,0.0,0.0,3,aside,0.8,1.67,236.3,35.1,124.2,0.943,0.00118,0.00042,0.019,0.6301,0.5778,0.6027,it,3,aside,0.8,Tangential info about a past course.
792,4050.81,4057.34,7469282257012,7475808257012,"La settimana prossima c'è il corso sugli aprile, che appunto facevano parte di tutte queste...",-0.0777,-0.2929,0.44,0.0371,9.953,0.2113,0.074,dwelling,45.9572906,8.9345961,0.0,0.0,3,aside,0.8,6.53,213.7,40.2,200.6,0.888,0.0016,0.0004,0.0,0.645,0.6183,0.6226,it,3,aside,0.8,Tangential info about a future course.
793,4057.34,4059.64,7475808257012,7478112257012,"Queste famiglie, soprattutto scultori direi, poi solari o anche pittori.",-0.0618,-0.3379,0.487,0.0331,9.95,0.0375,0.074,dwelling,45.9572868,8.9345942,0.0,0.0,2,contextual,0.9,2.3,227.4,51.3,181.7,0.889,0.00172,0.00022,0.0,0.2748,0.3322,0.4735,it,2,contextual,0.9,Elaborates on the background of mentioned families.
794,4066.21,4069.92,7484682257012,7488394257012,"E qui, beh, che dire, tra l'altro questa qui è la fontana di Meret Oppenheim.",-0.0437,-0.2706,0.6,0.0623,9.943,0.0291,0.0,dwelling,45.9572868,8.9345951,0.0,0.0,1,concrete,0.9,3.71,192.6,16.4,56.8,0.336,0.00145,0.00049,0.0,0.513,0.52,0.6686,it,1,concrete,0.9,"Names a specific, actual feature in the space."
795,4070.36,4073.64,7488835257012,7492105257012,che ha vissuto questa è la casa di famiglia degli Oppenheim,-0.1022,-0.224,0.776,0.0363,9.938,0.0327,0.0,dwelling,45.9572868,8.9345951,0.0,0.0,1,concrete,1.0,3.28,101.7,51.9,113.6,0.437,0.00181,0.00061,0.0,0.2768,0.3125,0.5019,it,1,concrete,1.0,Identifies specific place and its history.
796,4077.52,4077.62,7495990257012,7496090257012,Ecco.,-0.1726,-0.317,0.574,0.0,10.025,0.1165,0.0,dwelling,45.9572868,8.9345951,0.0,0.0,3,aside,1.0,0.1,178.9,1.1,3.1,1.0,0.00147,0.00015,0.0,,,,it,3,aside,1.0,Filler word.
797,4080.11,4080.47,7498582257012,7498944257012,E quindi...,0.0359,-0.3455,0.471,0.0103,9.959,0.0479,0.429,dwelling,45.9572868,8.9345922,0.0,0.0,3,aside,1.0,0.36,172.2,2.4,7.0,1.0,0.00108,0.00014,0.0,,,,it,3,aside,1.0,Conversational connector/filler.
798,4083.05,4089.17,7501525257012,7507636257012,"Magari per lei non era tanto per le piante quanto per l'ermes, che è il mercurio che porta.",0.004,-0.3293,0.522,0.0219,9.953,0.0554,0.432,dwelling,45.9572678,8.9345808,0.0,0.0,1,concrete,0.9,6.12,202.3,20.6,152.0,0.901,0.00115,0.00043,0.005,0.4157,0.4449,0.4517,it,1,concrete,0.9,Specific detail about historical/symbolic context.
799,4090.81,4090.95,7509284257012,7509425257012,Grazie.,0.1992,-0.2525,0.424,0.0,9.267,0.4563,0.447,scanning,45.9572487,8.9345722,0.0,0.0,3,aside,1.0,0.14,195.2,0.9,2.3,1.0,0.00176,0.00028,0.0,,,,it,3,aside,1.0,Polite interjection.
800,4096.06,4097.6,7514526257011,7516070257012,Io ho solo un problema.,-0.3891,-0.3432,0.533,0.1037,9.983,0.3364,0.221,scanning,45.9572411,8.9345655,0.062,0.0,3,aside,1.0,1.54,219.9,31.4,100.3,0.735,0.00197,0.00043,0.0,0.6549,0.6034,0.6602,it,3,aside,1.0,Personal comment.
801,4097.62,4098.34,7516090257012,7516811257012,Questa mattina.,-0.3494,-0.5168,0.35,0.0651,9.962,0.0496,0.424,dwelling,45.9572449,8.9345636,1.0,0.0,3,aside,1.0,0.72,,,,0.0,0.00154,0.00026,0.0,0.548,0.4636,0.5392,it,3,aside,1.0,Continues personal comment.
802,4098.36,4098.78,7516831257012,7517253257012,"Ecco, fantastico.",-0.3439,-0.5783,0.335,0.013,9.943,0.0305,0.424,dwelling,45.9572449,8.9345636,1.0,0.0,3,aside,1.0,0.42,220.8,31.6,106.7,1.0,0.00148,0.00049,0.0,0.7613,0.6718,0.5565,it,3,aside,1.0,Exclamatory filler/reaction.
803,4098.8,4099.2,7517273257012,7517674257011,Vi ho visto qua.,-0.3962,-0.3983,0.384,0.0417,9.951,0.0297,0.45,dwelling,45.9572449,8.9345608,1.0,0.0,3,aside,1.0,0.4,304.4,3.4,10.5,0.846,0.00218,0.00044,0.0,,,,it,3,aside,1.0,Direct observation about participants.
804,4099.82,4102.21,7518295257012,7520680257012,"Sì, c'è l'intervista per la Casa Aprile.",-0.2444,-0.4304,0.38,0.0397,9.959,0.2825,0.515,walking,45.9572411,8.9345493,0.5,0.0,1,concrete,0.9,2.39,228.4,29.4,79.6,0.293,0.00135,0.00039,0.0,0.2933,0.3173,0.4344,it,1,concrete,0.9,Mentions specific event/location.
805,4102.23,4103.61,7520700257011,7522083257012,Molto bella.,-0.2324,-0.4564,0.372,0.0415,9.944,0.1822,0.56,walking,45.9572372,8.9345379,0.0,0.0,3,aside,1.0,1.38,197.6,14.1,43.6,0.545,0.00101,0.00024,0.0,0.481,0.4725,0.4675,it,3,aside,1.0,Subjective comment/reaction.
806,4104.74,4109.43,7523206257012,7527896257012,perché c'era quella splendida mostra sulla comunità di artisti che vivevano,-0.1287,-0.4513,0.416,0.0968,9.84,0.5282,0.429,scanning,45.9572449,8.9345322,0.809,0.66,1,concrete,0.9,4.69,179.7,41.4,189.1,0.884,0.00135,0.00032,0.0,0.4333,0.5092,0.6614,it,1,concrete,0.9,Mentions specific past exhibition/community.
807,4111.02,4114.87,7529493257012,7533344257012,Perché questo luogo ha chiamato tanti artisti secondo voi?,-0.2009,-0.3226,0.481,0.1637,9.96,0.3155,0.074,scanning,45.9572525,8.9345369,0.538,0.0,3,aside,0.9,3.85,203.6,13.5,68.2,0.446,0.00137,0.00035,0.0,0.4263,0.4702,0.3653,it,3,aside,0.9,Asks audience a question; procedural.
808,4115.94,4118.9,7534407257012,7537374257012,"Io ho una idea, ma vorrei sentire da voi.",-0.2536,-0.205,0.531,0.2921,9.948,0.363,0.0,scanning,45.9572563,8.934535,0.467,0.1,3,aside,1.0,2.96,228.6,47.9,152.8,0.892,0.00176,0.0008,0.0,0.6323,0.6156,0.5843,it,3,aside,1.0,"Personal statement, invites participant input."
809,4118.96,4119.91,7537434257012,7538376257012,Perché hai un'idea?,0.1675,-0.1725,0.413,0.0402,9.945,0.0671,0.0,dwelling,45.9572563,8.934535,0.0,0.889,3,aside,1.0,0.95,,,,0.0,0.00125,0.00032,0.0,0.3753,0.4269,0.4899,it,3,aside,1.0,"Interactive question, not core content."
810,4119.97,4122.53,7538437257011,7541003257012,Sul livello di energia è un punto di potere.,-0.0121,-0.2068,0.523,0.0507,9.943,0.0988,0.0,dwelling,45.9572563,8.934535,0.0,1.0,2,contextual,0.9,2.56,112.7,13.1,64.1,0.9,0.00111,0.0001,0.0,0.4303,0.4994,0.7068,it,2,contextual,0.9,General statement about the place's 'energy level'.
811,4122.57,4123.05,7541043257012,7541524257012,"Sì, certo.",-0.0484,-0.238,0.534,0.0071,10.143,0.2102,0.0,dwelling,45.9572563,8.934535,0.0,1.0,3,aside,0.9,0.48,,,,0.0,0.00086,0.0001,0.0,0.4003,0.4274,0.5924,it,3,aside,0.9,"Short affirmation, conversational filler."
812,4123.94,4127.4,7542406257011,7545869257012,"forte, allora non è da stupirsi che attrae artisti",0.1059,-0.335,0.413,0.0475,9.968,0.0985,0.0,dwelling,45.9572563,8.934535,0.0,0.743,2,contextual,0.9,3.46,110.4,2.7,11.3,0.174,0.00106,0.00027,0.0,0.439,0.4857,0.3085,it,2,contextual,0.9,"Explains consequence, generalization, framing."
813,4130.82,4134.59,7549291257012,7553063257012,"Questo è l'unica ragione che io posso vedere, questa carica.",0.0867,-0.347,0.429,0.0566,9.959,0.0385,0.0,dwelling,45.9572563,8.934535,0.0,0.0,2,contextual,0.9,3.77,110.0,7.5,27.9,0.288,0.00105,0.00027,0.0,0.2956,0.3674,0.5496,it,2,contextual,0.9,Speaker's interpretation/reason for attraction.
814,4137.62,4138.02,7556092257012,7556493257012,come poi il luogo,0.2776,-0.3954,0.432,0.0122,9.955,0.0341,0.0,dwelling,45.9572563,8.934535,0.0,0.5,2,contextual,0.8,0.4,,,,0.0,0.00117,0.00012,0.0,0.1629,0.2096,0.3706,it,2,contextual,0.8,Continuation of contextual explanation.
815,4145.53,4145.95,7563997257012,7564418257012,Grazie.,-0.3169,-0.2423,1.026,0.0199,9.969,0.1949,0.0,dwelling,45.9572563,8.934535,0.0,0.5,3,aside,0.9,0.42,,,,0.0,0.00162,0.0002,0.0,0.6035,0.5388,0.4747,it,3,aside,0.9,"Polite interjection, conversational."
816,4149.52,4151.3,7567985257012,7569769257012,nel Rinascimento e anche prima c'erano appunto tanti tanti ceppi di famiglie,-0.2726,-0.2362,0.832,0.0394,9.947,0.0636,0.0,dwelling,45.9572563,8.934535,0.0,0.833,2,contextual,0.9,1.78,176.8,7.8,38.5,0.964,0.00144,0.00027,0.0,0.3494,0.3918,0.4572,it,2,contextual,0.9,Provides historical context about families.
817,4155.81,4158.26,7574279257012,7576725257012,che erano scultori stuccatori architetti venivano da,-0.0635,-0.3191,0.507,0.0815,10.023,0.4806,0.431,scanning,45.9572639,8.9345274,0.208,0.958,2,contextual,0.9,2.45,197.1,18.8,82.5,0.688,0.00095,0.00027,0.0,0.4328,0.4797,0.5508,it,2,contextual,0.9,Continues historical context about professions.
818,4163.02,4168.36,7581485257012,7586834257011,"Carona, che ho imparato, era in pratica tutta l'arbostra, tutta questa cosa.",-0.0015,-0.2727,0.612,0.0416,9.949,0.0328,0.147,dwelling,45.9572716,8.934536,0.963,0.0,2,contextual,0.9,5.34,198.8,31.5,161.9,0.952,0.00147,0.00043,0.0,0.4684,0.4778,0.4791,it,2,contextual,0.9,Historical context about specific place/region.
819,4168.38,4169.39,7586854257012,7587856257012,Era di carona.,-0.0063,-0.2336,0.625,0.0262,9.949,0.0344,0.0,dwelling,45.9572716,8.934535,0.8,0.0,2,contextual,0.9,1.01,,,,0.0,0.00094,0.00014,0.0,0.1522,0.1369,0.2467,it,2,contextual,0.9,"Clarifies origin, historical context."
820,4170.51,4173.99,7588982257011,7592465257012,tale da carona tale da carona anche se,0.0159,-0.2119,0.626,0.034,9.946,0.1137,0.0,dwelling,45.9572716,8.934535,0.629,0.0,2,contextual,0.8,3.48,181.5,18.4,95.9,0.982,0.00117,0.00032,0.0,0.3674,0.4086,0.4677,it,2,contextual,0.8,"Emphasizes origin, historical context."
821,4174.76,4177.2,7593226257012,7595668257012,e poi io penso anche che perché c'erano tanti artisti sia svizzeri tedeschi che tedeschi,-0.0522,-0.2943,0.677,0.0427,9.944,0.0301,0.0,dwelling,45.9572716,8.934535,1.0,0.0,2,contextual,0.9,2.44,235.7,35.5,162.8,0.636,0.00114,0.00036,0.0,0.4037,0.4053,0.4496,it,2,contextual,0.9,"Speaker's opinion, contextual reason for artists."
822,4182.72,4183.08,7601191257011,7601552257012,che vengono qui,-0.049,-0.2276,0.534,0.0071,9.946,0.0388,0.0,dwelling,45.9572716,8.934535,1.0,0.0,2,contextual,0.9,0.36,178.8,9.3,35.6,0.917,0.00111,0.00022,0.0,,,,it,2,contextual,0.9,Continuation of contextual explanation.
823,4190.36,4191.83,7608835257012,7610304257012,Per chi è artista.,-0.0671,-0.2426,0.588,0.0225,9.946,0.0397,0.0,dwelling,45.9572716,8.934535,1.0,0.0,2,contextual,0.8,1.47,186.0,14.2,76.8,0.957,0.00103,0.00019,0.0,0.2437,0.3401,0.2538,it,2,contextual,0.8,"General statement about artists, context."
824,4193.44,4198.3,7611907257012,7616774257012,E poi comunque io penso anche che questa piazza in sé è talmente un'amore.,-0.0494,-0.2518,0.516,0.0243,9.948,0.0333,0.0,dwelling,45.9572716,8.934535,1.0,0.102,2,contextual,0.9,4.86,235.3,40.7,187.6,0.875,0.00145,0.00031,0.0,0.4828,0.4737,0.6493,it,2,contextual,0.9,"Speaker's subjective opinion, general framing."
825,4200.61,4201.44,7619084257011,7619908257012,Grazie.,-0.0609,-0.2023,0.633,0.0097,9.962,0.1131,0.0,dwelling,45.9572716,8.934535,1.0,0.125,3,aside,0.9,0.83,,,,0.0,0.0017,0.00019,0.0,0.3438,0.3979,0.2544,it,3,aside,0.9,Social interjection
826,4204.03,4206.41,7622500257011,7624884257012,c'erano non solo artisti visivi c'erano scrittori,0.0961,-0.141,1.553,0.0783,10.001,0.2169,0.424,dwelling,45.9572639,8.9345455,0.0,0.0,2,contextual,0.9,2.38,,,,0.0,0.00115,0.00031,0.0,0.2485,0.2978,0.3689,it,2,contextual,0.9,"Listing types of people, background context"
827,4211.62,4211.77,7630094257012,7630235257012,Grazie.,0.0939,-0.3011,1.333,0.0063,9.698,0.146,0.431,dwelling,45.9572678,8.9345617,0.0,0.0,3,aside,0.9,0.15,250.9,3.8,10.1,1.0,0.00079,0.00015,0.0,,,,it,3,aside,0.9,Social interjection
828,4216.19,4218.86,7634664257012,7637329257012,"architetti, musicisti, di tutto, sempre qui, ancora oggi.",-0.0935,-0.2905,0.628,0.0235,9.966,0.0333,0.222,dwelling,45.957283,8.9345627,0.0,0.0,2,contextual,0.9,2.67,196.6,23.9,91.5,0.607,0.00084,0.00021,0.0,0.2952,0.3593,0.4243,it,2,contextual,0.9,"Continues list, general background"
829,4220.38,4222.91,7638852257011,7641380257012,Noi abbiamo cominciato misurando la quantità...,-0.281,-0.2924,0.612,0.2646,9.977,0.287,0.074,scanning,45.9572868,8.9345675,0.04,0.0,1,concrete,0.9,2.53,196.8,47.7,162.2,0.537,0.00175,0.00046,0.0,0.4453,0.4759,0.3748,it,1,concrete,0.9,Introduces research method/activity
830,4226.96,4227.1,7645433257011,7645574257012,Grazie.,-0.4144,-0.2255,0.546,0.0,10.09,0.1494,0.074,dwelling,45.957283,8.9345617,0.0,0.0,3,aside,0.9,0.14,,,,0.0,0.00169,0.00023,0.0,,,,it,3,aside,0.9,Social interjection
831,4230.11,4236.35,7648581257012,7654821257011,e fossero dedicati al sacro e abbiamo misurato sul monte San Giorgio e sull'arbostora,-0.422,-0.2308,0.548,0.0259,9.944,0.0346,0.0,dwelling,45.957283,8.9345617,0.0,0.0,1,concrete,0.9,6.24,208.0,30.9,164.7,0.694,0.00096,0.00029,0.0,0.3969,0.4676,0.5118,it,1,concrete,0.9,Describes measurement subject and location
832,4236.51,4239.42,7654981257012,7657888257011,che esprimono una particolare biodiversità e anche una ricchezza mineralogica non comune per varie ragioni.,-0.4743,-0.2267,0.503,0.0181,9.929,0.0578,0.0,dwelling,45.957283,8.9345617,0.0,0.0,1,concrete,0.9,2.91,167.6,58.9,176.2,0.802,0.00089,0.00022,0.0,0.4914,0.5175,0.6025,it,1,concrete,0.9,Describes features of specific locations
833,4245.35,4248.86,7663822257012,7667328257012,e abbiamo scoperto che la misura è circa 100 volte più alta del normale.,-0.3254,-0.3308,0.534,0.137,9.937,0.0167,0.0,dwelling,45.957283,8.9345617,0.0,0.0,1,concrete,0.9,3.51,84.1,14.6,38.2,0.264,0.00192,0.00022,0.0,0.4179,0.4488,0.5034,it,1,concrete,0.9,States specific measurement result
834,4252.09,4258.24,7670557257012,7676713257012,"Cioè, normalmente noi abbiamo un edificio dedicato al sacro ogni 2.000 abitanti in non marvia e nell'arco alpino ogni 3.000?",-0.2827,-0.2557,0.635,0.1621,9.947,0.203,0.0,dwelling,45.957283,8.9345617,0.197,0.0,2,contextual,0.9,6.15,193.0,36.2,183.5,0.865,0.00106,0.00033,0.0,0.5138,0.5455,0.6003,it,2,contextual,0.9,Provides normalisation for comparison
835,4260.05,4262.9,7678521257012,7681367257012,e qui ogni 23 questo vuol dire che durante la storia,-0.1537,-0.2804,0.507,0.2438,9.975,0.1063,0.0,dwelling,45.957283,8.9345617,1.0,0.0,1,concrete,0.9,2.85,191.0,25.2,121.6,0.533,0.00109,0.00054,0.011,0.4821,0.5006,0.5366,it,1,concrete,0.9,States specific density for the location
836,4265.36,4269.14,7683833257012,7687610257012,della cristianità ma anche dei celti ma anche dei romani,-0.3932,-0.2369,0.589,0.0481,9.97,0.1532,0.0,dwelling,45.957283,8.9345617,0.0,0.0,2,contextual,0.9,3.78,214.5,35.3,201.1,0.95,0.00122,0.00034,0.0,0.5958,0.6036,0.7009,it,2,contextual,0.9,Provides historical context/periods
837,4269.48,4273.45,7687951257012,7691918257012,"Ma anche di Neandertal, perché abbiamo delle importanti evidenze Neandertal, non solo generoso, anche sul San Giorgio.",-0.3761,-0.3001,0.51,0.0823,9.959,0.1909,0.0,dwelling,45.957283,8.9345617,0.0,0.0,1,concrete,0.9,3.97,210.1,49.1,198.3,0.968,0.00208,0.00046,0.0,0.5385,0.5562,0.6966,it,1,concrete,0.9,Mentions specific archaeological evidence on site
838,4277.4,4283.9,7695865257012,7702369257012,Giorgio abbiamo neandertal qualcuno ha sentito la necessità di stabilire una relazione con il sacro a,-0.279,-0.2663,0.474,0.1218,9.962,0.2069,0.074,dwelling,45.957283,8.9345655,0.0,0.0,2,contextual,0.9,6.5,218.5,52.5,197.0,0.593,0.0016,0.0008,0.005,0.56,0.571,0.6291,it,2,contextual,0.9,"Interprets historical behavior, generalization"
839,4284.82,4288.48,7703290257011,7706955257011,"verso un monumento, un gesto artistico e questo ha anche un secondo noi un",-0.284,-0.2941,0.457,0.0179,9.97,0.0495,0.0,dwelling,45.9572716,8.9345636,0.0,0.0,2,contextual,0.9,3.66,224.8,19.7,64.8,0.313,0.00162,0.00041,0.0,0.4352,0.5016,0.5441,it,2,contextual,0.9,Elaborates on interpretation and significance
840,4290.03,4297.61,7708501257012,7716078257012,"significato che nasce con la geomorfologia, la composizione dell'acqua e la biodiversità.",-0.3116,-0.308,0.464,0.0458,9.973,0.0213,0.0,dwelling,45.9572716,8.9345646,0.0,0.0,2,contextual,0.95,7.58,160.1,69.9,196.5,0.624,0.00161,0.00063,0.0,0.4434,0.4639,0.591,it,2,contextual,0.95,"Contextual framing: origin of meaning from geomorphology, biodiversity."
841,4297.61,4302.8,7716078257012,7721271257012,il sacro nasce lì e con la relazione con i moti eliaci quando queste cose si combinano in un certo modo,-0.2419,-0.3218,0.494,0.2512,9.948,0.1823,0.0,dwelling,45.9572716,8.9345646,0.0,0.0,2,contextual,0.95,5.19,218.6,29.2,175.3,0.724,0.00125,0.00038,0.0,0.5391,0.5526,0.5341,it,2,contextual,0.95,"Contextual framing: origin of sacred from nature, movements."
842,4305.95,4307.94,7724420257012,7726406257011,Qualcuno ha esperienza del sacro lì e questo crea la concentrazione degli artisti.,-0.3038,-0.2857,0.546,0.0274,9.972,0.1387,0.0,dwelling,45.9572716,8.9345646,1.0,0.0,2,contextual,0.9,1.99,223.1,41.4,205.9,0.921,0.00154,0.00028,0.0,0.5183,0.5222,0.5538,it,2,contextual,0.9,Contextual framing: sacred experience draws artists.
843,4309.96,4313.67,7728432257012,7732143257012,Voi oltre che essere molto carini ed eleganti siete anche molto fortunati.,-0.3552,-0.2606,1.111,0.2603,9.972,0.2418,0.0,dwelling,45.9572716,8.9345646,0.0,0.0,3,aside,1.0,3.71,223.6,42.9,181.8,0.888,0.00136,0.00074,0.026,0.6065,0.5556,0.5135,it,3,aside,1.0,"Aside: direct address to audience, compliment, off-topic."
844,4313.67,4313.81,7732143257012,7732283257012,Grazie.,-0.1943,-0.0854,0.559,0.0,9.967,0.0459,0.0,dwelling,45.9572716,8.9345646,0.0,0.0,3,aside,1.0,0.14,,,,0.0,0.0013,0.00017,0.0,,,,it,3,aside,1.0,"Aside: social interaction, expression of gratitude."
845,4320.17,4321.27,7738641257012,7739743257012,Grazie mille.,-0.0282,-0.2301,0.466,0.0923,10.159,0.7225,0.367,scanning,45.9572716,8.9345541,0.0,0.0,3,aside,1.0,1.1,173.6,20.7,79.6,0.8,0.01526,0.01141,0.029,0.6495,0.5989,0.6817,it,3,aside,1.0,"Aside: social interaction, expression of gratitude."
846,4329.19,4329.8,7747664257012,7748269257012,"Grazie mille, buona giornata.",-0.0831,-0.4502,0.444,0.0103,10.151,0.4175,0.074,scanning,45.9572754,8.9345417,0.0,0.0,3,aside,1.0,0.61,150.5,9.5,34.8,0.75,0.01298,0.00767,0.1,0.5478,0.5031,0.4683,it,3,aside,1.0,"Aside: social interaction, closing remark, gratitude."
847,4336.14,4337.63,7754612257012,7756098257011,"Grazie, buona giornata.",0.11,-0.1322,0.987,0.2344,9.804,0.8726,1.701,walking,45.9572639,8.9346018,0.0,0.0,3,aside,1.0,1.49,109.4,6.5,18.2,0.17,0.00331,0.00289,0.0,0.3492,0.3795,0.4189,it,3,aside,1.0,"Aside: social interaction, closing remark, gratitude."
848,4342.51,4342.65,7760978257012,7761118257012,"Sì, sì.",0.418,-0.3467,0.354,0.0,7.244,0.6347,0.86,walking,45.9572792,8.9346666,0.0,0.0,3,aside,0.9,0.14,,,,0.0,0.00238,0.00052,0.0,,,,it,3,aside,0.9,"Aside: conversational filler, affirmation."
849,4342.67,4342.95,7761138257011,7761419257011,Non abbiamo...,-0.1164,-0.169,0.604,0.2582,12.201,1.4434,1.269,walking,45.9572906,8.9346666,0.0,0.0,3,aside,0.9,0.28,237.8,6.0,17.5,0.667,0.00924,0.00364,0.0,,,,it,3,aside,0.9,"Aside: incomplete thought, self-correction, procedural."
850,4350.03,4350.25,7768501257012,7768722257012,il consenso,-0.0881,-0.13,0.479,0.1257,11.061,1.586,2.373,walking,45.9574165,8.9347982,0.0,0.0,3,aside,0.95,0.22,119.3,0.7,1.4,1.0,0.00937,0.00161,0.0,,,,it,3,aside,0.95,Aside: procedural talk about missing consent.
851,4356.05,4358.9,7774517257011,7777365257012,"Sì, sì, sì.",0.18,-0.3288,0.381,0.1528,10.078,0.7252,1.078,walking,45.9574585,8.9348392,0.0,0.207,3,aside,0.9,2.85,153.9,43.1,177.3,0.922,0.01663,0.01148,0.189,0.5474,0.5784,0.5193,it,3,aside,0.9,"Aside: conversational filler, affirmation."
852,4358.91,4359.3,7777385257012,7777766257012,Spazio pubblico.,0.3696,-0.3737,0.275,0.0117,9.706,0.3246,0.999,walking,45.9574661,8.9348631,0.0,0.0,3,aside,0.95,0.39,123.4,4.5,14.9,0.923,0.01163,0.00438,0.0,,,,it,3,aside,0.95,Aside: procedural/logistical remark about public space.
853,4365.97,4366.45,7784440257012,7784921257012,Non ha problema.,-0.2733,-0.1749,0.599,0.1259,9.21,1.0841,0.861,walking,45.9575233,8.9348793,0.0,0.0,3,aside,0.95,0.48,236.3,6.7,18.1,0.312,0.00082,0.00036,0.0,0.5488,0.5253,0.4182,it,3,aside,0.95,"Aside: social interaction, reassuring, procedural."
854,4366.47,4367.85,7784941257011,7786324257012,C'è una regola sugli indigeni che usiamo gli antropologi.,0.2311,-0.1739,0.433,0.3469,10.166,0.8022,0.861,walking,45.957531,8.9348812,0.0,0.0,2,contextual,0.95,1.38,273.2,50.7,152.0,0.955,0.0016,0.00065,0.0,0.5665,0.5829,0.5933,it,2,contextual,0.95,"Contextual: tangential domain context, anthropological rule."
855,4372.93,4378.94,7791400257012,7797415257011,Non posso disturbarvi chiedendo un'approvazione perché produco una distanza cognitiva e devo,0.0523,-0.2177,0.62,0.3873,10.039,0.785,0.811,walking,45.9575195,8.9348898,0.0,0.0,3,aside,0.95,6.01,228.5,38.8,181.0,0.899,0.00165,0.00052,0.0,0.5217,0.5262,0.5354,it,3,aside,0.95,Meta-discussion about interaction and cognitive distance.
856,4382.06,4382.84,7800526257011,7801307257012,Solo dopo.,-0.2159,-0.302,0.619,0.1142,10.385,0.501,1.644,walking,45.9575729,8.9349766,0.0,0.0,3,aside,0.95,0.78,156.7,50.3,140.4,0.92,0.01386,0.01051,0.32,0.1983,0.2576,0.369,it,3,aside,0.95,Procedural comment related to previous meta-discussion.
857,4391.77,4392.17,7810235257012,7810636257012,"Ah, è a posteriori!",0.4054,-0.2277,0.313,0.1856,10.073,1.7191,0.86,walking,45.9576416,8.9350815,0.0,0.0,3,aside,0.95,0.4,163.8,11.5,34.6,1.0,0.01422,0.00346,0.0,,,,it,3,aside,0.95,Elaboration on the meta-discussion about process.
858,4403.45,4403.67,7821923257012,7822143257012,"Sì, sì, sì.",0.5644,-0.2401,0.372,0.0092,8.706,0.4895,0.668,walking,45.9577179,8.9351368,0.0,0.0,3,aside,0.95,0.22,282.2,26.1,76.2,1.0,0.00229,0.00056,0.0,,,,it,3,aside,0.95,Agreement within a meta-discussion.
859,4411.02,4416.27,7829485257012,7834745257012,perché loro non sanno cosa sia in realtà è solo un consenso,-0.2577,-0.2874,0.633,0.2175,9.945,0.7176,0.429,scanning,45.9577446,8.9351683,0.189,0.208,3,aside,0.95,5.25,227.7,56.7,241.3,0.8,0.00156,0.00095,0.061,0.5536,0.5558,0.6574,it,3,aside,0.95,Further explanation on consent in the interaction.
860,4416.27,4416.52,7834745257012,7834985257012,Il consenso.,-0.3055,-0.3152,0.624,0.0117,9.294,0.561,1.913,walking,45.9577827,8.9352102,0.0,0.0,3,aside,0.95,0.25,198.2,8.2,22.1,1.0,0.00108,0.00013,0.0,,,,it,3,aside,0.95,Confirmation within meta-discussion about consent.
861,4440.03,4440.69,7858501257012,7859163257012,¡Gracias por ver el video!,-0.1625,-0.6397,0.206,0.0389,10.136,0.4485,0.431,scanning,45.9578285,8.9355326,1.0,0.143,3,aside,1.0,0.66,245.7,32.1,115.1,1.0,0.00146,0.00021,0.0,0.4532,0.361,0.3591,es,3,aside,1.0,Off-topic closing remarks for a video.
862,4440.71,4441.3,7859183257012,7859765257012,¡Suscríbete al canal!,-0.1063,-0.2856,0.198,0.0096,9.903,0.0993,0.423,dwelling,45.9578285,8.9355307,1.0,1.0,3,aside,1.0,0.59,,,,0.0,0.00163,0.00034,0.0,0.4357,0.3769,0.4914,es,3,aside,1.0,Off-topic call to action for a video.
863,4447.57,4448.19,7866044257012,7866665257012,Gracias.,-0.1218,-0.3912,0.182,0.0069,9.989,0.0308,0.074,dwelling,45.9578362,8.9355326,1.0,1.0,3,aside,1.0,0.62,,,,0.0,0.00166,0.00034,0.0,0.7309,0.5617,0.6207,es,3,aside,1.0,General off-topic closing remark.
864,4486.2,4486.6,7904670257012,7905070257012,E' graffiato.,-0.0132,-0.1764,0.476,0.0743,10.156,0.5738,0.431,scanning,45.9581108,8.9359388,0.0,0.0,1,concrete,0.9,0.4,207.7,25.2,66.5,1.0,0.00162,0.00022,0.0,0.4112,0.4238,0.4991,it,1,concrete,0.9,Describes a physical characteristic/technique of an object.
865,4493.23,4496.51,7911704257012,7914975257012,"Come in italiano questa decorazione, questa tecnica?",-0.0772,-0.2565,0.462,0.224,10.185,1.192,0.899,walking,45.9581337,8.9360132,0.0,0.03,3,aside,1.0,3.28,147.7,25.6,103.0,0.786,0.01213,0.00715,0.049,0.4983,0.5037,0.3938,it,3,aside,1.0,"Metalinguistic remark, asking for a term."
866,4500.05,4504.0,7918521257012,7922470257012,alto rilievo ma non è neanche corretto non lo so come si chiama graffiato in spagnolo,0.0089,-0.2806,0.632,0.2297,10.003,0.8444,0.928,walking,45.9581871,8.9359999,0.275,0.1,3,aside,1.0,3.95,198.9,55.7,189.1,0.589,0.00237,0.00156,0.097,0.365,0.4043,0.4395,it,3,aside,1.0,Self-correction and metalinguistic remark about terminology.
867,4508.03,4508.79,7926500257012,7927262257012,originalmente è molto comune a Segovia,-0.0362,-0.4477,0.53,0.0657,9.645,0.585,1.605,walking,45.9582481,8.936039,0.5,0.125,2,contextual,0.95,0.76,,,,0.0,0.00284,0.00114,0.0,0.209,0.2358,0.3711,it,2,contextual,0.95,Provides historical and geographical context of a technique.
868,4516.23,4518.36,7934699257012,7936826257012,"E dopo Segovia ha popularizzato, sì.",-0.1602,-0.2856,0.576,0.2558,10.167,0.769,1.078,walking,45.9582901,8.9361668,0.143,0.0,2,contextual,0.95,2.13,148.8,18.2,73.5,0.791,0.01595,0.00771,0.03,0.4683,0.4657,0.4889,it,2,contextual,0.95,"Explains popularization, adding historical context."
869,4521.31,4528.57,7939783257012,7947037257012,ecco qua per esempio vedete questi sono indigeni però lì di fianco c'è un aloe,0.167,-0.264,0.712,0.1791,10.044,0.4391,0.981,walking,45.9583359,8.9362545,0.068,0.233,1,concrete,1.0,7.26,212.1,15.5,56.8,0.15,0.00542,0.00461,0.163,0.5921,0.5986,0.761,it,1,concrete,1.0,Points out and names specific objects in the space.
870,4528.57,4528.79,7947037257012,7947260257012,Va bene.,-0.2417,-0.2265,0.575,0.0645,9.475,0.2747,0.85,walking,45.9583473,8.9362888,0.0,0.0,3,aside,1.0,0.22,,,,0.0,0.0025,0.00037,0.0,,,,it,3,aside,1.0,Common filler or agreement word.
871,4530.03,4530.39,7948501257012,7948863257012,Non sono naturale.,-0.46,-0.099,0.511,0.1063,10.341,1.5434,0.786,walking,45.9583549,8.936306,0.0,0.0,3,aside,0.9,0.36,,,,0.0,0.00159,0.00018,0.0,,,,it,3,aside,0.9,"Personal comment, seems off-topic."
872,4531.42,4534.08,7949888257012,7952552257012,"E' meglio, vedi qui c'è una salvia, c'è gente che sa usare le cose.",0.1226,-0.2617,1.106,0.1317,10.127,0.8591,0.788,walking,45.9583588,8.9363384,0.0,0.0,1,concrete,1.0,2.66,160.1,22.6,92.0,0.655,0.01057,0.00772,0.143,0.5322,0.4869,0.71,it,1,concrete,1.0,Names an object observed in the physical space.
873,4539.19,4539.65,7957664257012,7958125257012,Ma Salvia non è locale?,0.1556,-0.1345,0.516,0.0564,10.089,1.0603,1.116,walking,45.9583778,8.9363689,0.0,0.0,1,concrete,1.0,0.46,126.6,9.6,37.7,0.667,0.00812,0.00454,0.067,0.4009,0.446,0.4149,it,1,concrete,1.0,Asks about a feature of the named object.
874,4539.68,4540.18,7958145257012,7958647257012,"La Salvia sì, lo è anche.",0.2211,-0.2522,0.71,0.0737,10.438,0.5405,1.222,walking,45.9583817,8.9363823,0.0,0.0,1,concrete,1.0,0.5,132.6,7.0,21.4,1.0,0.01785,0.00454,0.0,0.3787,0.4134,0.6202,it,1,concrete,1.0,States a feature of the named object.
875,4549.73,4550.39,7968200257012,7968864257012,Cinque leone.,-0.0175,-0.5175,0.287,0.0278,10.009,1.3794,1.109,walking,45.9584122,8.9365025,0.286,0.714,1,concrete,1.0,0.66,,,,0.0,0.00182,0.00035,0.0,0.6614,0.5778,0.4759,it,1,concrete,1.0,Names observed features or objects.
876,4564.55,4567.4,7983023257012,7985872257012,"Ah interessante, tutte le scude della Svizzera.",-0.0752,-0.2743,0.929,0.1284,10.021,0.3177,0.447,scanning,45.9583969,8.9366245,0.0,0.0,1,concrete,1.0,2.85,133.7,18.1,144.9,0.933,0.0066,0.00405,0.089,0.1882,0.2702,0.3471,it,1,concrete,1.0,Identifies observed objects (shields of Switzerland).
877,4576.15,4576.72,7994625257012,7995186257012,"Sì, cantoni.",0.0988,-0.2752,0.659,0.0677,9.985,0.2526,0.074,scanning,45.9583931,8.9366417,0.0,0.0,1,concrete,1.0,0.57,128.8,7.2,20.0,0.944,0.00876,0.00413,0.056,0.1757,0.2872,0.235,it,1,concrete,1.0,Clarifies the nature of identified objects.
878,4576.74,4576.94,7995206257012,7995407257012,Tutti?,0.0128,-0.2449,0.742,0.0392,9.996,0.1062,0.074,dwelling,45.9583931,8.9366426,0.0,0.0,3,aside,0.9,0.2,121.9,3.0,8.4,1.0,0.00609,0.00096,0.0,,,,it,3,aside,0.9,"Clarification question, not about object's intrinsic nature."
879,4577.04,4577.4,7995507257012,7995868257012,"Non tutti, no?",-0.04,-0.2479,0.607,0.0032,10.029,0.0399,0.074,dwelling,45.9583931,8.9366426,0.0,0.0,3,aside,1.0,0.36,210.6,13.0,35.9,1.0,0.00135,0.00033,0.0,,,,it,3,aside,1.0,Self-correction or procedural clarification.
880,4577.42,4577.9,7995888257012,7996369257012,"Ma anche... 5, 6, 7, 8.",-0.1054,-0.2643,0.767,0.0507,9.995,0.1872,0.074,dwelling,45.9583931,8.9366426,0.0,0.0,1,concrete,0.9,0.48,214.0,26.3,115.5,1.0,0.00113,0.00037,0.0,0.3611,0.3342,0.441,it,1,concrete,0.9,Enumerating observed features or objects.
881,4583.72,4584.24,8002193257012,8002715257012,Ma cosa è questo edificio?,-0.2746,-0.1515,1.342,0.0099,9.998,0.1175,0.0,dwelling,45.9583969,8.9366474,0.0,0.0,1,concrete,1.0,0.52,116.7,9.9,29.2,0.824,0.00351,0.00279,0.059,0.1042,0.1779,0.1483,it,1,concrete,1.0,Asks to identify a specific physical object.
882,4590.65,4593.4,8009123257012,8011872257012,"Allora, c'è sta punta?",-0.1039,-0.2326,0.689,0.0459,10.132,0.2894,0.074,scanning,45.9583969,8.9366436,0.0,0.0,1,concrete,1.0,2.75,66.3,2.6,9.7,0.395,0.00212,0.00163,0.012,0.4457,0.4349,0.4176,it,1,concrete,1.0,Asks about a specific physical feature.
883,4598.2,4599.29,8016668257012,8017758257012,politiche erano separate da,0.1582,-0.3897,0.419,0.0725,10.031,0.3638,0.147,scanning,45.9584045,8.9366627,0.0,0.0,2,contextual,1.0,1.09,201.1,3.5,10.6,0.286,0.00176,0.00042,0.0,0.5634,0.5119,0.5308,it,2,contextual,1.0,Provides historical or contextual background information.
884,4612.14,4612.64,8030607257012,8031108257012,Ma questa è Diana o chi?,-0.3182,-0.3031,0.565,0.0091,10.019,0.0681,0.074,dwelling,45.9583893,8.9366732,0.0,0.0,1,concrete,1.0,0.5,138.3,22.3,54.5,0.938,0.00183,0.00128,0.0,0.2014,0.2409,0.4522,it,1,concrete,1.0,Asks to identify a specific figure or object.
885,4612.78,4613.74,8031248257012,8032209257012,"Sì, sì, sì.",-0.2075,-0.2448,1.591,0.254,10.15,1.3674,0.0,scanning,45.9583893,8.9366732,0.0,0.222,3,aside,0.9,0.96,129.0,24.7,111.3,0.935,0.00878,0.00327,0.065,0.4003,0.4945,0.5332,it,3,aside,0.9,Filler or simple agreement.
886,4620.99,4622.46,8039464257012,8040929257012,La donna.,-0.3741,-0.336,3.2,0.0227,10.064,0.145,0.0,dwelling,45.9583893,8.9366732,0.0,0.0,3,aside,0.7,1.47,65.4,1.2,4.3,0.239,0.00151,0.00026,0.0,0.4706,0.4997,0.5669,it,3,aside,0.7,"Short, possibly an interjection or guess."
887,4622.62,4623.38,8041089257012,8041852257012,Diana.,-0.304,-0.3221,3.005,0.0318,10.011,0.156,0.0,dwelling,45.9583893,8.9366732,0.0,0.0,3,aside,0.7,0.76,126.1,14.5,44.4,0.75,0.00547,0.00362,0.208,0.3528,0.3696,0.3215,it,3,aside,0.7,"Short, possibly an interjection or guess."
888,4628.21,4628.55,8046677257012,8047020257012,La casa!,-0.0517,-0.458,0.579,0.0162,10.208,0.4047,0.0,scanning,45.9583893,8.9366732,0.0,0.0,3,aside,0.7,0.34,,,,0.0,0.01839,0.01123,0.091,,,,it,3,aside,0.7,"Short, possibly an exclamation or guess."
889,4637.94,4638.14,8056405257012,8056607257012,È un'arpa?,-0.0591,-0.2474,1.022,0.0068,9.925,0.2791,0.369,scanning,45.958416,8.9366951,0.0,0.0,3,aside,0.8,0.2,159.7,5.4,17.1,1.0,0.01621,0.00594,0.0,,,,it,3,aside,0.8,"A question, possibly a guess about an object."
890,4638.16,4638.3,8056627257012,8056769257012,Potere?,-0.038,-0.1893,0.822,0.0,10.066,0.1067,0.369,dwelling,45.958416,8.9366951,0.0,0.0,3,aside,0.7,0.14,146.1,3.5,9.2,1.0,0.01651,0.00206,0.0,,,,it,3,aside,0.7,"Short, possibly a question or interjection."
891,4650.03,4650.15,8068501257012,8068622257012,Ah ah.,-0.2485,-0.1769,1.18,0.0,9.96,0.1464,0.074,dwelling,45.9584274,8.9367218,0.0,0.0,3,aside,0.9,0.12,197.1,2.9,6.8,1.0,0.00148,0.00019,0.0,,,,it,3,aside,0.9,Laughter or filler.
892,4654.35,4658.9,8072821257012,8077367257012,abbiamo una chiesa che si sta orientando in questo punto in questo angolo,-0.2787,-0.3199,2.309,0.0733,10.037,0.0311,0.074,dwelling,45.9584274,8.9367161,0.0,0.0,1,concrete,0.95,4.55,231.9,40.2,180.5,0.385,0.00136,0.00036,0.0,0.4742,0.4999,0.5615,it,1,concrete,0.95,Describes the orientation of a church in the space.
893,4671.21,4678.33,8089684257012,8096804257012,questo disegno non è casuale perchè ti manda alla montagna,-0.1386,-0.2615,1.586,0.1665,9.917,0.5154,0.147,scanning,45.958416,8.9367905,0.0,0.085,1,concrete,0.95,7.12,139.5,86.1,290.2,0.466,0.00296,0.00296,0.372,0.4235,0.4634,0.6745,it,1,concrete,0.95,Explains the purpose of a design feature.
894,4680.03,4681.43,8098501257012,8099903257012,Questo è il San Giorgio.,-0.2745,-0.2973,2.107,0.0892,10.044,0.7625,0.221,scanning,45.9584007,8.9367952,0.0,0.0,1,concrete,0.95,1.4,283.1,18.4,70.5,0.273,0.00297,0.00052,0.0,0.5013,0.4903,0.5724,it,1,concrete,0.95,Names a specific feature in the space.
895,4681.97,4684.56,8100444257012,8103028257012,"Ora, se noi andiamo all'interno...",-0.1168,-0.2651,2.167,0.1168,9.984,0.2879,0.148,scanning,45.9584007,8.9368,0.0,0.0,3,aside,0.9,2.59,250.8,19.7,71.9,0.84,0.00381,0.00152,0.0,0.5897,0.5196,0.5603,it,3,aside,0.9,"Procedural comment, indicating a next step."
896,4686.78,4688.27,8105251257012,8106738257012,Sì.,-0.2758,-0.3079,1.026,0.1352,9.993,0.1006,0.295,dwelling,45.9583969,8.9367952,0.0,0.0,3,aside,0.9,1.49,66.0,3.2,13.6,0.426,0.00193,0.00043,0.0,0.5711,0.5573,0.4268,it,3,aside,0.9,"Simple affirmation, likely filler."
897,4691.1,4693.27,8109571257012,8111735257012,"Il sole a mezzogiorno è sempre a sud, sia d'estate che d'inverno.",-0.1026,-0.2747,1.487,0.1499,9.961,0.2668,0.073,scanning,45.9583931,8.9367914,0.5,0.773,2,contextual,0.95,2.17,303.4,39.1,143.9,0.588,0.00214,0.00067,0.0,0.5987,0.5914,0.3977,it,2,contextual,0.95,General astronomical/geographic fact about the sun.
898,4696.45,4698.67,8114920257012,8117144257012,"Variano i punti in cui sorge e tramonta, ma lui a mezzogiorno è sempre a sud.",-0.083,-0.2047,2.222,0.1456,10.051,0.7339,0.0,scanning,45.9583931,8.9367924,0.0,0.0,2,contextual,0.95,2.22,230.1,50.7,152.3,0.4,0.0024,0.00119,0.0,0.4232,0.4747,0.4686,it,2,contextual,0.95,Elaborates on a general astronomical/geographic fact.
899,4702.12,4703.46,8120590257012,8121931257012,È molto in alto qua perché siamo in estate.,-0.1083,-0.1054,2.234,0.095,9.978,0.3816,0.0,scanning,45.9583931,8.9367952,1.0,0.214,1,concrete,0.9,1.34,251.6,54.7,203.9,0.786,0.00295,0.00102,0.0,0.5049,0.5325,0.5577,it,1,concrete,0.9,Explains a concrete observation in the current environment.
900,4703.48,4705.72,8121951257012,8124193257012,In inverno sarà tipo qui.,-0.1097,-0.2515,1.911,0.0833,10.005,0.2599,0.0,scanning,45.9583931,8.9367952,1.0,0.727,1,concrete,0.9,2.24,264.0,38.3,168.1,0.507,0.00219,0.00104,0.0,0.546,0.5539,0.581,it,1,concrete,0.9,Describes physical condition related to space.
901,4710.85,4717.15,8129323257012,8135622257012,"È proprio come, nello stesso sguardo, tu avrai la punta della montagna e il sole davanti.",-0.1117,-0.1664,1.544,0.0791,9.99,0.2696,0.0,scanning,45.9583931,8.9367952,0.46,0.0,1,concrete,0.9,6.3,240.5,75.5,284.1,0.802,0.00238,0.00094,0.015,0.5271,0.5594,0.5228,it,1,concrete,0.9,Explains tangible visual phenomenon in space.
902,4717.15,4719.86,8135622257012,8138328257012,"Se noi veniamo qui il 21 di dicembre ed è un giorno soleggiato, questo sole così in alto lo vedremo.",-0.1286,-0.2755,2.053,0.0607,9.978,0.1429,0.0,dwelling,45.9583931,8.9367952,0.429,0.0,1,concrete,0.9,2.71,254.2,39.7,144.9,0.859,0.0028,0.0012,0.0,0.5554,0.5439,0.5873,it,1,concrete,0.9,Explains specific observable phenomenon in physical space.
903,4725.17,4726.41,8143641257012,8144885257012,E sarà chiarissimo quello che cerco di spiegarvi.,-0.1106,-0.1659,1.438,0.1417,9.955,0.5663,0.0,scanning,45.9583931,8.9367952,0.667,0.0,3,aside,0.95,1.24,145.9,69.4,158.7,0.744,0.00177,0.00048,0.0,0.5643,0.5946,0.6396,it,3,aside,0.95,Metalinguistic comment about the explanation process.
904,4731.43,4733.58,8149899257012,8152049257012,"Molto impressionante sta cosa, no?",0.164,-0.0465,0.271,0.1517,10.043,0.7741,0.0,scanning,45.9583931,8.9367971,0.0,0.0,3,aside,0.95,2.15,171.7,80.6,213.7,0.926,0.00354,0.00189,0.015,0.562,0.5554,0.4788,it,3,aside,0.95,Expresses opinion and engages audience.
905,4733.6,4736.09,8152069257012,8154560257012,Ancora di più quello che c'è dentro.,0.0115,-0.1964,0.501,0.1845,9.994,0.6504,0.0,scanning,45.9583931,8.9367971,0.0,0.0,3,aside,0.9,2.49,228.2,31.6,96.2,0.449,0.00281,0.00077,0.0,0.5545,0.5533,0.4902,it,3,aside,0.9,"Continues opinion/engagement, vague reference."
906,4742.18,4742.39,8160651257012,8160855257012,Ah no?,-0.1733,-0.3151,0.6,0.0158,9.893,0.1386,0.0,dwelling,45.9583931,8.9367971,0.0,0.0,3,aside,0.95,0.21,112.8,6.2,13.8,1.0,0.00951,0.00111,0.0,,,,it,3,aside,0.95,Short interjection seeking confirmation.
907,4755.97,4756.45,8174438257012,8174921257012,Grazie mille.,-0.1279,0.2105,0.5,0.006,10.069,0.1272,0.0,dwelling,45.9583931,8.9367971,0.0,0.0,3,aside,1.0,0.48,107.4,3.8,10.9,1.0,0.00349,0.00053,0.0,0.0552,0.1511,0.368,it,3,aside,1.0,Polite social remark.
908,4766.39,4767.4,8184860257012,8185865257012,Dove erano San Giorgio e Sant'Andrea?,-0.3675,-0.2674,0.65,0.3558,10.019,1.4061,0.0,scanning,45.9583969,8.936799,0.0,0.0,1,concrete,0.9,1.01,201.1,7.3,23.0,1.0,0.00152,0.00021,0.0,0.363,0.4002,0.4859,it,1,concrete,0.9,Asks for specific location of features.
909,4767.44,4767.92,8185905257012,8186387257012,"Sì, là.",-0.5057,-0.4231,0.364,0.0049,9.962,0.284,0.0,scanning,45.9583969,8.936799,0.0,0.0,1,concrete,0.95,0.48,186.9,11.1,34.6,1.0,0.00138,0.00022,0.0,0.4461,0.4802,0.5839,it,1,concrete,0.95,Direct spatial reference as an answer.
910,4770.03,4770.23,8188501257012,8188702257012,al fronte.,0.1801,-0.2307,0.562,0.1082,9.553,2.0999,0.0,scanning,45.9583969,8.9368,0.0,0.0,1,concrete,0.95,0.2,94.1,1.8,5.4,0.857,0.00257,0.00102,0.0,,,,it,1,concrete,0.95,Further clarifies specific location.
911,4777.62,4779.72,8196095257012,8198185257012,Loro sono come gli ambasciatori di questa storia.,0.1064,-0.2093,0.656,0.2104,10.075,0.4205,0.0,scanning,45.9583969,8.9368,0.0,0.0,2,contextual,0.9,2.1,240.5,53.0,182.6,0.955,0.00167,0.00039,0.0,0.4417,0.469,0.5174,it,2,contextual,0.9,Provides interpretive framing for specific features.
912,4782.99,4783.92,8201461257012,8202386257012,Dopo è come l'inizio e le finali del cammino.,-0.2032,-0.2958,0.491,0.2089,10.103,0.8648,0.0,scanning,45.9583969,8.9368,0.0,0.333,2,contextual,0.9,0.93,132.8,11.0,47.7,1.0,0.01081,0.00528,0.033,0.3989,0.4663,0.609,it,2,contextual,0.9,Provides interpretive framing for the experience.
913,4787.77,4787.91,8206237257012,8206377257012,Grazie.,-0.0259,-0.2226,0.64,0.0,10.303,0.3567,0.0,scanning,45.9583969,8.936801,0.0,0.0,3,aside,1.0,0.14,164.8,2.5,6.7,1.0,0.0007,0.00014,0.0,,,,it,3,aside,1.0,Polite social remark.
914,4804.7,4804.94,8223172257012,8223415257012,Grazie.,0.3334,-0.2955,0.321,0.0066,10.406,1.5328,0.0,scanning,45.9583969,8.936801,0.0,0.0,3,aside,1.0,0.24,,,,0.0,0.0007,0.00014,0.0,,,,it,3,aside,1.0,Polite social remark.
915,4807.03,4809.86,8225504257012,8228330257012,"San Giorgio viene posizionato guardandolo, guardando se stesso nella montagna.",0.1461,-0.1658,0.502,0.2263,10.11,1.6525,0.0,scanning,45.9583969,8.936801,0.0,0.138,1,concrete,1.0,2.83,202.4,36.0,137.7,0.809,0.00198,0.00044,0.0,0.3845,0.481,0.6069,it,1,concrete,1.0,Describes object positioning in space.
916,4816.69,4816.99,8235157257012,8235457257012,Incredibile no?,-0.1161,-0.2028,0.821,0.0293,10.001,0.4114,0.0,scanning,45.9583969,8.9368019,0.0,0.0,3,aside,1.0,0.3,183.8,9.6,25.8,1.0,0.00127,0.00015,0.0,,,,it,3,aside,1.0,"Rhetorical question, seeking engagement."
917,4817.01,4817.41,8235477257012,8235878257012,Incredibile sì o no?,-0.0347,-0.2171,0.787,0.0517,10.0,0.111,0.0,dwelling,45.9583969,8.9368019,0.0,0.0,3,aside,1.0,0.4,176.5,11.3,36.8,1.0,0.00141,0.00015,0.0,,,,it,3,aside,1.0,"Rhetorical question, seeking confirmation."
918,4830.72,4838.72,8249193257012,8257192257012,"sempre noi, comincerete a rivedere tutto qui intorno i diversi elementi che compongono tutte queste chiese in questo modo.",-0.1536,-0.3828,0.423,0.1629,9.891,0.3994,1.175,walking,45.9584274,8.9368448,0.0,0.988,2,contextual,0.9,8.0,196.6,27.0,156.4,0.96,0.00106,0.00019,0.0,0.382,0.4404,0.4351,it,2,contextual,0.9,"Guides audience's observation, frames understanding."
919,4838.72,4840.89,8257192257012,8259357257012,che non troverete in molte altre chiese fuori da qui cioè se trovate questa pietra la trovate per elementi,0.1303,-0.1225,0.442,0.1112,9.845,0.1502,0.914,walking,45.9584846,8.9369097,0.0,1.0,2,contextual,0.9,2.17,218.0,35.2,131.8,0.868,0.0015,0.00035,0.0,0.3081,0.3802,0.4517,it,2,contextual,0.9,Provides context on uniqueness of materials.
920,4848.12,4849.66,8266591257012,8268135257012,molto monumentali di cattedrali cioè era venduto,0.0038,-0.0846,0.515,0.2307,9.873,0.0487,1.682,walking,45.9584503,8.9369574,0.0,1.0,2,contextual,0.9,1.54,183.0,16.3,50.4,1.0,0.00076,0.00034,0.0,0.3187,0.4006,0.3661,it,2,contextual,0.9,Elaborates on material's value and use.
921,4880.96,4881.11,8299433257012,8299577257012,Grazie.,-0.1173,-0.1907,1.092,0.0,9.749,2.1684,0.294,scanning,45.9585037,8.9371443,1.0,0.0,3,aside,1.0,0.15,,,,0.0,0.0011,0.00013,0.0,,,,it,3,aside,1.0,"Social interjection, expressing gratitude."
922,4882.19,4889.63,8300658257012,8308096257012,C'è l'idea della massima composizione dei marmi che si riflette in una massima organizzazione dello spazio plasma.,-0.0094,-0.1427,0.66,0.2,10.013,0.4468,0.424,scanning,45.9585114,8.9371424,0.297,0.095,2,contextual,0.8,7.44,199.1,28.9,121.6,1.0,0.00108,0.00031,0.0,0.4423,0.4895,0.4621,it,2,contextual,0.8,General principle of design or organization.
923,4890.03,4896.01,8308501257012,8314475257012,poi è evidente che questo altare è stato costruito un pochino dopo il dipinto,0.1177,-0.329,0.532,0.2652,9.987,0.3444,0.0,scanning,45.9585152,8.9371414,0.983,0.0,1,concrete,1.0,5.98,170.9,46.6,148.6,0.652,0.00094,0.00012,0.0,0.2831,0.349,0.3582,it,1,concrete,1.0,Factual detail about object's construction history.
924,4899.23,4899.37,8317701257012,8317841257012,"Sì, sì.",0.3143,-0.1268,0.604,0.097,10.07,3.238,0.0,scanning,45.9585152,8.9371405,0.5,0.0,3,aside,1.0,0.14,278.9,10.3,30.9,1.0,0.00116,0.00021,0.0,,,,it,3,aside,1.0,"Affirmative response, filler."
925,4907.72,4907.97,8326186257012,8326439257012,Grazie.,-0.0999,0.0347,0.707,0.0168,9.965,0.0842,0.0,dwelling,45.9585114,8.9371414,1.0,0.0,3,aside,1.0,0.25,117.9,6.4,18.6,1.0,0.00642,0.00279,0.0,,,,it,3,aside,1.0,"Social interjection, expressing gratitude."
926,4920.92,4921.44,8339389257012,8339912257012,Grazie.,0.4726,-0.191,0.396,0.0629,10.049,0.6298,0.0,scanning,45.9585228,8.9371443,0.8,0.0,3,aside,1.0,0.52,219.3,18.6,46.1,1.0,0.00097,0.00017,0.0,0.4146,0.3799,0.4399,it,3,aside,1.0,"Social interjection, expressing gratitude."
927,4930.65,4931.21,8349115257012,8349676257012,le opere dipende,-0.0446,-0.1524,0.554,0.2752,10.044,1.3736,0.0,scanning,45.9585228,8.9371443,0.5,0.0,3,aside,0.9,0.56,240.2,17.4,51.4,1.0,0.0013,0.00017,0.0,0.4294,0.4205,0.3965,it,3,aside,0.9,"Incomplete thought, partial response."
928,4962.87,4963.04,8381343257012,8381507257012,la...,-0.339,-0.3137,0.455,0.0,9.944,0.024,0.0,dwelling,45.9585228,8.9371433,0.0,0.0,3,aside,1.0,0.17,171.2,3.0,8.9,1.0,0.00087,0.0001,0.0,,,,it,3,aside,1.0,"Incomplete word, filler."
929,4966.16,4969.72,8384629257012,8388194257012,Tutto questo coro sarà la parte inferiore di questo dipinto.,-0.1645,-0.197,0.657,0.2816,9.971,0.6628,0.0,scanning,45.9585228,8.9371433,0.829,0.0,1,concrete,1.0,3.56,186.1,19.2,102.0,0.982,0.00108,0.00012,0.0,0.382,0.4181,0.5106,it,1,concrete,1.0,Identifies object and its relation to painting.
930,4969.78,4972.09,8388254257012,8390557257012,"E qua è super interessante, ragazzi, nella contropacciata.",-0.4795,-0.0138,0.942,0.0682,9.984,0.3283,0.0,scanning,45.9585228,8.9371433,0.0,0.0,2,contextual,0.9,2.31,175.5,14.6,59.1,0.986,0.00093,0.0001,0.0,0.3218,0.3714,0.5064,it,2,contextual,0.9,Framing observation and audience address
931,4975.49,4978.24,8393965257012,8396712257012,interpretata perché dietro l'ultima cena c'è il paese,-0.4304,0.0385,0.824,0.0238,9.988,0.0224,0.074,dwelling,45.9585266,8.9371414,0.0,0.0,1,concrete,1.0,2.75,188.8,30.8,122.3,0.988,0.00114,0.00013,0.0,0.2351,0.2714,0.4856,it,1,concrete,1.0,Describing specific artistic detail
932,4983.93,4988.66,8402399257012,8407132257012,"Leonardo pone uno spazio astratto, pone un luogo concettuale.",-0.0832,-0.2032,0.581,0.2855,9.98,0.3383,0.074,scanning,45.9585228,8.9371452,0.25,0.125,2,contextual,1.0,4.73,215.7,69.5,213.8,0.878,0.00109,0.00017,0.0,0.2812,0.3872,0.3371,it,2,contextual,1.0,Explaining abstract artistic technique
933,4995.67,4997.43,8414143257012,8415904257012,E invece qui l'artista sta definendo questo sistema come un luogo reale.,-0.4363,-0.1354,1.167,0.0392,10.011,0.0227,0.0,dwelling,45.9585266,8.9371462,0.412,0.0,2,contextual,1.0,1.76,165.0,9.0,33.3,0.625,0.00093,7e-05,0.0,0.1351,0.2231,0.3435,it,2,contextual,1.0,Explaining artistic approach via contrast
934,5001.48,5001.62,8419949257012,8420091257012,Grazie.,-0.4992,-0.1393,1.032,0.0,9.997,0.0218,0.0,dwelling,45.9585266,8.9371462,0.0,0.0,3,aside,1.0,0.14,,,,0.0,0.00085,0.0001,0.0,,,,it,3,aside,1.0,Procedural social comment
935,5007.54,5008.06,8426007257012,8426529257012,Che sembra un vulcano.,-0.3196,0.0196,0.8,0.0256,10.032,0.0579,0.147,dwelling,45.9585228,8.9371433,0.0,0.0,1,concrete,1.0,0.52,187.3,26.4,114.6,1.0,0.00095,0.00014,0.0,0.3818,0.3639,0.378,it,1,concrete,1.0,Direct description of appearance
936,5010.03,5013.21,8428501257012,8431684257012,è vero ecco volevo finire il nostro percorso in questo posto perché mi sembra,-0.0887,-0.1643,0.78,0.2949,10.018,0.2898,0.0,scanning,45.9585228,8.9371405,0.0,0.0,3,aside,1.0,3.18,174.5,24.0,100.4,0.71,0.00125,0.00015,0.0,0.201,0.2562,0.4423,it,3,aside,1.0,Filler and procedural talk
937,5025.9,5028.29,8444374257012,8446762257012,"ed il 600, che sono edifici, sono architetture ultra-autoreferenziate, perché hanno...",0.0348,-0.4695,0.308,0.0968,9.961,0.1855,0.0,dwelling,45.958519,8.9371395,0.0,0.0,2,contextual,0.9,2.39,183.5,36.8,115.5,0.947,0.00098,0.00013,0.0,0.4238,0.47,0.4958,it,2,contextual,0.9,Generalizing architectural characteristics
938,5029.79,5037.59,8448262257012,8456058257012,"Queste chiese hanno 1200 anni di storia prima, quindi non hanno bisogno di niente per costruirsi.",-0.1148,-0.3293,0.353,0.0788,9.965,0.2087,0.0,dwelling,45.958519,8.9371395,0.0,0.0,2,contextual,1.0,7.8,194.1,26.9,169.1,0.869,0.0012,0.00021,0.0,0.4037,0.4539,0.5257,it,2,contextual,1.0,Historical context and generalization
939,5040.03,5042.74,8458501257012,8461213257012,questa chiesa continua a parlare,0.0431,-0.2614,0.515,0.2317,10.002,0.413,0.0,scanning,45.958519,8.9371376,0.0,0.0,2,contextual,0.9,2.71,223.5,19.7,69.3,1.0,0.00138,0.00028,0.0,0.2863,0.3473,0.4879,it,2,contextual,0.9,Metaphorical statement about significance
940,5044.88,5052.49,8463347257012,8470965257012,è più facile che lo faccia Santa Marta che sorge in un luogo ancestrale è più facile che lo faccia la Madonna Santa,0.0722,-0.3241,0.421,0.2636,9.955,0.3614,0.0,scanning,45.9585152,8.9371376,0.224,0.211,2,contextual,0.9,7.61,200.5,35.8,125.1,0.597,0.00124,0.00036,0.013,0.4336,0.5027,0.4281,it,2,contextual,0.9,Comparative cultural/historical significance
941,5052.86,5053.02,8471326257012,8471491257012,Grazie.,0.0891,-0.2454,0.448,0.0001,9.946,0.0159,0.0,dwelling,45.9585152,8.9371376,0.0,0.0,3,aside,1.0,0.16,193.9,2.5,5.6,1.0,0.00079,0.0001,0.0,,,,it,3,aside,1.0,Procedural social comment
942,5055.96,5058.63,8474431257012,8477098257012,chi lo faccia questa è veramente impressionante perché non ne ha alcun bisogno e questo vuol,-0.1869,-0.107,0.795,0.1931,9.955,0.2084,0.0,dwelling,45.9585152,8.9371376,0.115,0.0,2,contextual,0.9,2.67,201.7,20.3,63.8,1.0,0.00095,0.00015,0.0,0.3723,0.4022,0.445,it,2,contextual,0.9,Opinion and contextual explanation
943,5067.17,5067.31,8485636257012,8485777257012,Grazie.,-0.3223,0.0231,1.095,0.0,10.043,0.0686,0.0,dwelling,45.9585152,8.9371367,0.0,0.0,3,aside,1.0,0.14,189.7,1.5,4.4,1.0,0.00086,0.00011,0.0,,,,it,3,aside,1.0,Procedural social comment
944,5070.85,5074.87,8489324257012,8493338257012,è ancora parte di un momento rinascimentale che noi...,0.1879,-0.3612,0.424,0.2824,9.949,0.1017,0.0,dwelling,45.9585152,8.9371367,0.634,0.0,2,contextual,1.0,4.02,220.8,27.4,106.9,1.0,0.00098,0.00032,0.0,0.3954,0.4659,0.5237,it,2,contextual,1.0,Historical period framing
945,5080.38,5087.63,8498847257012,8506104257012,"In cui diciamo che l'interesse è solo, che il centro dell'interesse dell'opera artistica è essere umano, invece no, perché guardate come loro definiscono.",0.2746,-0.2953,0.44,0.2614,9.957,0.1542,0.0,dwelling,45.9585152,8.9371367,0.0,0.111,2,contextual,0.9,7.25,207.3,62.8,225.2,0.643,0.00118,0.00026,0.0,0.4576,0.4831,0.5222,it,2,contextual,0.9,General framing of artistic focus.
946,5088.15,5089.65,8506625257012,8508116257012,definiscono gli elementi della natura.,-0.39,-0.1894,0.992,0.0425,10.01,0.0771,0.0,dwelling,45.9585152,8.9371367,0.0,0.0,2,contextual,0.9,1.5,,,,0.0,0.00116,0.00013,0.0,0.4644,0.5206,0.4061,it,2,contextual,0.9,Continues general framing of artistic focus.
947,5091.06,5097.88,8509533257012,8516349257012,"E questo per me è un grande insegnamento, non so come sarà per voi, ma per me è davvero bello.",-0.3943,-0.2608,1.031,0.0838,9.996,0.0779,0.0,dwelling,45.9585152,8.9371367,0.0,0.0,3,aside,1.0,6.82,66.0,3.4,14.6,0.551,0.00118,0.00043,0.0,0.2364,0.2939,0.3178,it,3,aside,1.0,"Personal reflection, expert's opinion."
948,5097.96,5098.1,8516429257012,8516570257012,Grazie.,-0.154,0.0024,0.866,0.0,9.99,0.0532,0.0,dwelling,45.9585152,8.9371367,0.0,0.0,3,aside,1.0,0.14,65.0,0.0,0.0,1.0,0.00052,9e-05,0.0,,,,it,3,aside,1.0,"Social utterance, filler."
949,5101.81,5103.14,8520285257012,8521608257012,Ma qui c'è una macchia grigia.,0.2009,-0.521,0.325,0.0882,9.9,0.1832,0.0,dwelling,45.9585152,8.9371367,0.0,0.0,1,concrete,1.0,1.33,176.8,7.1,30.4,0.714,0.00114,0.00017,0.0,0.362,0.4251,0.5908,it,1,concrete,1.0,Points to a specific tangible feature.
950,5103.16,5105.06,8521628257012,8523532257012,Qui c'è una macchia grigia.,0.2213,-0.4258,0.301,0.0106,9.913,0.1291,0.0,dwelling,45.9585152,8.9371367,0.0,0.105,1,concrete,1.0,1.9,180.6,13.6,43.8,0.35,0.00131,0.00024,0.0,0.5419,0.5316,0.6421,it,1,concrete,1.0,Points to a specific tangible feature.
951,5112.74,5113.1,8531206257012,8531567257012,Grazie.,-0.0183,-0.4148,0.135,0.0595,9.797,0.0576,0.0,dwelling,45.9585152,8.9371367,1.0,0.0,3,aside,1.0,0.36,176.0,11.9,38.2,1.0,0.00088,0.00013,0.0,,,,it,3,aside,1.0,"Social utterance, filler."
952,5124.36,5128.12,8542835257012,8546590257012,"Siamo partiti dalla natura, abbiamo visto tre sviluppi dello spazio sacro.",-0.1573,-0.5473,0.26,0.1672,9.834,0.1585,0.0,dwelling,45.9585152,8.9371367,1.0,1.0,2,contextual,0.9,3.76,230.9,20.2,96.5,1.0,0.00122,0.00026,0.0,0.5548,0.5539,0.5372,it,2,contextual,0.9,"High-level summary, framing of walk topics."
953,5131.16,5132.61,8549632257012,8551083257012,che si relazionano.,-0.0268,-0.2364,0.459,0.2572,9.922,0.2856,0.0,scanning,45.9585152,8.9371357,0.0,0.0,2,contextual,0.9,1.45,195.6,30.5,91.4,0.957,0.00115,0.00026,0.0,0.4547,0.5058,0.4165,it,2,contextual,0.9,"Continues high-level summary, framing of topics."
954,5165.04,5165.08,8583513257012,8583553257012,Sì,-0.2131,-0.2722,0.39,0.0,10.253,0.4559,0.0,scanning,45.958519,8.9371338,0.0,0.0,3,aside,1.0,0.04,,,,,,,,,,,it,3,aside,1.0,"Filler, interjection."
955,5173.04,5173.26,8591512257012,8591733257012,Certo.,0.2148,-0.3512,0.335,0.0091,9.975,0.1648,0.0,dwelling,45.958519,8.9371338,0.0,0.0,3,aside,1.0,0.22,153.7,1.0,2.7,1.0,0.00076,8e-05,0.0,,,,it,3,aside,1.0,"Filler, interjection."
956,5180.69,5185.41,8599156257012,8603877257012,perché Cristo dice io sono la porta e c'è un simbolismo solare.,-0.2521,-0.3088,0.566,0.0448,9.964,0.1113,0.0,dwelling,45.958519,8.9371338,0.0,0.0,2,contextual,0.9,4.72,104.4,39.3,141.7,0.568,0.0011,0.00038,0.0,0.365,0.4136,0.5899,it,2,contextual,0.9,Explains symbolic/religious context and meaning.
957,5189.66,5189.81,8608133257012,8608278257012,Mm-hmm.,-0.2763,-0.3156,0.404,0.0,9.555,0.2646,0.0,scanning,45.958519,8.9371338,0.0,0.0,3,aside,1.0,0.15,136.9,8.4,21.9,1.0,0.00671,0.00353,0.2,,,,it,3,aside,1.0,"Non-lexical utterance, filler."
958,5190.03,5190.55,8608501257012,8609022257012,Así que es muy normal.,-0.32,-0.3121,0.422,0.0185,9.936,0.0696,0.0,dwelling,45.958519,8.9371338,0.0,0.0,2,contextual,0.9,0.52,191.6,15.7,50.3,1.0,0.00149,0.00013,0.0,0.462,0.4785,0.4336,es,2,contextual,0.9,General comment or conclusion.
959,5190.61,5192.18,8609083257012,8610647257012,Yo soy la luz del mundo.,-0.3382,-0.299,0.465,0.0218,9.964,0.0209,0.0,dwelling,45.958519,8.9371338,0.0,0.0,2,contextual,0.9,1.57,187.3,7.5,28.8,0.44,0.00111,0.00013,0.0,0.2924,0.3558,0.4879,es,2,contextual,0.9,"Provides symbolic/religious context, example."
960,5197.3,5198.81,8615774257012,8617276257012,"Es un simbolismo fuerte, fuertísimo.",-0.2835,-0.1989,0.575,0.0991,9.985,0.2806,0.0,scanning,45.958519,8.9371328,0.0,0.0,2,contextual,0.9,1.51,107.2,13.4,68.0,0.958,0.00523,0.00225,0.0,0.0684,0.2012,0.4104,es,2,contextual,0.9,Framing the significance of symbolism.
961,5211.61,5214.42,8630084257012,8632893257012,"Sí, hay un pájaro, hay un pájaro por ahí.",-0.1188,-0.0382,0.646,0.1784,9.997,0.5863,0.0,scanning,45.958519,8.9371328,0.0,0.0,1,concrete,1.0,2.81,111.5,7.9,47.1,0.511,0.00177,0.0016,0.0,-0.0967,0.0182,0.1824,es,1,concrete,1.0,Direct observation of object in space.
962,5220.03,5220.43,8638501257012,8638902257012,"Sí, se ha colado.",-0.2707,0.0485,0.86,0.0241,9.835,0.6762,0.0,scanning,45.958519,8.9371319,0.0,0.0,1,concrete,1.0,0.4,117.3,7.3,24.7,0.692,0.00257,0.00166,0.0,0.0681,0.1646,0.3898,es,1,concrete,1.0,Comment on observed object's presence.
963,5220.47,5221.25,8638942257012,8639724257012,"Estaba yo, pobre.",0.0812,0.0612,0.769,0.1503,10.012,1.617,0.0,scanning,45.958519,8.9371319,0.0,0.0,3,aside,1.0,0.78,106.0,9.4,33.9,0.68,0.00188,0.00088,0.0,0.0227,0.1541,0.3749,es,3,aside,1.0,"Personal comment, aside."
964,5232.33,5232.53,8650798257012,8650999257012,Ocabitur.,0.2918,0.1293,0.52,0.0074,10.015,0.1814,0.0,dwelling,45.958519,8.9371309,0.0,0.0,1,concrete,0.9,0.2,140.1,6.8,20.2,1.0,0.00187,0.00043,0.0,,,,es,1,concrete,0.9,Quoting text explaining space's meaning.
965,5232.55,5233.11,8651019257012,8651580257012,Santitud.,0.122,0.2511,0.566,0.0739,10.055,0.157,0.0,dwelling,45.958519,8.9371309,0.0,0.0,1,concrete,0.9,0.56,123.9,16.0,47.4,0.889,0.00148,0.00045,0.0,0.411,0.4613,0.5014,es,1,concrete,0.9,Concept explaining space's meaning.
966,5234.91,5235.99,8653383257012,8654465257012,Ocabitur.,0.0657,0.141,0.682,0.0559,10.082,0.322,0.0,scanning,45.958519,8.9371309,0.0,0.0,1,concrete,0.9,1.08,147.8,45.3,184.8,0.971,0.00189,0.00087,0.0,-0.0203,0.1151,0.2701,es,1,concrete,0.9,Quoting text explaining space's meaning.
967,5241.77,5241.93,8660236257012,8660397257012,Domine.,-0.02,0.208,0.512,0.0,10.038,0.7428,0.0,scanning,45.958519,8.93713,0.0,0.0,1,concrete,0.9,0.16,121.0,9.1,27.6,1.0,0.00582,0.00144,0.0,,,,es,1,concrete,0.9,Quoting text explaining space's meaning.
968,5266.67,5266.85,8685140257012,8685321257012,Tu casa.,-0.2725,-0.3839,0.627,0.0,9.998,0.3522,0.0,scanning,45.958519,8.93713,0.0,0.0,1,concrete,1.0,0.18,238.6,9.6,27.0,1.0,0.00109,0.00015,0.0,,,,es,1,concrete,1.0,Relates quote directly to physical space.
969,5273.85,5274.31,8692315257012,8692780257012,Mocavitur.,0.0079,0.1791,0.573,0.0114,10.061,0.0571,0.0,dwelling,45.958519,8.937129,0.0,0.0,1,concrete,0.9,0.46,119.5,8.2,37.6,1.0,0.00373,0.00078,0.0,0.2128,0.3032,0.4752,es,1,concrete,0.9,Quoting text explaining space's meaning.
970,5280.03,5280.73,8698501257012,8699202257012,La casa se vuelve domus mea.,0.2736,0.2361,0.602,0.0466,10.063,0.2589,0.0,scanning,45.958519,8.937129,0.0,0.0,1,concrete,1.0,0.7,210.8,19.7,56.6,1.0,0.00139,0.00026,0.0,0.639,0.5899,0.5846,es,1,concrete,1.0,Explains symbolic transformation of the space.
971,5288.98,5289.44,8707445257012,8707915257012,las oraciones,-0.0548,0.1826,0.577,0.0208,10.06,0.0549,0.0,dwelling,45.958519,8.9371281,0.0,0.0,1,concrete,0.9,0.46,193.6,17.4,65.7,1.0,0.00119,0.00015,0.0,0.4548,0.4704,0.5137,es,1,concrete,0.9,Refers to practices related to the space.
972,5300.2,5303.81,8718667257012,8722279257012,"Sirvite edificata, así edificada con fuerza.",-0.0336,0.1432,0.621,0.1238,10.035,0.3539,0.0,scanning,45.958519,8.9371271,0.0,0.0,1,concrete,0.9,3.61,89.7,29.5,86.1,0.929,0.00261,0.00171,0.0,-0.0034,0.1253,0.25,es,1,concrete,0.9,Explains nature/design of the building.
973,5315.24,5315.37,8733715257012,8733838257012,Domín.,0.1191,0.2011,0.585,0.0032,10.108,0.2042,0.0,dwelling,45.958519,8.9371252,0.0,0.0,1,concrete,0.9,0.13,136.3,13.5,35.4,1.0,0.00312,0.00091,0.0,,,,es,1,concrete,0.9,Quoting text explaining space's meaning.
974,5326.48,5326.85,8744954257012,8745316257012,"Bueno, fantástico.",0.2032,-0.202,0.487,0.0441,9.873,0.6573,0.0,scanning,45.958519,8.9371233,0.0,0.0,3,aside,1.0,0.37,113.6,2.4,8.6,1.0,0.00486,0.00129,0.0,,,,es,3,aside,1.0,"General evaluative comment, filler."
975,5343.24,5343.78,8761707257012,8762248257012,"Una cero ocho, sí.",0.2237,-0.497,0.383,0.2022,10.17,1.0451,0.0,scanning,45.958519,8.9371204,0.0,0.0,3,aside,0.9,0.54,106.4,8.0,37.5,1.0,0.00471,0.0016,0.0,0.0598,0.1438,0.3302,es,3,aside,0.9,Procedural confirmation
976,5356.37,5357.55,8774836257012,8776017257012,En San Juan se abrirá en torno a San Juan.,0.014,-0.5562,0.326,0.0147,9.967,0.36,0.922,walking,45.958477,8.9368706,0.0,1.0,3,aside,0.7,1.18,119.6,5.1,20.3,0.568,0.00421,0.0014,0.0,0.0796,0.16,0.3,es,3,aside,0.7,"Vague event, not core content or context"
977,5357.61,5357.99,8776077257012,8776458257012,"Sí, así es.",-0.051,-0.5902,0.329,0.0358,9.582,0.2375,0.898,walking,45.9584656,8.9368658,0.0,0.25,3,aside,0.95,0.38,181.6,5.6,14.5,1.0,0.00339,0.00106,0.0,,,,es,3,aside,0.95,Confirmation/filler
978,5365.53,5366.48,8783999257012,8784952257012,"Bueno, paro, ¿no?",0.0349,-0.42,0.606,0.2157,10.037,1.4734,0.43,scanning,45.9584389,8.9368496,0.0,0.7,3,aside,1.0,0.95,100.2,20.7,78.4,0.967,0.00542,0.0021,0.0,0.2222,0.2899,0.3251,es,3,aside,1.0,Procedural talk about stopping
979,5366.77,5367.15,8785236257012,8785622257012,¿Paramos?,0.1153,-0.2079,1.043,0.0196,9.513,1.2741,0.43,scanning,45.9584351,8.9368486,0.0,1.0,3,aside,1.0,0.38,230.4,32.4,104.4,1.0,0.00369,0.00218,0.0,,,,es,3,aside,1.0,Procedural talk about stopping
